measurement_id,timestamp_utc,session_id,is_enrollment,item_id,container_type,formulation,nominal_content,state,substitute_content,drift_label,antenna,placement_index,temperature_C,humidity_pct,s_parameter,f_start_MHz,f_stop_MHz,f_step_MHz,n_points,f0_MHz,mag_peak_dB,phase_at_f0_deg,bw_3dB_MHz,Q_factor,eps_real_true,loss_tangent_true,eps_real_estimated,ref_f0_MHz,ref_bw_MHz,ref_Q,ref_mag_dB,ref_eps,ref_n,ref_sd_MHz,delta_f0_MHz,delta_bw_MHz,delta_Q,delta_mag_dB,delta_eps_real,residual_norm,_gt_b_item_MHz,_gt_placement_MHz,_gt_placement_repeatable_MHz,_gt_state_shift_MHz,_gt_noise_MHz
M00001,2026-09-16 14:30:06,S1,True,VIA-01-001,Vial,Aqueous injectable (0.9% NaCl base),Saline injectable,Fresh,,none,"ANT-A (double-ridged horn, ETS 3115)",1,24.84,44.6,S11,2800.0,3200.0,0.01,40001,2954.2824,-3.877,4.76,40.6417,72.69,73.5048,0.17,72.4743,2950.086633333334,40.81,72.29,-3.9019999999999997,73.95043333333332,3,3.9960497448523045,4.1958,-0.1683,0.4,0.025,-1.4761,1.05,0.3526,2.6201,-0.8647,0.0617,-0.0087
M00002,2026-09-16 14:30:12,S1,True,VIA-01-001,Vial,Aqueous injectable (0.9% NaCl base),Saline injectable,Fresh,,none,"ANT-A (double-ridged horn, ETS 3115)",2,24.46,64.5,S11,2800.0,3200.0,0.01,40001,2949.6516,-3.977,-3.68,41.046,71.86,73.6058,0.17,74.1017,2950.086633333334,40.81,72.29,-3.9019999999999997,73.95043333333332,3,3.9960497448523045,-0.435,0.236,-0.43,-0.075,0.1513,0.109,0.3526,-1.6981,1.996,0.0986,-0.071
M00003,2026-09-16 14:30:19,S1,True,VIA-01-001,Vial,Aqueous injectable (0.9% NaCl base),Saline injectable,Fresh,,none,"ANT-A (double-ridged horn, ETS 3115)",3,24.38,63.1,S11,2800.0,3200.0,0.01,40001,2946.3259,-3.852,-15.73,40.7423,72.32,73.627,0.17,75.2753,2950.086633333334,40.81,72.29,-3.9019999999999997,73.95043333333332,3,3.9960497448523045,-3.7607,-0.0677,0.03,0.05,1.3249,0.941,0.3526,-4.8176,-4.4578,-0.1128,-0.0055
M00004,2026-09-16 14:30:25,S1,True,VIA-01-001,Vial,Aqueous injectable (0.9% NaCl base),Saline injectable,Fresh,,none,ANT-B (directional dipole),1,24.62,62.8,S11,2800.0,3200.0,0.01,40001,2934.53,-3.672,-4.23,47.3302,62.0,73.561,0.17,73.7121,2936.5032333333334,48.344500000000004,60.76333333333333,-3.6983333333333337,73.01503333333334,3,1.769012821698285,-1.9732,-1.0143,1.237,0.026,0.6971,1.115,0.3526,-0.5338,-0.9972,-0.1358,-0.0199
M00005,2026-09-16 14:30:32,S1,True,VIA-01-001,Vial,Aqueous injectable (0.9% NaCl base),Saline injectable,Fresh,,none,ANT-B (directional dipole),2,23.46,61.5,S11,2800.0,3200.0,0.01,40001,2937.9472,-3.718,16.52,49.5852,59.25,73.8703,0.17,72.5052,2936.5032333333334,48.344500000000004,60.76333333333333,-3.6983333333333337,73.01503333333334,3,1.769012821698285,1.444,1.2407,-1.513,-0.02,-0.5098,0.816,0.3526,3.7853,1.9516,-0.2323,0.0491
M00006,2026-09-16 14:30:38,S1,True,VIA-01-001,Vial,Aqueous injectable (0.9% NaCl base),Saline injectable,Fresh,,none,ANT-B (directional dipole),3,24.15,49.5,S11,2800.0,3200.0,0.01,40001,2937.0325,-3.705,17.45,48.1181,61.04,73.6867,0.17,72.8278,2936.5032333333334,48.344500000000004,60.76333333333333,-3.6983333333333337,73.01503333333334,3,1.769012821698285,0.5293,-0.2264,0.277,-0.007,-0.1872,0.299,0.3526,2.0292,6.0478,-0.0277,0.1671
M00007,2026-09-16 14:30:44,S1,True,VIA-01-002,Vial,Aqueous injectable (0.9% NaCl base),Saline injectable,Fresh,,none,"ANT-A (double-ridged horn, ETS 3115)",1,24.31,59.6,S11,2800.0,3200.0,0.01,40001,2945.1727,-3.962,-6.47,44.2617,66.54,74.2266,0.17,75.6831,2946.3349,41.778933333333335,70.64666666666666,-3.9616666666666664,75.27243333333332,3,1.7026404552928778,-1.1622,2.4828,-4.107,-0.0,0.4107,0.683,-0.6633,-1.4562,-0.8647,0.0374,-0.1757
M00008,2026-09-16 14:30:51,S1,True,VIA-01-002,Vial,Aqueous injectable (0.9% NaCl base),Saline injectable,Fresh,,none,"ANT-A (double-ridged horn, ETS 3115)",2,24.56,60.7,S11,2800.0,3200.0,0.01,40001,2948.2893,-3.988,8.15,40.3662,73.04,74.1585,0.17,74.582,2946.3349,41.778933333333335,70.64666666666666,-3.9616666666666664,75.27243333333332,3,1.7026404552928778,1.9544,-1.4127,2.393,-0.026,-0.6904,1.148,-0.6633,1.1863,1.996,-0.086,0.227
M00009,2026-09-16 14:30:57,S1,True,VIA-01-002,Vial,Aqueous injectable (0.9% NaCl base),Saline injectable,Fresh,,none,"ANT-A (double-ridged horn, ETS 3115)",3,25.04,66.3,S11,2800.0,3200.0,0.01,40001,2945.5427,-3.935,-4.66,40.7089,72.36,74.032,0.17,75.5522,2946.3349,41.778933333333335,70.64666666666666,-3.9616666666666664,75.27243333333332,3,1.7026404552928778,-0.7922,-1.07,1.713,0.027,0.2798,0.465,-0.6633,-1.8311,-4.4578,0.0027,0.0475
M00010,2026-09-16 14:31:04,S1,True,VIA-01-002,Vial,Aqueous injectable (0.9% NaCl base),Saline injectable,Fresh,,none,ANT-B (directional dipole),1,24.5,66.2,S11,2800.0,3200.0,0.01,40001,2922.9786,-3.633,-21.76,51.0704,57.23,74.1761,0.17,77.8234,2930.803633333333,50.86686666666666,57.61666666666667,-3.644666666666667,75.039,3,6.99603640809112,-7.825,0.2035,-0.387,0.012,2.7844,1.118,-0.6633,-7.4414,-0.9972,-0.1189,-0.1619
M00011,2026-09-16 14:31:10,S1,True,VIA-01-002,Vial,Aqueous injectable (0.9% NaCl base),Saline injectable,Fresh,,none,ANT-B (directional dipole),2,25.07,43.8,S11,2800.0,3200.0,0.01,40001,2932.978,-3.704,13.23,50.7054,57.84,74.023,0.17,74.2617,2930.803633333333,50.86686666666666,57.61666666666667,-3.644666666666667,75.039,3,6.99603640809112,2.1744,-0.1615,0.223,-0.059,-0.7773,0.311,-0.6633,1.673,1.9516,0.1809,-0.0121
M00012,2026-09-16 14:31:16,S1,True,VIA-01-002,Vial,Aqueous injectable (0.9% NaCl base),Saline injectable,Fresh,,none,ANT-B (directional dipole),3,25.07,50.1,S11,2800.0,3200.0,0.01,40001,2936.4543,-3.597,13.38,50.8248,57.78,74.0238,0.17,73.0319,2930.803633333333,50.86686666666666,57.61666666666667,-3.644666666666667,75.039,3,6.99603640809112,5.6507,-0.0421,0.163,0.048,-2.0071,0.808,-0.6633,5.0228,6.0478,0.0237,0.2738
M00013,2026-09-16 14:31:23,S1,True,VIA-01-003,Vial,Aqueous injectable (0.9% NaCl base),Saline injectable,Fresh,,none,"ANT-A (double-ridged horn, ETS 3115)",1,24.73,74.5,S11,2800.0,3200.0,0.01,40001,2947.0701,-4.0,6.41,40.2641,73.19,74.7529,0.17,75.0123,2943.611066666667,40.9355,71.91666666666667,-3.792333333333333,76.24063333333334,3,6.074375574767549,3.459,-0.6714,1.273,-0.208,-1.2283,0.569,-0.7191,-0.3346,-0.8647,-0.0896,-0.0807
M00014,2026-09-16 14:31:29,S1,True,VIA-01-003,Vial,Aqueous injectable (0.9% NaCl base),Saline injectable,Fresh,,none,"ANT-A (double-ridged horn, ETS 3115)",2,23.77,53.7,S11,2800.0,3200.0,0.01,40001,2947.1659,-4.084,-6.37,41.1253,71.66,75.011,0.17,74.9785,2943.611066666667,40.9355,71.91666666666667,-3.792333333333333,76.24063333333334,3,6.074375574767549,3.5548,0.1898,-0.257,-0.292,-1.2621,0.585,-0.7191,0.0541,1.996,0.1692,0.0971
M00015,2026-09-16 14:31:36,S1,True,VIA-01-003,Vial,Aqueous injectable (0.9% NaCl base),Saline injectable,Fresh,,none,"ANT-A (double-ridged horn, ETS 3115)",3,24.33,69.4,S11,2800.0,3200.0,0.01,40001,2936.5972,-3.293,-35.54,41.4171,70.9,74.8598,0.17,78.7311,2943.611066666667,40.9355,71.91666666666667,-3.792333333333333,76.24063333333334,3,6.074375574767549,-7.0139,0.4816,-1.017,0.499,2.4905,1.155,-0.7191,-10.8324,-4.4578,0.0809,0.0758
M00016,2026-09-16 14:31:42,S1,True,VIA-01-003,Vial,Aqueous injectable (0.9% NaCl base),Saline injectable,Fresh,,none,ANT-B (directional dipole),1,24.8,61.7,S11,2800.0,3200.0,0.01,40001,2931.9492,-3.858,14.84,48.7033,60.2,74.7339,0.17,74.6264,2935.1155,49.16716666666667,59.71666666666667,-3.6523333333333334,73.5083,3,5.238887417190923,-3.1663,-0.4639,0.483,-0.206,1.1181,0.604,-0.7191,0.3443,-0.9972,0.006,0.1849
M00017,2026-09-16 14:31:48,S1,True,VIA-01-003,Vial,Aqueous injectable (0.9% NaCl base),Saline injectable,Fresh,,none,ANT-B (directional dipole),2,24.52,58.8,S11,2800.0,3200.0,0.01,40001,2932.2347,-3.701,-6.35,48.3486,60.65,74.809,0.17,74.5252,2935.1155,49.16716666666667,59.71666666666667,-3.6523333333333334,73.5083,3,5.238887417190923,-2.8808,-0.8186,0.933,-0.049,1.0169,0.55,-0.7191,1.0657,1.9516,0.0213,-0.0549
M00018,2026-09-16 14:31:55,S1,True,VIA-01-003,Vial,Aqueous injectable (0.9% NaCl base),Saline injectable,Fresh,,none,ANT-B (directional dipole),3,24.92,51.7,S11,2800.0,3200.0,0.01,40001,2941.1626,-3.398,37.78,50.4496,58.3,74.7016,0.17,71.3733,2935.1155,49.16716666666667,59.71666666666667,-3.6523333333333334,73.5083,3,5.238887417190923,6.0471,1.2824,-1.417,0.254,-2.135,1.154,-0.7191,9.3538,6.0478,0.1052,0.1988
M00019,2026-09-16 14:32:01,S1,True,VIA-01-004,Vial,Aqueous injectable (0.9% NaCl base),Saline injectable,Fresh,,none,"ANT-A (double-ridged horn, ETS 3115)",1,25.48,68.9,S11,2800.0,3200.0,0.01,40001,2947.9938,-3.867,7.06,39.9288,73.83,74.2212,0.17,74.6862,2946.515266666667,40.158433333333335,73.38333333333333,-3.894,75.2094,3,3.0051414780895436,1.4785,-0.2296,0.447,0.027,-0.5232,0.492,0.8702,1.8077,-0.8647,0.2472,0.1591
M00020,2026-09-16 14:32:08,S1,True,VIA-01-004,Vial,Aqueous injectable (0.9% NaCl base),Saline injectable,Fresh,,none,"ANT-A (double-ridged horn, ETS 3115)",2,24.51,47.6,S11,2800.0,3200.0,0.01,40001,2948.4947,-3.864,0.74,39.776,74.13,74.4803,0.17,74.5095,2946.515266666667,40.158433333333335,73.38333333333333,-3.894,75.2094,3,3.0051414780895436,1.9794,-0.3824,0.747,0.03,-0.6999,0.659,0.8702,3.7066,1.996,-0.2179,-0.0264
M00021,2026-09-16 14:32:14,S1,True,VIA-01-004,Vial,Aqueous injectable (0.9% NaCl base),Saline injectable,Fresh,,none,"ANT-A (double-ridged horn, ETS 3115)",3,24.05,49.7,S11,2800.0,3200.0,0.01,40001,2943.0573,-3.951,8.25,40.7705,72.19,74.6039,0.17,76.4325,2946.515266666667,40.158433333333335,73.38333333333333,-3.894,75.2094,3,3.0051414780895436,-3.458,0.6121,-1.193,-0.057,1.2231,1.151,0.8702,-1.339,-4.4578,-0.1214,-0.1583
M00022,2026-09-16 14:32:20,S1,True,VIA-01-004,Vial,Aqueous injectable (0.9% NaCl base),Saline injectable,Fresh,,none,ANT-B (directional dipole),1,24.54,65.3,S11,2800.0,3200.0,0.01,40001,2924.3368,-3.627,-9.37,53.2243,54.94,74.4718,0.17,77.3375,2930.8251999999998,50.21966666666666,58.48666666666667,-3.6183333333333336,75.03383333333333,3,8.336984968200335,-6.4884,3.0046,-3.547,-0.009,2.3037,0.778,0.8702,-4.5044,-0.9972,0.0062,-0.0298
M00023,2026-09-16 14:32:27,S1,True,VIA-01-004,Vial,Aqueous injectable (0.9% NaCl base),Saline injectable,Fresh,,none,ANT-B (directional dipole),2,25.0,60.1,S11,2800.0,3200.0,0.01,40001,2927.9106,-3.774,-6.54,47.5313,61.6,74.3492,0.17,76.0621,2930.8251999999998,50.21966666666666,58.48666666666667,-3.6183333333333336,75.03383333333333,3,8.336984968200335,-2.9146,-2.6884,3.113,-0.156,1.0283,0.35,0.8702,-1.6386,1.9516,0.1521,0.1807
M00024,2026-09-16 14:32:33,S1,True,VIA-01-004,Vial,Aqueous injectable (0.9% NaCl base),Saline injectable,Fresh,,none,ANT-B (directional dipole),3,24.9,63.2,S11,2800.0,3200.0,0.01,40001,2940.2282,-3.454,38.55,49.9034,58.92,74.3755,0.17,71.7019,2930.8251999999998,50.21966666666666,58.48666666666667,-3.6183333333333336,75.03383333333333,3,8.336984968200335,9.403,-0.3163,0.433,0.164,-3.3319,1.128,0.8702,10.8637,6.0478,0.0119,0.2116
M00025,2026-09-16 14:32:40,S1,True,VIA-02-001,Vial,Dextrose 5% injectable,Dextrose injectable,Fresh,,none,"ANT-A (double-ridged horn, ETS 3115)",1,23.93,50.0,S11,2800.0,3200.0,0.01,40001,2960.1619,-3.775,1.54,37.5574,78.82,70.5398,0.155,69.9572,2959.6769,39.059599999999996,75.86666666666666,-3.685333333333334,70.12873333333333,3,5.507539468764639,0.485,-1.5022,2.953,-0.09,-0.1715,0.088,0.8112,-1.136,-0.8647,0.2336,-0.0284
M00026,2026-09-16 14:32:46,S1,True,VIA-02-001,Vial,Dextrose 5% injectable,Dextrose injectable,Fresh,,none,"ANT-A (double-ridged horn, ETS 3115)",2,25.3,56.5,S11,2800.0,3200.0,0.01,40001,2964.9259,-3.748,3.62,40.8914,72.51,70.1915,0.155,68.3119,2959.6769,39.059599999999996,75.86666666666666,-3.685333333333334,70.12873333333333,3,5.507539468764639,5.249,1.8318,-3.357,-0.063,-1.8168,0.953,0.8112,2.8253,1.996,-0.0565,0.0667
M00027,2026-09-16 14:32:52,S1,True,VIA-02-001,Vial,Dextrose 5% injectable,Dextrose injectable,Fresh,,none,"ANT-A (double-ridged horn, ETS 3115)",3,24.65,56.6,S11,2800.0,3200.0,0.01,40001,2953.9429,-3.533,-24.23,38.73,76.27,70.3569,0.155,72.1171,2959.6769,39.059599999999996,75.86666666666666,-3.685333333333334,70.12873333333333,3,5.507539468764639,-5.734,-0.3296,0.403,0.152,1.9884,1.041,0.8112,-7.6222,-4.4578,0.0477,-0.0991
M00028,2026-09-16 14:32:59,S1,True,VIA-02-001,Vial,Dextrose 5% injectable,Dextrose injectable,Fresh,,none,ANT-B (directional dipole),1,23.92,58.3,S11,2800.0,3200.0,0.01,40001,2938.9668,-3.502,-17.08,47.3677,62.05,70.5415,0.155,71.6726,2945.6589,47.14966666666667,62.47666666666667,-3.5340000000000003,69.3435,3,6.037313550744153,-6.6921,0.218,-0.427,0.032,2.3291,1.108,0.8112,-5.9253,-0.9972,0.0276,0.0571
M00029,2026-09-16 14:33:05,S1,True,VIA-02-001,Vial,Dextrose 5% injectable,Dextrose injectable,Fresh,,none,ANT-B (directional dipole),2,24.73,56.0,S11,2800.0,3200.0,0.01,40001,2947.3135,-3.591,21.48,47.1413,62.52,70.3371,0.155,68.7647,2945.6589,47.14966666666667,62.47666666666667,-3.5340000000000003,69.3435,3,6.037313550744153,1.6546,-0.0084,0.043,-0.057,-0.5788,0.274,0.8112,1.9645,1.9516,-0.0502,0.0097
M00030,2026-09-16 14:33:12,S1,True,VIA-02-001,Vial,Dextrose 5% injectable,Dextrose injectable,Fresh,,none,ANT-B (directional dipole),3,25.16,57.8,S11,2800.0,3200.0,0.01,40001,2950.6964,-3.509,19.49,46.94,62.86,70.228,0.155,67.5932,2945.6589,47.14966666666667,62.47666666666667,-3.5340000000000003,69.3435,3,6.037313550744153,5.0375,-0.2097,0.383,0.025,-1.7503,0.834,0.8112,5.0425,6.0478,-0.0791,0.0328
M00031,2026-09-16 14:33:18,S1,True,VIA-02-002,Vial,Dextrose 5% injectable,Dextrose injectable,Fresh,,none,"ANT-A (double-ridged horn, ETS 3115)",1,25.44,69.8,S11,2800.0,3200.0,0.01,40001,2959.6334,-3.95,0.71,36.3948,81.32,69.9253,0.155,70.1403,2958.4364333333338,38.30213333333333,77.33999999999999,-3.7336666666666667,70.55883333333334,3,5.615358601490375,1.197,-1.9073,3.98,-0.216,-0.4185,0.213,0.4257,-0.3081,-0.8647,0.1282,0.167
M00032,2026-09-16 14:33:24,S1,True,VIA-02-002,Vial,Dextrose 5% injectable,Dextrose injectable,Fresh,,none,"ANT-A (double-ridged horn, ETS 3115)",2,24.58,52.6,S11,2800.0,3200.0,0.01,40001,2963.3568,-3.689,10.04,39.0511,75.88,70.1412,0.155,68.8529,2958.4364333333338,38.30213333333333,77.33999999999999,-3.7336666666666667,70.55883333333334,3,5.615358601490375,4.9204,0.749,-1.46,0.045,-1.7059,0.876,0.4257,4.1385,1.996,0.0138,0.1843
M00033,2026-09-16 14:33:31,S1,True,VIA-02-002,Vial,Dextrose 5% injectable,Dextrose injectable,Fresh,,none,"ANT-A (double-ridged horn, ETS 3115)",3,24.62,65.7,S11,2800.0,3200.0,0.01,40001,2952.3191,-3.562,-23.87,39.4605,74.82,70.1326,0.155,72.6833,2958.4364333333338,38.30213333333333,77.33999999999999,-3.7336666666666667,70.55883333333334,3,5.615358601490375,-6.1173,1.1584,-2.52,0.172,2.1245,1.089,0.4257,-6.3105,-4.4578,-0.1824,-0.2332
M00034,2026-09-16 14:33:37,S1,True,VIA-02-002,Vial,Dextrose 5% injectable,Dextrose injectable,Fresh,,none,ANT-B (directional dipole),1,24.25,66.3,S11,2800.0,3200.0,0.01,40001,2941.1312,-3.576,-7.64,46.1528,63.73,70.226,0.155,70.9162,2947.8617666666664,47.740133333333326,61.82333333333333,-3.4766666666666666,68.57863333333334,3,5.84986037810602,-6.7306,-1.5873,1.907,-0.099,2.3376,1.151,0.4257,-1.4343,-0.9972,0.0494,0.0118
M00035,2026-09-16 14:33:44,S1,True,VIA-02-002,Vial,Dextrose 5% injectable,Dextrose injectable,Fresh,,none,ANT-B (directional dipole),2,25.15,52.1,S11,2800.0,3200.0,0.01,40001,2950.7316,-3.43,28.76,50.0333,58.98,69.9984,0.155,67.581,2947.8617666666664,47.740133333333326,61.82333333333333,-3.4766666666666666,68.57863333333334,3,5.84986037810602,2.8698,2.2932,-2.843,0.047,-0.9976,0.491,0.4257,7.5846,1.9516,0.0284,-0.0421
M00036,2026-09-16 14:33:50,S1,True,VIA-02-002,Vial,Dextrose 5% injectable,Dextrose injectable,Fresh,,none,ANT-B (directional dipole),3,24.35,60.3,S11,2800.0,3200.0,0.01,40001,2951.7225,-3.424,32.36,47.0343,62.76,70.2004,0.155,67.2387,2947.8617666666664,47.740133333333326,61.82333333333333,-3.4766666666666666,68.57863333333334,3,5.84986037810602,3.8607,-0.7058,0.937,0.053,-1.3399,0.66,0.4257,9.0035,6.0478,0.1278,0.013
M00037,2026-09-16 14:33:56,S1,True,VIA-02-003,Vial,Dextrose 5% injectable,Dextrose injectable,Fresh,,none,"ANT-A (double-ridged horn, ETS 3115)",1,25.93,55.3,S11,2800.0,3200.0,0.01,40001,2963.726,-3.759,3.36,38.4234,77.13,70.5372,0.155,68.7255,2961.5673666666667,38.934733333333334,76.07,-3.7976666666666667,69.4726,3,3.6970261837500664,2.1586,-0.5113,1.06,0.039,-0.7471,0.584,2.307,1.1479,-0.8647,0.0389,-0.0169
M00038,2026-09-16 14:34:03,S1,True,VIA-02-003,Vial,Dextrose 5% injectable,Dextrose injectable,Fresh,,none,"ANT-A (double-ridged horn, ETS 3115)",2,23.82,58.2,S11,2800.0,3200.0,0.01,40001,2963.6776,-3.877,9.95,39.1669,75.67,71.075,0.155,68.7423,2961.5673666666667,38.934733333333334,76.07,-3.7976666666666667,69.4726,3,3.6970261837500664,2.1102,0.2322,-0.4,-0.079,-0.7303,0.571,2.307,2.2968,1.996,0.0942,0.2692
M00039,2026-09-16 14:34:09,S1,True,VIA-02-003,Vial,Dextrose 5% injectable,Dextrose injectable,Fresh,,none,"ANT-A (double-ridged horn, ETS 3115)",3,23.85,61.9,S11,2800.0,3200.0,0.01,40001,2957.2985,-3.757,-7.82,39.2139,75.41,71.0676,0.155,70.95,2961.5673666666667,38.934733333333334,76.07,-3.7976666666666667,69.4726,3,3.6970261837500664,-4.2689,0.2792,-0.66,0.041,1.4774,1.155,2.307,-3.8668,-4.4578,0.1086,0.0179
M00040,2026-09-16 14:34:16,S1,True,VIA-02-003,Vial,Dextrose 5% injectable,Dextrose injectable,Fresh,,none,ANT-B (directional dipole),1,23.98,61.8,S11,2800.0,3200.0,0.01,40001,2939.7421,-3.532,-10.16,48.5992,60.49,71.0349,0.155,71.4015,2945.010733333333,47.578833333333336,61.93333333333334,-3.558,69.56843333333333,3,5.7612525463941955,-5.2686,1.0204,-1.443,0.026,1.8331,0.914,2.307,-5.3067,-0.9972,0.0995,0.0897
M00041,2026-09-16 14:34:22,S1,True,VIA-02-003,Vial,Dextrose 5% injectable,Dextrose injectable,Fresh,,none,ANT-B (directional dipole),2,24.8,53.0,S11,2800.0,3200.0,0.01,40001,2944.1275,-3.652,-11.87,48.0996,61.21,70.8254,0.155,69.8718,2945.010733333333,47.578833333333336,61.93333333333334,-3.558,69.56843333333333,3,5.7612525463941955,-0.8832,0.5208,-0.723,-0.094,0.3034,0.153,2.307,-1.1692,1.9516,0.0087,-0.1675
M00042,2026-09-16 14:34:28,S1,True,VIA-02-003,Vial,Dextrose 5% injectable,Dextrose injectable,Fresh,,none,ANT-B (directional dipole),3,24.41,55.0,S11,2800.0,3200.0,0.01,40001,2951.1626,-3.49,18.1,46.0377,64.1,70.9265,0.155,67.432,2945.010733333333,47.578833333333336,61.93333333333334,-3.558,69.56843333333333,3,5.7612525463941955,6.1519,-1.5411,2.167,0.068,-2.1364,1.068,2.307,5.8104,6.0478,-0.0298,0.2143
M00043,2026-09-16 14:34:35,S1,True,VIA-02-004,Vial,Dextrose 5% injectable,Dextrose injectable,Fresh,,none,"ANT-A (double-ridged horn, ETS 3115)",1,25.37,51.2,S11,2800.0,3200.0,0.01,40001,2958.5999,-3.797,1.81,38.6791,76.49,70.8974,0.155,70.4984,2957.751866666667,40.15776666666667,73.76666666666667,-3.7603333333333335,70.7941,3,3.547992773855898,0.848,-1.4787,2.723,-0.037,-0.2957,0.239,1.5589,0.2384,-0.8647,0.1419,0.1694
M00044,2026-09-16 14:34:41,S1,True,VIA-02-004,Vial,Dextrose 5% injectable,Dextrose injectable,Fresh,,none,"ANT-A (double-ridged horn, ETS 3115)",2,24.58,60.7,S11,2800.0,3200.0,0.01,40001,2960.799,-3.741,12.88,42.4066,69.82,71.0975,0.155,69.7367,2957.751866666667,40.15776666666667,73.76666666666667,-3.7603333333333335,70.7941,3,3.547992773855898,3.0471,2.2488,-3.947,0.019,-1.0574,0.859,1.5589,3.454,1.996,-0.039,-0.0877
M00045,2026-09-16 14:34:48,S1,True,VIA-02-004,Vial,Dextrose 5% injectable,Dextrose injectable,Fresh,,none,"ANT-A (double-ridged horn, ETS 3115)",3,25.11,61.8,S11,2800.0,3200.0,0.01,40001,2953.8567,-3.743,-16.7,39.3876,74.99,70.9641,0.155,72.1472,2957.751866666667,40.15776666666667,73.76666666666667,-3.7603333333333335,70.7941,3,3.547992773855898,-3.8952,-0.7702,1.223,0.017,1.3531,1.098,1.5589,-3.9823,-4.4578,-0.0244,0.006
M00046,2026-09-16 14:34:54,S1,True,VIA-02-004,Vial,Dextrose 5% injectable,Dextrose injectable,Fresh,,none,ANT-B (directional dipole),1,24.31,57.1,S11,2800.0,3200.0,0.01,40001,2944.322,-3.57,12.92,48.2388,61.04,71.1674,0.155,69.8041,2946.0145333333335,49.27976666666666,59.800000000000004,-3.5096666666666665,69.21756666666667,3,4.01818709162895,-1.6925,-1.041,1.24,-0.06,0.5865,0.421,1.5589,3.123,-0.9972,-0.0479,0.2325
M00047,2026-09-16 14:35:00,S1,True,VIA-02-004,Vial,Dextrose 5% injectable,Dextrose injectable,Fresh,,none,ANT-B (directional dipole),2,24.71,62.2,S11,2800.0,3200.0,0.01,40001,2943.1195,-3.616,12.59,50.3317,58.47,71.0657,0.155,70.2228,2946.0145333333335,49.27976666666666,59.800000000000004,-3.5096666666666665,69.21756666666667,3,4.01818709162895,-2.895,1.0519,-1.33,-0.106,1.0052,0.72,1.5589,1.8573,1.9516,-0.0766,0.0321
M00048,2026-09-16 14:35:07,S1,True,VIA-02-004,Vial,Dextrose 5% injectable,Dextrose injectable,Fresh,,none,ANT-B (directional dipole),3,24.59,62.2,S11,2800.0,3200.0,0.01,40001,2950.6021,-3.343,33.41,49.2688,59.89,71.0954,0.155,67.6258,2946.0145333333335,49.27976666666666,59.800000000000004,-3.5096666666666665,69.21756666666667,3,4.01818709162895,4.5876,-0.011,0.09,0.167,-1.5918,1.142,1.5589,9.1384,6.0478,0.1923,0.0502
M00049,2026-09-16 14:35:13,S1,True,VIA-03-001,Vial,Reconstituted lyophilised antibiotic,Reconstituted powder,Fresh,,none,"ANT-A (double-ridged horn, ETS 3115)",1,25.18,65.4,S11,2800.0,3200.0,0.01,40001,2967.559,-4.008,-10.04,42.0509,70.57,67.7897,0.185,68.7581,2967.614133333334,42.806533333333334,69.33999999999999,-3.9659999999999997,68.74183333333333,3,5.136421926140071,-0.0551,-0.7556,1.23,-0.042,0.0163,0.011,1.2065,-2.7511,-0.8647,0.0741,-0.034
M00050,2026-09-16 14:35:20,S1,True,VIA-03-001,Vial,Reconstituted lyophilised antibiotic,Reconstituted powder,Fresh,,none,"ANT-A (double-ridged horn, ETS 3115)",2,25.47,56.6,S11,2800.0,3200.0,0.01,40001,2972.7779,-4.189,-0.04,43.3996,68.5,67.7173,0.185,66.933,2967.614133333334,42.806533333333334,69.33999999999999,-3.9659999999999997,68.74183333333333,3,5.136421926140071,5.1638,0.5931,-0.84,-0.223,-1.8088,1.005,1.2065,2.0856,1.996,0.1894,0.0248
M00051,2026-09-16 14:35:26,S1,True,VIA-03-001,Vial,Reconstituted lyophilised antibiotic,Reconstituted powder,Fresh,,none,"ANT-A (double-ridged horn, ETS 3115)",3,24.64,58.4,S11,2800.0,3200.0,0.01,40001,2962.5055,-3.701,-15.38,42.9691,68.95,67.9201,0.185,70.5344,2967.614133333334,42.806533333333334,69.33999999999999,-3.9659999999999997,68.74183333333333,3,5.136421926140071,-5.1086,0.1626,-0.39,0.265,1.7926,0.995,1.2065,-7.2101,-4.4578,-0.049,-0.1306
M00052,2026-09-16 14:35:32,S1,True,VIA-03-001,Vial,Reconstituted lyophilised antibiotic,Reconstituted powder,Fresh,,none,ANT-B (directional dipole),1,24.46,52.0,S11,2800.0,3200.0,0.01,40001,2954.4719,-3.79,9.13,53.9066,54.81,67.9638,0.185,67.6199,2956.3107,52.3683,56.47666666666667,-3.7916666666666665,66.97486666666667,3,2.1657838049998444,-1.8388,1.5383,-1.667,0.002,0.645,0.849,1.2065,1.0158,-0.9972,-0.0683,0.081
M00053,2026-09-16 14:35:39,S1,True,VIA-03-001,Vial,Reconstituted lyophilised antibiotic,Reconstituted powder,Fresh,,none,ANT-B (directional dipole),2,24.48,66.9,S11,2800.0,3200.0,0.01,40001,2958.698,-3.822,6.81,51.4701,57.48,67.9606,0.185,66.138,2956.3107,52.3683,56.47666666666667,-3.7916666666666665,66.97486666666667,3,2.1657838049998444,2.3873,-0.8982,1.003,-0.03,-0.8369,1.102,1.2065,5.1353,1.9516,0.0184,0.0916
M00054,2026-09-16 14:35:45,S1,True,VIA-03-001,Vial,Reconstituted lyophilised antibiotic,Reconstituted powder,Fresh,,none,ANT-B (directional dipole),3,25.15,55.2,S11,2800.0,3200.0,0.01,40001,2955.7622,-3.763,5.65,51.7282,57.14,67.7961,0.185,67.1667,2956.3107,52.3683,56.47666666666667,-3.7916666666666665,66.97486666666667,3,2.1657838049998444,-0.5485,-0.6401,0.663,0.029,0.1918,0.253,1.2065,1.8539,6.0478,-0.0425,0.028
M00055,2026-09-16 14:35:52,S1,True,VIA-03-002,Vial,Reconstituted lyophilised antibiotic,Reconstituted powder,Fresh,,none,"ANT-A (double-ridged horn, ETS 3115)",1,24.81,63.2,S11,2800.0,3200.0,0.01,40001,2966.2967,-4.06,-2.92,42.233,70.24,68.4997,0.185,69.2009,2965.7019333333337,42.46866666666667,69.83999999999999,-4.0809999999999995,69.41096666666667,3,3.1864565340410076,0.5948,-0.2357,0.4,0.021,-0.2101,0.187,-2.8023,-1.1494,-0.8647,0.1199,-0.0531
M00056,2026-09-16 14:35:58,S1,True,VIA-03-002,Vial,Reconstituted lyophilised antibiotic,Reconstituted powder,Fresh,,none,"ANT-A (double-ridged horn, ETS 3115)",2,24.21,57.2,S11,2800.0,3200.0,0.01,40001,2968.5491,-4.146,1.18,42.9812,69.07,68.6482,0.185,68.411,2965.7019333333337,42.46866666666667,69.83999999999999,-4.0809999999999995,69.41096666666667,3,3.1864565340410076,2.8472,0.5125,-0.77,-0.065,-1.0,0.894,-2.8023,1.8324,1.996,-0.2775,0.0351
M00057,2026-09-16 14:36:04,S1,True,VIA-03-002,Vial,Reconstituted lyophilised antibiotic,Reconstituted powder,Fresh,,none,"ANT-A (double-ridged horn, ETS 3115)",3,24.54,59.8,S11,2800.0,3200.0,0.01,40001,2962.26,-4.037,-12.66,42.1918,70.21,68.5655,0.185,70.621,2965.7019333333337,42.46866666666667,69.83999999999999,-4.0809999999999995,69.41096666666667,3,3.1864565340410076,-3.4419,-0.2769,0.37,0.044,1.21,1.08,-2.8023,-4.8546,-4.4578,-0.0004,-0.0781
M00058,2026-09-16 14:36:11,S1,True,VIA-03-002,Vial,Reconstituted lyophilised antibiotic,Reconstituted powder,Fresh,,none,ANT-B (directional dipole),1,24.75,63.4,S11,2800.0,3200.0,0.01,40001,2953.6432,-3.875,11.07,51.7265,57.1,68.5142,0.185,67.9112,2952.1005999999998,51.776199999999996,57.01666666666667,-3.779666666666667,68.45603333333334,3,3.9584438242825883,1.5426,-0.0497,0.083,-0.095,-0.5448,0.39,-2.8023,2.6104,-0.9972,0.0155,0.0139
M00059,2026-09-16 14:36:17,S1,True,VIA-03-002,Vial,Reconstituted lyophilised antibiotic,Reconstituted powder,Fresh,,none,ANT-B (directional dipole),2,25.13,53.4,S11,2800.0,3200.0,0.01,40001,2947.6031,-3.723,-15.65,52.0883,56.59,68.4207,0.185,70.0421,2952.1005999999998,51.776199999999996,57.01666666666667,-3.779666666666667,68.45603333333334,3,3.9584438242825883,-4.4975,0.3121,-0.427,0.057,1.5861,1.136,-2.8023,-3.7144,1.9516,-0.0255,0.0762
M00060,2026-09-16 14:36:24,S1,True,VIA-03-002,Vial,Reconstituted lyophilised antibiotic,Reconstituted powder,Fresh,,none,ANT-B (directional dipole),3,23.29,48.9,S11,2800.0,3200.0,0.01,40001,2955.0555,-3.741,23.28,51.5138,57.36,68.8748,0.185,67.4148,2952.1005999999998,51.776199999999996,57.01666666666667,-3.779666666666667,68.45603333333334,3,3.9584438242825883,2.9549,-0.2624,0.343,0.039,-1.0412,0.746,-2.8023,5.2387,6.0478,-0.198,0.0263
M00061,2026-09-16 14:36:30,S1,True,VIA-03-003,Vial,Reconstituted lyophilised antibiotic,Reconstituted powder,Fresh,,none,"ANT-A (double-ridged horn, ETS 3115)",1,24.73,70.2,S11,2800.0,3200.0,0.01,40001,2972.775,-4.132,-9.21,39.7716,74.75,67.7409,0.185,66.934,2970.9085,40.67933333333333,73.05333333333333,-3.967,67.5883,3,4.7629304792323435,1.8665,-0.9077,1.697,-0.165,-0.6543,0.392,-0.433,-1.0812,-0.8647,-0.0088,-0.1371
M00062,2026-09-16 14:36:36,S1,True,VIA-03-003,Vial,Reconstituted lyophilised antibiotic,Reconstituted powder,Fresh,,none,"ANT-A (double-ridged horn, ETS 3115)",2,24.1,57.2,S11,2800.0,3200.0,0.01,40001,2974.4555,-4.195,7.03,41.4274,71.8,67.8947,0.185,66.3484,2970.9085,40.67933333333333,73.05333333333333,-3.967,67.5883,3,4.7629304792323435,3.547,0.7481,-1.253,-0.228,-1.2399,0.745,-0.433,0.8102,1.996,-0.0458,0.1213
M00063,2026-09-16 14:36:43,S1,True,VIA-03-003,Vial,Reconstituted lyophilised antibiotic,Reconstituted powder,Fresh,,none,"ANT-A (double-ridged horn, ETS 3115)",3,25.34,50.4,S11,2800.0,3200.0,0.01,40001,2965.495,-3.574,-23.67,40.839,72.61,67.5925,0.185,69.4825,2970.9085,40.67933333333333,73.05333333333333,-3.967,67.5883,3,4.7629304792323435,-5.4135,0.1597,-0.443,0.393,1.8942,1.137,-0.433,-8.7001,-4.4578,-0.0086,-0.2159
M00064,2026-09-16 14:36:49,S1,True,VIA-03-003,Vial,Reconstituted lyophilised antibiotic,Reconstituted powder,Fresh,,none,ANT-B (directional dipole),1,23.68,65.6,S11,2800.0,3200.0,0.01,40001,2956.5814,-3.871,3.38,51.8395,57.03,67.9949,0.185,66.8794,2960.3872333333334,50.44873333333334,58.73666666666667,-3.766,65.54873333333335,3,3.3440330475839035,-3.8058,1.3908,-1.707,-0.105,1.3307,1.138,-0.433,-0.3924,-0.9972,-0.0468,0.0872
M00065,2026-09-16 14:36:56,S1,True,VIA-03-003,Vial,Reconstituted lyophilised antibiotic,Reconstituted powder,Fresh,,none,ANT-B (directional dipole),2,24.95,58.0,S11,2800.0,3200.0,0.01,40001,2962.8552,-3.709,15.67,51.2043,57.86,67.6878,0.185,64.6864,2960.3872333333334,50.44873333333334,58.73666666666667,-3.766,65.54873333333335,3,3.3440330475839035,2.468,0.7556,-0.877,0.057,-0.8623,0.738,-0.433,5.369,1.9516,-0.1502,-0.1557
M00066,2026-09-16 14:37:02,S1,True,VIA-03-003,Vial,Reconstituted lyophilised antibiotic,Reconstituted powder,Fresh,,none,ANT-B (directional dipole),3,23.44,56.9,S11,2800.0,3200.0,0.01,40001,2961.7251,-3.718,11.64,48.3024,61.32,68.0554,0.185,65.0804,2960.3872333333334,50.44873333333334,58.73666666666667,-3.766,65.54873333333335,3,3.3440330475839035,1.3379,-2.1463,2.583,0.048,-0.4683,0.4,-0.433,4.7993,6.0478,0.0187,0.1426
M00067,2026-09-16 14:37:08,S1,True,VIA-03-004,Vial,Reconstituted lyophilised antibiotic,Reconstituted powder,Fresh,,none,"ANT-A (double-ridged horn, ETS 3115)",1,23.58,45.2,S11,2800.0,3200.0,0.01,40001,2964.4512,-4.056,-15.78,42.6562,69.5,67.7881,0.185,69.8494,2964.7493,42.90436666666667,69.14333333333333,-4.026,69.74486666666667,3,1.5596644286511203,-0.2981,-0.2482,0.357,-0.03,0.1045,0.191,-1.1552,-2.7497,-0.8647,0.0301,-0.2208
M00068,2026-09-16 14:37:15,S1,True,VIA-03-004,Vial,Reconstituted lyophilised antibiotic,Reconstituted powder,Fresh,,none,"ANT-A (double-ridged horn, ETS 3115)",2,24.96,51.3,S11,2800.0,3200.0,0.01,40001,2966.4365,-4.076,-1.86,44.3319,66.91,67.4537,0.185,69.1518,2964.7493,42.90436666666667,69.14333333333333,-4.026,69.74486666666667,3,1.5596644286511203,1.6872,1.4275,-2.233,-0.05,-0.5931,1.082,-1.1552,-1.8334,1.996,-0.1251,0.0394
M00069,2026-09-16 14:37:21,S1,True,VIA-03-004,Vial,Reconstituted lyophilised antibiotic,Reconstituted powder,Fresh,,none,"ANT-A (double-ridged horn, ETS 3115)",3,24.61,59.4,S11,2800.0,3200.0,0.01,40001,2963.3602,-3.946,-13.66,41.725,71.02,67.5381,0.185,70.2334,2964.7493,42.90436666666667,69.14333333333333,-4.026,69.74486666666667,3,1.5596644286511203,-1.3891,-1.1794,1.877,0.08,0.4885,0.891,-1.1552,-4.9016,-4.4578,0.1209,0.0283
M00070,2026-09-16 14:37:28,S1,True,VIA-03-004,Vial,Reconstituted lyophilised antibiotic,Reconstituted powder,Fresh,,none,ANT-B (directional dipole),1,25.27,49.1,S11,2800.0,3200.0,0.01,40001,2954.8106,-3.876,16.42,52.1719,56.64,67.3789,0.185,67.5009,2958.4895666666666,52.056933333333326,56.833333333333336,-3.7289999999999996,66.21213333333334,3,3.1930280461239744,-3.679,0.115,-0.193,-0.147,1.2888,1.152,-1.1552,2.3442,-0.9972,0.2354,-0.0079
M00071,2026-09-16 14:37:34,S1,True,VIA-03-004,Vial,Reconstituted lyophilised antibiotic,Reconstituted powder,Fresh,,none,ANT-B (directional dipole),2,25.24,58.9,S11,2800.0,3200.0,0.01,40001,2960.5396,-3.598,29.77,51.7909,57.16,67.3865,0.185,65.4942,2958.4895666666666,52.056933333333326,56.833333333333336,-3.7289999999999996,66.21213333333334,3,3.1930280461239744,2.05,-0.266,0.327,0.131,-0.7179,0.642,-1.1552,8.3189,1.9516,0.0475,-0.044
M00072,2026-09-16 14:37:40,S1,True,VIA-03-004,Vial,Reconstituted lyophilised antibiotic,Reconstituted powder,Fresh,,none,ANT-B (directional dipole),3,25.22,56.0,S11,2800.0,3200.0,0.01,40001,2960.1185,-3.713,32.04,52.208,56.7,67.3902,0.185,65.6413,2958.4895666666666,52.056933333333326,56.833333333333336,-3.7289999999999996,66.21213333333334,3,3.1930280461239744,1.6289,0.1511,-0.133,0.016,-0.5708,0.51,-1.1552,7.7373,6.0478,0.0708,0.1037
M00073,2026-09-16 14:37:47,S1,True,VIA-04-001,Vial,Buffered protein formulation,Biologic solution,Fresh,,none,"ANT-A (double-ridged horn, ETS 3115)",1,24.82,49.9,S11,2800.0,3200.0,0.01,40001,2950.6023,-3.705,-20.21,38.9852,75.69,72.048,0.16,74.1589,2952.5370666666663,39.29656666666667,75.22,-3.6986666666666665,73.47703333333334,3,4.113929885563653,-1.9348,-0.3114,0.47,-0.006,0.6819,0.47,0.2135,-4.5028,-0.8647,-0.1011,0.1218
M00074,2026-09-16 14:37:53,S1,True,VIA-04-001,Vial,Buffered protein formulation,Biologic solution,Fresh,,none,"ANT-A (double-ridged horn, ETS 3115)",2,25.0,54.7,S11,2800.0,3200.0,0.01,40001,2957.2617,-3.785,1.23,37.8821,78.06,72.0012,0.16,71.8106,2952.5370666666663,39.29656666666667,75.22,-3.6986666666666665,73.47703333333334,3,4.113929885563653,4.7246,-1.4145,2.84,-0.086,-1.6664,1.148,0.2135,2.013,1.996,0.0911,-0.0608
M00075,2026-09-16 14:38:00,S1,True,VIA-04-001,Vial,Buffered protein formulation,Biologic solution,Fresh,,none,"ANT-A (double-ridged horn, ETS 3115)",3,25.63,57.8,S11,2800.0,3200.0,0.01,40001,2949.7472,-3.606,-22.29,41.0224,71.91,71.8391,0.16,74.4616,2952.5370666666663,39.29656666666667,75.22,-3.6986666666666665,73.47703333333334,3,4.113929885563653,-2.7899,1.7258,-3.31,0.093,0.9846,0.678,0.2135,-6.1354,-4.4578,0.1335,0.0664
M00076,2026-09-16 14:38:06,S1,True,VIA-04-001,Vial,Buffered protein formulation,Biologic solution,Fresh,,none,ANT-B (directional dipole),1,25.99,56.4,S11,2800.0,3200.0,0.01,40001,2942.8121,-3.73,11.68,49.5457,59.4,71.7466,0.16,71.17,2941.772033333333,49.41329999999999,59.53333333333333,-3.6016666666666666,71.54116666666667,3,5.833655945745665,1.0401,0.1324,-0.133,-0.128,-0.3712,0.178,0.2135,3.2006,-0.9972,0.1158,-0.1962
M00077,2026-09-16 14:38:12,S1,True,VIA-04-001,Vial,Buffered protein formulation,Biologic solution,Fresh,,none,ANT-B (directional dipole),2,25.06,71.9,S11,2800.0,3200.0,0.01,40001,2935.4883,-3.651,-17.54,49.2752,59.57,71.9874,0.16,73.763,2941.772033333333,49.41329999999999,59.53333333333333,-3.6016666666666666,71.54116666666667,3,5.833655945745665,-6.2837,-0.1381,0.037,-0.049,2.2218,1.077,0.2135,-3.6956,1.9516,0.1126,0.0652
M00078,2026-09-16 14:38:19,S1,True,VIA-04-001,Vial,Buffered protein formulation,Biologic solution,Fresh,,none,ANT-B (directional dipole),3,24.61,58.8,S11,2800.0,3200.0,0.01,40001,2947.0157,-3.424,19.41,49.419,59.63,72.1022,0.16,69.6905,2941.772033333333,49.41329999999999,59.53333333333333,-3.6016666666666666,71.54116666666667,3,5.833655945745665,5.2437,0.0057,0.097,0.178,-1.8507,0.899,0.2135,8.4614,6.0478,-0.1546,0.0294
M00079,2026-09-16 14:38:25,S1,True,VIA-04-002,Vial,Buffered protein formulation,Biologic solution,Fresh,,none,"ANT-A (double-ridged horn, ETS 3115)",1,25.13,56.0,S11,2800.0,3200.0,0.01,40001,2960.0073,-3.876,0.62,37.3818,79.18,71.4629,0.16,70.8471,2961.469833333333,37.91363333333333,78.12666666666667,-3.8386666666666667,70.3356,3,2.421726991907314,-1.4625,-0.5318,1.053,-0.037,0.5115,0.604,-0.7221,-1.1345,-0.8647,-0.0672,0.0397
M00080,2026-09-16 14:38:32,S1,True,VIA-04-002,Vial,Buffered protein formulation,Biologic solution,Fresh,,none,"ANT-A (double-ridged horn, ETS 3115)",2,25.14,62.6,S11,2800.0,3200.0,0.01,40001,2964.2652,-3.766,15.56,37.7078,78.61,71.4596,0.16,69.3581,2961.469833333333,37.91363333333333,78.12666666666667,-3.8386666666666667,70.3356,3,2.421726991907314,2.7954,-0.2058,0.483,0.073,-0.9775,1.154,-0.7221,2.8464,1.996,-0.0419,0.2822
M00081,2026-09-16 14:38:38,S1,True,VIA-04-002,Vial,Buffered protein formulation,Biologic solution,Fresh,,none,"ANT-A (double-ridged horn, ETS 3115)",3,25.27,64.5,S11,2800.0,3200.0,0.01,40001,2960.137,-3.874,-3.39,38.6513,76.59,71.4268,0.16,70.8016,2961.469833333333,37.91363333333333,78.12666666666667,-3.8386666666666667,70.3356,3,2.421726991907314,-1.3328,0.7377,-1.537,-0.035,0.466,0.55,-0.7221,-1.314,-4.4578,0.021,0.1595
M00082,2026-09-16 14:38:44,S1,True,VIA-04-002,Vial,Buffered protein formulation,Biologic solution,Fresh,,none,ANT-B (directional dipole),1,25.1,62.0,S11,2800.0,3200.0,0.01,40001,2938.9059,-3.584,-14.43,49.131,59.82,71.4693,0.16,72.5506,2946.0194666666666,48.63673333333333,60.576666666666675,-3.5573333333333337,70.0459,3,6.688132501926788,-7.1136,0.4943,-0.757,-0.027,2.5047,1.064,-0.7221,-5.791,-0.9972,-0.0561,-0.109
M00083,2026-09-16 14:38:51,S1,True,VIA-04-002,Vial,Buffered protein formulation,Biologic solution,Fresh,,none,ANT-B (directional dipole),2,25.53,54.7,S11,2800.0,3200.0,0.01,40001,2946.9726,-3.55,15.86,48.2842,61.03,71.3597,0.16,69.7056,2946.0194666666666,48.63673333333333,60.576666666666675,-3.5573333333333337,70.0459,3,6.688132501926788,0.9531,-0.3525,0.453,0.007,-0.3403,0.143,-0.7221,2.1044,1.9516,-0.1275,-0.1723
M00084,2026-09-16 14:38:57,S1,True,VIA-04-002,Vial,Buffered protein formulation,Biologic solution,Fresh,,none,ANT-B (directional dipole),3,25.1,63.1,S11,2800.0,3200.0,0.01,40001,2952.1799,-3.538,14.91,48.495,60.88,71.4693,0.16,67.8815,2946.0194666666666,48.63673333333333,60.576666666666675,-3.5573333333333337,70.0459,3,6.688132501926788,6.1604,-0.1417,0.303,0.019,-2.1644,0.921,-0.7221,7.1614,6.0478,0.0157,0.1407
M00085,2026-09-16 14:39:04,S1,True,VIA-04-003,Vial,Buffered protein formulation,Biologic solution,Fresh,,none,"ANT-A (double-ridged horn, ETS 3115)",1,24.99,61.1,S11,2800.0,3200.0,0.01,40001,2959.8443,-3.738,12.53,38.1718,77.54,72.1049,0.16,70.9042,2958.6337333333336,37.60166666666667,78.70666666666666,-3.825333333333333,71.32960000000001,3,2.608775203679463,1.2106,0.5701,-1.167,0.087,-0.4254,0.464,-0.1832,1.5525,-0.8647,0.0512,0.0327
M00086,2026-09-16 14:39:10,S1,True,VIA-04-003,Vial,Buffered protein formulation,Biologic solution,Fresh,,none,"ANT-A (double-ridged horn, ETS 3115)",2,24.91,58.2,S11,2800.0,3200.0,0.01,40001,2960.4173,-3.842,4.4,37.8931,78.13,72.1249,0.16,70.7034,2958.6337333333336,37.60166666666667,78.70666666666666,-3.825333333333333,71.32960000000001,3,2.608775203679463,1.7836,0.2914,-0.577,-0.017,-0.6262,0.684,-0.1832,2.1809,1.996,0.021,0.0642
M00087,2026-09-16 14:39:16,S1,True,VIA-04-003,Vial,Buffered protein formulation,Biologic solution,Fresh,,none,"ANT-A (double-ridged horn, ETS 3115)",3,23.99,56.6,S11,2800.0,3200.0,0.01,40001,2955.6396,-3.896,-10.45,36.7401,80.45,72.3639,0.16,72.3812,2958.6337333333336,37.60166666666667,78.70666666666666,-3.825333333333333,71.32960000000001,3,2.608775203679463,-2.9941,-0.8616,1.743,-0.071,1.0516,1.148,-0.1832,-1.745,-4.4578,-0.0233,-0.0696
M00088,2026-09-16 14:39:23,S1,True,VIA-04-003,Vial,Buffered protein formulation,Biologic solution,Fresh,,none,ANT-B (directional dipole),1,23.05,53.9,S11,2800.0,3200.0,0.01,40001,2935.8701,-3.616,-20.1,47.7005,61.55,72.6075,0.16,73.6274,2943.010333333333,47.31043333333333,62.21666666666667,-3.5893333333333337,71.10520000000001,3,6.49001281534439,-7.1402,0.3901,-0.667,-0.027,2.5222,1.1,-0.1832,-4.7181,-0.9972,-0.0374,0.0971
M00089,2026-09-16 14:39:29,S1,True,VIA-04-003,Vial,Buffered protein formulation,Biologic solution,Fresh,,none,ANT-B (directional dipole),2,25.09,50.4,S11,2800.0,3200.0,0.01,40001,2944.6099,-3.66,2.66,46.399,63.46,72.0776,0.16,70.5365,2943.010333333333,47.31043333333333,62.21666666666667,-3.5893333333333337,71.10520000000001,3,6.49001281534439,1.5996,-0.9114,1.243,-0.071,-0.5687,0.246,-0.1832,2.6617,1.9516,-0.1379,0.0722
M00090,2026-09-16 14:39:36,S1,True,VIA-04-003,Vial,Buffered protein formulation,Biologic solution,Fresh,,none,ANT-B (directional dipole),3,25.37,79.1,S11,2800.0,3200.0,0.01,40001,2948.551,-3.492,3.95,47.8318,61.64,72.0064,0.16,69.1517,2943.010333333333,47.31043333333333,62.21666666666667,-3.5893333333333337,71.10520000000001,3,6.49001281534439,5.5407,0.5214,-0.577,0.097,-1.9535,0.854,-0.1832,6.3504,6.0478,0.0063,-0.0196
M00091,2026-09-16 14:39:42,S1,True,VIA-04-004,Vial,Buffered protein formulation,Biologic solution,Fresh,,none,"ANT-A (double-ridged horn, ETS 3115)",1,25.15,62.2,S11,2800.0,3200.0,0.01,40001,2959.9533,-3.643,26.98,38.4676,76.95,71.9198,0.16,70.866,2955.7576000000004,39.0161,75.77,-3.828,72.34143333333333,3,3.86097443270468,4.1957,-0.5485,1.18,0.185,-1.4754,1.087,0.2685,5.5767,-0.8647,0.0059,-0.0225
M00092,2026-09-16 14:39:48,S1,True,VIA-04-004,Vial,Buffered protein formulation,Biologic solution,Fresh,,none,"ANT-A (double-ridged horn, ETS 3115)",2,24.3,59.8,S11,2800.0,3200.0,0.01,40001,2954.9652,-3.96,-1.06,39.6563,74.51,72.1399,0.16,72.6187,2955.7576000000004,39.0161,75.77,-3.828,72.34143333333333,3,3.86097443270468,-0.7924,0.6402,-1.26,-0.132,0.2773,0.205,0.2685,1.1227,1.996,0.0306,0.0515
M00093,2026-09-16 14:39:55,S1,True,VIA-04-004,Vial,Buffered protein formulation,Biologic solution,Fresh,,none,"ANT-A (double-ridged horn, ETS 3115)",3,24.02,65.0,S11,2800.0,3200.0,0.01,40001,2952.3543,-3.881,-4.18,38.9244,75.85,72.2132,0.16,73.5396,2955.7576000000004,39.0161,75.77,-3.828,72.34143333333333,3,3.86097443270468,-3.4033,-0.0917,0.08,-0.053,1.1982,0.881,0.2685,-1.0335,-4.4578,-0.0961,-0.0659
M00094,2026-09-16 14:40:01,S1,True,VIA-04-004,Vial,Buffered protein formulation,Biologic solution,Fresh,,none,ANT-B (directional dipole),1,24.35,70.1,S11,2800.0,3200.0,0.01,40001,2932.1062,-3.561,-14.22,48.0228,61.06,72.1272,0.16,74.967,2939.141066666667,48.172599999999996,61.03,-3.545666666666667,72.47276666666666,3,6.684396895257918,-7.0349,-0.1498,0.03,-0.015,2.4942,1.052,0.2685,-5.541,-0.9972,0.1507,-0.0569
M00095,2026-09-16 14:40:08,S1,True,VIA-04-004,Vial,Buffered protein formulation,Biologic solution,Fresh,,none,ANT-B (directional dipole),2,24.9,64.2,S11,2800.0,3200.0,0.01,40001,2939.9082,-3.65,6.95,47.2814,62.18,71.984,0.16,72.1959,2939.141066666667,48.172599999999996,61.03,-3.545666666666667,72.47276666666666,3,6.684396895257918,0.7671,-0.8912,1.15,-0.104,-0.2769,0.115,0.2685,2.0492,1.9516,-0.1487,0.0448
M00096,2026-09-16 14:40:14,S1,True,VIA-04-004,Vial,Buffered protein formulation,Biologic solution,Fresh,,none,ANT-B (directional dipole),3,24.57,57.5,S11,2800.0,3200.0,0.01,40001,2945.4088,-3.426,24.7,49.2136,59.85,72.0693,0.16,70.2554,2939.141066666667,48.172599999999996,61.03,-3.545666666666667,72.47276666666666,3,6.684396895257918,6.2677,1.041,-1.18,0.12,-2.2174,0.938,0.2685,7.6494,6.0478,0.1572,-0.1169
M00097,2026-09-16 14:40:20,S1,True,AMP-05-001,Ampoule,Aqueous small-volume parenteral,Aqueous SVP,Fresh,,none,"ANT-A (double-ridged horn, ETS 3115)",1,24.54,50.1,S11,2800.0,3200.0,0.01,40001,3007.2525,-3.892,-15.68,36.4337,82.54,74.8482,0.175,76.6924,3008.1085000000003,36.2857,82.90333333333332,-3.8143333333333334,76.29453333333333,3,5.854424420043359,-0.856,0.148,-0.363,-0.078,0.3979,0.146,-0.6105,-2.46,-0.8647,0.0334,-0.2925
M00098,2026-09-16 14:40:27,S1,True,AMP-05-001,Ampoule,Aqueous small-volume parenteral,Aqueous SVP,Fresh,,none,"ANT-A (double-ridged horn, ETS 3115)",2,24.3,59.1,S11,2800.0,3200.0,0.01,40001,3014.3438,-3.886,11.96,36.0578,83.6,74.911,0.175,73.3623,3008.1085000000003,36.2857,82.90333333333332,-3.8143333333333334,76.29453333333333,3,5.854424420043359,6.2353,-0.2279,0.697,-0.072,-2.9322,1.065,-0.6105,4.5185,1.996,0.0381,-0.0501
M00099,2026-09-16 14:40:33,S1,True,AMP-05-001,Ampoule,Aqueous small-volume parenteral,Aqueous SVP,Fresh,,none,"ANT-A (double-ridged horn, ETS 3115)",3,24.82,54.5,S11,2800.0,3200.0,0.01,40001,3002.7292,-3.665,-16.53,36.3656,82.57,74.7706,0.175,78.8289,3008.1085000000003,36.2857,82.90333333333332,-3.8143333333333334,76.29453333333333,3,5.854424420043359,-5.3793,0.0799,-0.333,0.149,2.5344,0.919,-0.6105,-7.3237,-4.4578,-0.0727,-0.0117
M00100,2026-09-16 14:40:40,S1,True,AMP-05-001,Ampoule,Aqueous small-volume parenteral,Aqueous SVP,Fresh,,none,ANT-B (directional dipole),1,24.39,53.1,S11,2800.0,3200.0,0.01,40001,2990.5499,-3.701,-10.67,44.6744,66.94,74.8885,0.175,76.77,2995.553933333333,45.292766666666665,66.16666666666667,-3.642,74.41343333333333,3,7.624725378880016,-5.004,-0.6184,0.773,-0.059,2.3566,0.656,-0.6105,-2.8866,-0.9972,-0.1339,0.2417
M00101,2026-09-16 14:40:46,S1,True,AMP-05-001,Ampoule,Aqueous small-volume parenteral,Aqueous SVP,Fresh,,none,ANT-B (directional dipole),2,25.79,67.8,S11,2800.0,3200.0,0.01,40001,2991.7825,-3.781,-1.38,44.496,67.24,74.5113,0.175,76.1862,2995.553933333333,45.292766666666665,66.16666666666667,-3.642,74.41343333333333,3,7.624725378880016,-3.7714,-0.7968,1.073,-0.139,1.7728,0.495,-0.6105,-2.1589,1.9516,-0.0711,-0.1181
M00102,2026-09-16 14:40:52,S1,True,AMP-05-001,Ampoule,Aqueous small-volume parenteral,Aqueous SVP,Fresh,,none,ANT-B (directional dipole),3,24.78,65.8,S11,2800.0,3200.0,0.01,40001,3004.3294,-3.444,21.71,46.7079,64.32,74.7818,0.175,70.2841,2995.553933333333,45.292766666666665,66.16666666666667,-3.642,74.41343333333333,3,7.624725378880016,8.7755,1.4151,-1.847,0.198,-4.1293,1.151,-0.6105,10.5729,6.0478,0.0893,0.1116
M00103,2026-09-16 14:40:59,S1,True,AMP-05-002,Ampoule,Aqueous small-volume parenteral,Aqueous SVP,Fresh,,none,"ANT-A (double-ridged horn, ETS 3115)",1,25.18,65.4,S11,2800.0,3200.0,0.01,40001,3011.4135,-4.088,-2.27,36.3424,82.86,75.0105,0.175,74.7356,3009.5727666666667,36.064766666666664,83.47333333333333,-3.9596666666666667,75.60163333333334,3,3.013810493931699,1.8407,0.2776,-0.613,-0.128,-0.866,0.611,-0.1511,-0.0129,-0.8647,0.0903,-0.0869
M00104,2026-09-16 14:41:05,S1,True,AMP-05-002,Ampoule,Aqueous small-volume parenteral,Aqueous SVP,Fresh,,none,"ANT-A (double-ridged horn, ETS 3115)",2,24.31,50.9,S11,2800.0,3200.0,0.01,40001,3011.2101,-4.007,-0.16,36.6754,82.1,75.2476,0.175,74.831,3009.5727666666667,36.064766666666664,83.47333333333333,-3.9596666666666667,75.60163333333334,3,3.013810493931699,1.6373,0.6106,-1.373,-0.047,-0.7706,0.543,-0.1511,0.3029,1.996,-0.0708,0.0576
M00105,2026-09-16 14:41:12,S1,True,AMP-05-002,Ampoule,Aqueous small-volume parenteral,Aqueous SVP,Fresh,,none,"ANT-A (double-ridged horn, ETS 3115)",3,23.93,57.8,S11,2800.0,3200.0,0.01,40001,3006.0947,-3.784,-11.78,35.1765,85.46,75.35,0.175,77.2383,3009.5727666666667,36.064766666666664,83.47333333333333,-3.9596666666666667,75.60163333333334,3,3.013810493931699,-3.4781,-0.8883,1.987,0.176,1.6367,1.154,-0.1511,-4.8536,-4.4578,0.0566,0.1883
M00106,2026-09-16 14:41:18,S1,True,AMP-05-002,Ampoule,Aqueous small-volume parenteral,Aqueous SVP,Fresh,,none,ANT-B (directional dipole),1,24.34,48.8,S11,2800.0,3200.0,0.01,40001,2999.4907,-3.686,17.29,45.3147,66.19,75.2399,0.175,72.5514,2998.8361,44.1175,68.0,-3.679,72.86026666666667,3,2.832117742962081,0.6546,1.1972,-1.81,-0.007,-0.3089,0.231,-0.1511,5.0413,-0.9972,0.0992,-0.0265
M00107,2026-09-16 14:41:24,S1,True,AMP-05-002,Ampoule,Aqueous small-volume parenteral,Aqueous SVP,Fresh,,none,ANT-B (directional dipole),2,24.71,61.9,S11,2800.0,3200.0,0.01,40001,2995.734,-3.741,4.81,43.6089,68.7,75.1376,0.175,74.3194,2998.8361,44.1175,68.0,-3.679,72.86026666666667,3,2.832117742962081,-3.1021,-0.5086,0.7,-0.062,1.4591,1.095,-0.1511,1.3913,1.9516,-0.0419,-0.2078
M00108,2026-09-16 14:41:31,S1,True,AMP-05-002,Ampoule,Aqueous small-volume parenteral,Aqueous SVP,Fresh,,none,ANT-B (directional dipole),3,24.3,57.7,S11,2800.0,3200.0,0.01,40001,3001.2836,-3.61,20.13,43.4289,69.11,75.2499,0.175,71.71,2998.8361,44.1175,68.0,-3.679,72.86026666666667,3,2.832117742962081,2.4475,-0.6886,1.11,0.069,-1.1503,0.864,-0.1511,7.0527,6.0478,-0.0659,-0.0587
M00109,2026-09-16 14:41:37,S1,True,AMP-05-003,Ampoule,Aqueous small-volume parenteral,Aqueous SVP,Fresh,,none,"ANT-A (double-ridged horn, ETS 3115)",1,24.19,55.3,S11,2800.0,3200.0,0.01,40001,3007.9549,-4.074,-4.16,36.4003,82.64,76.2076,0.175,76.3615,3005.7253333333333,35.70423333333333,84.21,-3.9103333333333334,77.41550000000001,3,4.26068180498541,2.2296,0.6961,-1.57,-0.164,-1.054,0.523,0.7996,-0.7143,-0.8647,0.1287,0.037
M00110,2026-09-16 14:41:44,S1,True,AMP-05-003,Ampoule,Aqueous small-volume parenteral,Aqueous SVP,Fresh,,none,"ANT-A (double-ridged horn, ETS 3115)",2,24.3,58.0,S11,2800.0,3200.0,0.01,40001,3008.4086,-4.167,6.84,34.8993,86.2,76.1779,0.175,76.1479,3005.7253333333333,35.70423333333333,84.21,-3.9103333333333334,77.41550000000001,3,4.26068180498541,2.6833,-0.8049,1.99,-0.257,-1.2676,0.63,0.7996,0.0008,1.996,-0.0877,-0.0713
M00111,2026-09-16 14:41:50,S1,True,AMP-05-003,Ampoule,Aqueous small-volume parenteral,Aqueous SVP,Fresh,,none,"ANT-A (double-ridged horn, ETS 3115)",3,24.01,57.3,S11,2800.0,3200.0,0.01,40001,3000.8125,-3.49,-23.18,35.8131,83.79,76.2569,0.175,79.7371,3005.7253333333333,35.70423333333333,84.21,-3.9103333333333334,77.41550000000001,3,4.26068180498541,-4.9128,0.1089,-0.42,0.42,2.3216,1.153,0.7996,-7.6063,-4.4578,0.0359,-0.0157
M00112,2026-09-16 14:41:56,S1,True,AMP-05-003,Ampoule,Aqueous small-volume parenteral,Aqueous SVP,Fresh,,none,ANT-B (directional dipole),1,23.52,59.1,S11,2800.0,3200.0,0.01,40001,2989.6727,-3.814,-1.94,44.2604,67.55,76.393,0.175,77.1859,2995.0132,45.2734,66.21666666666667,-3.670666666666667,74.6641,3,5.502703816307044,-5.3405,-1.013,1.333,-0.143,2.5218,0.971,0.7996,-1.8631,-0.9972,-0.0969,0.0633
M00113,2026-09-16 14:42:03,S1,True,AMP-05-003,Ampoule,Aqueous small-volume parenteral,Aqueous SVP,Fresh,,none,ANT-B (directional dipole),2,24.34,56.6,S11,2800.0,3200.0,0.01,40001,2994.702,-3.67,7.37,44.2567,67.67,76.1665,0.175,74.8062,2995.0132,45.2734,66.21666666666667,-3.670666666666667,74.6641,3,5.502703816307044,-0.3112,-1.0167,1.453,0.001,0.1421,0.057,0.7996,2.6589,1.9516,-0.1391,0.1328
M00114,2026-09-16 14:42:09,S1,True,AMP-05-003,Ampoule,Aqueous small-volume parenteral,Aqueous SVP,Fresh,,none,ANT-B (directional dipole),3,24.93,60.9,S11,2800.0,3200.0,0.01,40001,3000.6649,-3.528,34.84,47.3031,63.43,76.006,0.175,72.0002,2995.0132,45.2734,66.21666666666667,-3.670666666666667,74.6641,3,5.502703816307044,5.6517,2.0297,-2.787,0.143,-2.6639,1.027,0.7996,8.1923,6.0478,-0.0281,0.1113
M00115,2026-09-16 14:42:16,S1,True,AMP-05-004,Ampoule,Aqueous small-volume parenteral,Aqueous SVP,Fresh,,none,"ANT-A (double-ridged horn, ETS 3115)",1,24.77,53.6,S11,2800.0,3200.0,0.01,40001,3005.4852,-3.988,-14.17,36.6376,82.03,75.2708,0.175,77.526,3006.3537333333334,36.362,82.70666666666666,-3.937,77.1179,3,3.358901542667364,-0.8685,0.2756,-0.677,-0.051,0.4081,0.259,-0.9004,-2.9253,-0.8647,-0.1237,-0.1489
M00116,2026-09-16 14:42:22,S1,True,AMP-05-004,Ampoule,Aqueous small-volume parenteral,Aqueous SVP,Fresh,,none,"ANT-A (double-ridged horn, ETS 3115)",2,24.77,70.3,S11,2800.0,3200.0,0.01,40001,3010.0616,-4.092,6.08,37.0367,81.27,75.2693,0.175,75.3704,3006.3537333333334,36.362,82.70666666666666,-3.937,77.1179,3,3.358901542667364,3.7079,0.6747,-1.437,-0.155,-1.7475,1.104,-0.9004,1.363,1.996,0.1541,-0.1419
M00117,2026-09-16 14:42:28,S1,True,AMP-05-004,Ampoule,Aqueous small-volume parenteral,Aqueous SVP,Fresh,,none,"ANT-A (double-ridged horn, ETS 3115)",3,24.35,56.3,S11,2800.0,3200.0,0.01,40001,3003.5144,-3.731,-7.53,35.4117,84.82,75.3846,0.175,78.4573,3006.3537333333334,36.362,82.70666666666666,-3.937,77.1179,3,3.358901542667364,-2.8393,-0.9503,2.113,0.206,1.3394,0.845,-0.9004,-5.1372,-4.4578,0.1773,0.0341
M00118,2026-09-16 14:42:35,S1,True,AMP-05-004,Ampoule,Aqueous small-volume parenteral,Aqueous SVP,Fresh,,none,ANT-B (directional dipole),1,25.11,63.0,S11,2800.0,3200.0,0.01,40001,2991.047,-3.84,-0.56,42.8244,69.84,75.1766,0.175,76.5344,2996.229633333334,44.40656666666666,67.59333333333333,-3.6653333333333333,74.08966666666667,3,5.017573069057528,-5.1826,-1.5822,2.247,-0.175,2.4447,1.033,-0.9004,-1.4217,-0.9972,0.0764,0.0608
M00119,2026-09-16 14:42:41,S1,True,AMP-05-004,Ampoule,Aqueous small-volume parenteral,Aqueous SVP,Fresh,,none,ANT-B (directional dipole),2,25.35,58.8,S11,2800.0,3200.0,0.01,40001,2996.5779,-3.684,21.49,47.1022,63.62,75.1124,0.175,73.9216,2996.229633333334,44.40656666666666,67.59333333333333,-3.6653333333333333,74.08966666666667,3,5.017573069057528,0.3483,2.6956,-3.973,-0.019,-0.1681,0.069,-0.9004,4.0644,1.9516,-0.0852,0.1306
M00120,2026-09-16 14:42:48,S1,True,AMP-05-004,Ampoule,Aqueous small-volume parenteral,Aqueous SVP,Fresh,,none,ANT-B (directional dipole),3,24.43,58.9,S11,2800.0,3200.0,0.01,40001,3001.064,-3.472,21.4,43.2931,69.32,75.3614,0.175,71.813,2996.229633333334,44.40656666666666,67.59333333333333,-3.6653333333333333,74.08966666666667,3,5.017573069057528,4.8344,-1.1135,1.727,0.193,-2.2767,0.963,-0.9004,9.2164,6.0478,-0.0011,-0.0902
M00121,2026-09-16 14:42:54,S1,True,AMP-06-001,Ampoule,Propylene glycol cosolvent 40%,Cosolvent injectable,Fresh,,none,"ANT-A (double-ridged horn, ETS 3115)",1,25.48,69.3,S11,2800.0,3200.0,0.01,40001,3094.5009,-4.399,-11.8,39.8792,77.6,37.3587,0.22,37.4827,3096.0501666666664,40.143233333333335,77.14333333333333,-4.329666666666667,36.811299999999996,3,3.3532244203651627,-1.5493,-0.264,0.457,-0.069,0.6714,0.462,1.2262,-2.2723,-0.8647,-0.0436,0.0253
M00122,2026-09-16 14:43:00,S1,True,AMP-06-001,Ampoule,Propylene glycol cosolvent 40%,Cosolvent injectable,Fresh,,none,"ANT-A (double-ridged horn, ETS 3115)",2,24.44,66.8,S11,2800.0,3200.0,0.01,40001,3099.8979,-4.286,12.87,39.6066,78.27,37.4988,0.22,35.1427,3096.0501666666664,40.143233333333335,77.14333333333333,-4.329666666666667,36.811299999999996,3,3.3532244203651627,3.8477,-0.5366,1.127,0.044,-1.6686,1.147,1.2262,3.555,1.996,-0.0615,-0.0675
M00123,2026-09-16 14:43:07,S1,True,AMP-06-001,Ampoule,Propylene glycol cosolvent 40%,Cosolvent injectable,Fresh,,none,"ANT-A (double-ridged horn, ETS 3115)",3,25.01,54.0,S11,2800.0,3200.0,0.01,40001,3093.7517,-4.304,-1.01,40.9439,75.56,37.4231,0.22,37.8085,3096.0501666666664,40.143233333333335,77.14333333333333,-4.329666666666667,36.811299999999996,3,3.3532244203651627,-2.2985,0.8007,-1.583,0.026,0.9972,0.685,1.2262,-3.0698,-4.4578,0.0055,0.1715
M00124,2026-09-16 14:43:13,S1,True,AMP-06-001,Ampoule,Propylene glycol cosolvent 40%,Cosolvent injectable,Fresh,,none,ANT-B (directional dipole),1,24.18,54.8,S11,2800.0,3200.0,0.01,40001,3078.8608,-4.077,0.27,49.4358,62.28,37.5349,0.22,36.8805,3083.8266000000003,49.481433333333335,62.34,-3.8829999999999996,34.72483333333333,3,6.979905624004021,-4.9658,-0.0456,-0.06,-0.194,2.1557,0.711,1.2262,-0.6739,-0.9972,-0.039,0.2067
M00125,2026-09-16 14:43:20,S1,True,AMP-06-001,Ampoule,Propylene glycol cosolvent 40%,Cosolvent injectable,Fresh,,none,ANT-B (directional dipole),2,24.57,58.7,S11,2800.0,3200.0,0.01,40001,3080.8118,-4.039,-0.75,48.4305,63.61,37.4819,0.22,36.0296,3083.8266000000003,49.481433333333335,62.34,-3.8829999999999996,34.72483333333333,3,6.979905624004021,-3.0148,-1.0509,1.27,-0.156,1.3048,0.432,1.2262,1.1762,1.9516,-0.0817,0.2299
M00126,2026-09-16 14:43:26,S1,True,AMP-06-001,Ampoule,Propylene glycol cosolvent 40%,Cosolvent injectable,Fresh,,none,ANT-B (directional dipole),3,24.32,54.4,S11,2800.0,3200.0,0.01,40001,3091.8072,-3.533,43.98,50.578,61.13,37.5158,0.22,31.2644,3083.8266000000003,49.481433333333335,62.34,-3.8829999999999996,34.72483333333333,3,6.979905624004021,7.9806,1.0966,-1.21,0.35,-3.4604,1.143,1.2262,12.3947,6.0478,0.1123,-0.1101
M00127,2026-09-16 14:43:32,S1,True,AMP-06-002,Ampoule,Propylene glycol cosolvent 40%,Cosolvent injectable,Fresh,,none,"ANT-A (double-ridged horn, ETS 3115)",1,25.01,65.9,S11,2800.0,3200.0,0.01,40001,3096.1397,-4.34,-3.56,43.7692,70.74,38.5583,0.22,36.7709,3091.9072,41.02533333333333,75.53333333333333,-4.282,38.61493333333333,3,4.781933739608016,4.2325,2.7439,-4.793,-0.058,-1.844,0.885,0.8601,2.867,-0.8647,0.0465,0.0902
M00128,2026-09-16 14:43:39,S1,True,AMP-06-002,Ampoule,Propylene glycol cosolvent 40%,Cosolvent injectable,Fresh,,none,"ANT-A (double-ridged horn, ETS 3115)",2,25.06,53.1,S11,2800.0,3200.0,0.01,40001,3092.862,-4.487,-8.48,39.2854,78.73,38.5522,0.22,38.1958,3091.9072,41.02533333333333,75.53333333333333,-4.282,38.61493333333333,3,4.781933739608016,0.9548,-1.7399,3.197,-0.205,-0.4191,0.2,0.8601,-0.2692,1.996,0.0718,-0.0906
M00129,2026-09-16 14:43:45,S1,True,AMP-06-002,Ampoule,Propylene glycol cosolvent 40%,Cosolvent injectable,Fresh,,none,"ANT-A (double-ridged horn, ETS 3115)",3,24.99,54.2,S11,2800.0,3200.0,0.01,40001,3086.7199,-4.019,-13.48,40.0214,77.13,38.561,0.22,40.8781,3091.9072,41.02533333333333,75.53333333333333,-4.282,38.61493333333333,3,4.781933739608016,-5.1873,-1.0039,1.597,0.263,2.2632,1.085,0.8601,-6.4637,-4.4578,-0.0713,0.1251
M00130,2026-09-16 14:43:52,S1,True,AMP-06-002,Ampoule,Propylene glycol cosolvent 40%,Cosolvent injectable,Fresh,,none,ANT-B (directional dipole),1,24.29,47.6,S11,2800.0,3200.0,0.01,40001,3077.2556,-4.067,10.8,49.1553,62.6,38.6592,0.22,37.5818,3075.3802666666666,48.393100000000004,63.60666666666666,-4.078666666666667,38.4041,3,3.4248635627326345,1.8753,0.7622,-1.007,0.012,-0.8223,0.548,0.8601,1.534,-0.9972,-0.034,-0.1442
M00131,2026-09-16 14:43:58,S1,True,AMP-06-002,Ampoule,Propylene glycol cosolvent 40%,Cosolvent injectable,Fresh,,none,ANT-B (directional dipole),2,24.57,64.5,S11,2800.0,3200.0,0.01,40001,3077.4579,-4.101,6.89,49.6472,61.99,38.6201,0.22,37.4933,3075.3802666666666,48.393100000000004,63.60666666666666,-4.078666666666667,38.4041,3,3.4248635627326345,2.0776,1.2541,-1.617,-0.022,-0.9108,0.607,0.8601,1.3496,1.9516,0.1001,0.0194
M00132,2026-09-16 14:44:04,S1,True,AMP-06-002,Ampoule,Propylene glycol cosolvent 40%,Cosolvent injectable,Fresh,,none,ANT-B (directional dipole),3,24.21,58.3,S11,2800.0,3200.0,0.01,40001,3071.4273,-4.068,-10.51,46.3768,66.23,38.6702,0.22,40.1372,3075.3802666666666,48.393100000000004,63.60666666666666,-4.078666666666667,38.4041,3,3.4248635627326345,-3.953,-2.0163,2.623,0.011,1.7331,1.154,0.8601,-4.1838,6.0478,-0.2063,-0.0575
M00133,2026-09-16 14:44:11,S1,True,AMP-06-003,Ampoule,Propylene glycol cosolvent 40%,Cosolvent injectable,Fresh,,none,"ANT-A (double-ridged horn, ETS 3115)",1,25.01,49.3,S11,2800.0,3200.0,0.01,40001,3088.6084,-4.37,-8.33,38.5731,80.07,38.3031,0.22,40.0517,3090.130833333333,40.26176666666667,76.86,-4.378666666666667,39.38746666666666,3,2.604092234029727,-1.5224,-1.6887,3.21,0.009,0.6642,0.585,-0.806,-2.8846,-0.8647,-0.0132,0.0029
M00134,2026-09-16 14:44:17,S1,True,AMP-06-003,Ampoule,Propylene glycol cosolvent 40%,Cosolvent injectable,Fresh,,none,"ANT-A (double-ridged horn, ETS 3115)",2,23.74,63.5,S11,2800.0,3200.0,0.01,40001,3093.1377,-4.458,-1.41,39.969,77.39,38.4792,0.22,38.0757,3090.130833333333,40.26176666666667,76.86,-4.378666666666667,39.38746666666666,3,2.604092234029727,3.0069,-0.2928,0.53,-0.079,-1.3118,1.155,-0.806,1.7984,1.996,0.0498,0.1918
M00135,2026-09-16 14:44:24,S1,True,AMP-06-003,Ampoule,Propylene glycol cosolvent 40%,Cosolvent injectable,Fresh,,none,"ANT-A (double-ridged horn, ETS 3115)",3,24.39,48.9,S11,2800.0,3200.0,0.01,40001,3088.6464,-4.308,-10.32,42.2432,73.12,38.3888,0.22,40.035,3090.130833333333,40.26176666666667,76.86,-4.378666666666667,39.38746666666666,3,2.604092234029727,-1.4844,1.9814,-3.74,0.071,0.6475,0.57,-0.806,-2.3739,-4.4578,-0.1199,-0.1655
M00136,2026-09-16 14:44:30,S1,True,AMP-06-003,Ampoule,Propylene glycol cosolvent 40%,Cosolvent injectable,Fresh,,none,ANT-B (directional dipole),1,23.98,53.5,S11,2800.0,3200.0,0.01,40001,3065.2523,-3.749,-19.09,49.4275,62.02,38.4461,0.22,42.8607,3072.9187333333334,50.1393,61.31333333333333,-3.928666666666667,39.488400000000006,3,6.722757563926655,-7.6664,-0.7118,0.707,0.18,3.3723,1.14,-0.806,-8.9619,-0.9972,0.078,-0.0329
M00137,2026-09-16 14:44:36,S1,True,AMP-06-003,Ampoule,Propylene glycol cosolvent 40%,Cosolvent injectable,Fresh,,none,ANT-B (directional dipole),2,24.48,66.8,S11,2800.0,3200.0,0.01,40001,3075.6961,-3.994,6.16,51.5451,59.67,38.3774,0.22,38.2641,3072.9187333333334,50.1393,61.31333333333333,-3.928666666666667,39.488400000000006,3,6.722757563926655,2.7774,1.4058,-1.643,-0.065,-1.2243,0.413,-0.806,1.6318,1.9516,-0.1688,-0.0933
M00138,2026-09-16 14:44:43,S1,True,AMP-06-003,Ampoule,Propylene glycol cosolvent 40%,Cosolvent injectable,Fresh,,none,ANT-B (directional dipole),3,25.43,59.1,S11,2800.0,3200.0,0.01,40001,3077.8078,-4.043,0.83,49.4453,62.25,38.2454,0.22,37.3404,3072.9187333333334,50.1393,61.31333333333333,-3.928666666666667,39.488400000000006,3,6.722757563926655,4.8891,-0.694,0.937,-0.114,-2.148,0.727,-0.806,3.3229,6.0478,0.0173,-0.1612
M00139,2026-09-16 14:44:49,S1,True,AMP-06-004,Ampoule,Propylene glycol cosolvent 40%,Cosolvent injectable,Fresh,,none,"ANT-A (double-ridged horn, ETS 3115)",1,23.93,58.7,S11,2800.0,3200.0,0.01,40001,3089.6884,-4.222,-16.09,39.3487,78.52,38.3216,0.22,39.5797,3094.2628666666665,40.70586666666667,76.06666666666666,-4.290666666666667,37.5896,3,4.911327455315147,-4.5745,-1.3572,2.453,0.069,1.9901,0.931,0.392,-4.8631,-0.8647,-0.039,-0.1144
M00140,2026-09-16 14:44:56,S1,True,AMP-06-004,Ampoule,Propylene glycol cosolvent 40%,Cosolvent injectable,Fresh,,none,"ANT-A (double-ridged horn, ETS 3115)",2,24.37,54.8,S11,2800.0,3200.0,0.01,40001,3099.453,-4.219,9.68,42.0035,73.79,38.2618,0.22,35.3351,3094.2628666666665,40.70586666666667,76.06666666666666,-4.290666666666667,37.5896,3,4.911327455315147,5.1901,1.2976,-2.277,0.072,-2.2545,1.057,0.392,4.3344,1.996,0.1077,0.1713
M00141,2026-09-16 14:45:02,S1,True,AMP-06-004,Ampoule,Propylene glycol cosolvent 40%,Cosolvent injectable,Fresh,,none,"ANT-A (double-ridged horn, ETS 3115)",3,23.81,63.3,S11,2800.0,3200.0,0.01,40001,3093.6472,-4.431,1.3,40.7654,75.89,38.338,0.22,37.854,3094.2628666666665,40.70586666666667,76.06666666666666,-4.290666666666667,37.5896,3,4.911327455315147,-0.6157,0.0595,-0.177,-0.14,0.2644,0.125,0.392,-0.773,-4.4578,0.0012,-0.2489
M00142,2026-09-16 14:45:08,S1,True,AMP-06-004,Ampoule,Propylene glycol cosolvent 40%,Cosolvent injectable,Fresh,,none,ANT-B (directional dipole),1,25.33,56.0,S11,2800.0,3200.0,0.01,40001,3073.284,-3.977,-16.59,48.3318,63.59,38.129,0.22,39.3216,3078.955,49.89116666666666,61.74333333333334,-3.9756666666666667,36.84493333333333,3,6.260758193701545,-5.671,-1.5594,1.847,-0.001,2.4767,0.906,0.392,-4.7406,-0.9972,-0.0278,-0.0665
M00143,2026-09-16 14:45:15,S1,True,AMP-06-004,Ampoule,Propylene glycol cosolvent 40%,Cosolvent injectable,Fresh,,none,ANT-B (directional dipole),2,23.98,60.0,S11,2800.0,3200.0,0.01,40001,3077.9076,-4.065,0.18,50.3814,61.09,38.3148,0.22,37.2968,3078.955,49.89116666666666,61.74333333333334,-3.9756666666666667,36.84493333333333,3,6.260758193701545,-1.0474,0.4902,-0.653,-0.089,0.4519,0.167,0.392,0.3239,1.9516,-0.117,-0.0017
M00144,2026-09-16 14:45:21,S1,True,AMP-06-004,Ampoule,Propylene glycol cosolvent 40%,Cosolvent injectable,Fresh,,none,ANT-B (directional dipole),3,24.8,56.8,S11,2800.0,3200.0,0.01,40001,3085.6734,-3.885,22.77,50.9603,60.55,38.2026,0.22,33.9164,3078.955,49.89116666666666,61.74333333333334,-3.9756666666666667,36.84493333333333,3,6.260758193701545,6.7184,1.0691,-1.193,0.091,-2.9285,1.073,0.392,7.8115,6.0478,0.0918,-0.1836
M00145,2026-09-16 14:45:28,S1,True,AMP-07-001,Ampoule,Ethanolic cosolvent 30%,Ethanolic injectable,Fresh,,none,"ANT-A (double-ridged horn, ETS 3115)",1,25.08,57.9,S11,2800.0,3200.0,0.01,40001,3116.6503,-4.585,-10.1,42.131,73.98,28.4801,0.24,28.077,3114.0538666666666,42.18503333333333,73.82666666666667,-4.559666666666667,29.188866666666666,3,2.2642032469134166,2.5964,-0.054,0.153,-0.025,-1.1119,1.147,0.1224,0.3874,-0.8647,-0.0474,0.0456
M00146,2026-09-16 14:45:34,S1,True,AMP-07-001,Ampoule,Ethanolic cosolvent 30%,Ethanolic injectable,Fresh,,none,"ANT-A (double-ridged horn, ETS 3115)",2,25.3,66.6,S11,2800.0,3200.0,0.01,40001,3113.0212,-4.615,-11.6,41.8666,74.36,28.4579,0.24,29.6309,3114.0538666666666,42.18503333333333,73.82666666666667,-4.559666666666667,29.188866666666666,3,2.2642032469134166,-1.0327,-0.3184,0.533,-0.055,0.442,0.456,0.1224,-3.1608,1.996,0.0871,-0.2214
M00147,2026-09-16 14:45:40,S1,True,AMP-07-001,Ampoule,Ethanolic cosolvent 30%,Ethanolic injectable,Fresh,,none,"ANT-A (double-ridged horn, ETS 3115)",3,24.68,68.4,S11,2800.0,3200.0,0.01,40001,3112.4901,-4.479,-5.33,42.5575,73.14,28.5214,0.24,29.8587,3114.0538666666666,42.18503333333333,73.82666666666667,-4.559666666666667,29.188866666666666,3,2.2642032469134166,-1.5638,0.3725,-0.687,0.081,0.6698,0.691,0.1224,-3.6614,-4.4578,0.0386,-0.056
M00148,2026-09-16 14:45:47,S1,True,AMP-07-001,Ampoule,Ethanolic cosolvent 30%,Ethanolic injectable,Fresh,,none,ANT-B (directional dipole),1,24.17,59.6,S11,2800.0,3200.0,0.01,40001,3096.5659,-4.079,-19.77,52.5241,58.96,28.5736,0.24,29.344,3104.5512333333336,53.32176666666667,58.24333333333334,-3.9156666666666666,25.92246666666667,3,7.085919800797684,-7.9853,-0.7977,0.717,-0.163,3.4215,1.127,0.1224,-2.7351,-0.9972,0.0691,0.321
M00149,2026-09-16 14:45:53,S1,True,AMP-07-001,Ampoule,Ethanolic cosolvent 30%,Ethanolic injectable,Fresh,,none,ANT-B (directional dipole),2,24.82,63.3,S11,2800.0,3200.0,0.01,40001,3106.9992,-3.905,22.17,52.7637,58.89,28.5065,0.24,24.8698,3104.5512333333336,53.32176666666667,58.24333333333334,-3.9156666666666666,25.92246666666667,3,7.085919800797684,2.448,-0.5581,0.647,0.011,-1.0527,0.345,0.1224,8.023,1.9516,0.0549,-0.1447
M00150,2026-09-16 14:46:00,S1,True,AMP-07-001,Ampoule,Ethanolic cosolvent 30%,Ethanolic injectable,Fresh,,none,ANT-B (directional dipole),3,24.42,66.1,S11,2800.0,3200.0,0.01,40001,3110.0886,-3.763,36.82,54.6775,56.88,28.5482,0.24,23.5536,3104.5512333333336,53.32176666666667,58.24333333333334,-3.9156666666666666,25.92246666666667,3,7.085919800797684,5.5374,1.3557,-1.363,0.153,-2.3689,0.781,0.1224,11.5152,6.0478,-0.1243,-0.2719
M00151,2026-09-16 14:46:06,S1,True,AMP-07-002,Ampoule,Ethanolic cosolvent 30%,Ethanolic injectable,Fresh,,none,"ANT-A (double-ridged horn, ETS 3115)",1,23.72,65.6,S11,2800.0,3200.0,0.01,40001,3116.9493,-4.547,-0.27,43.1493,72.24,28.0062,0.24,27.9492,3115.5856333333336,43.0876,72.36333333333333,-4.5616666666666665,28.53363333333333,3,3.129206756245622,1.3637,0.0617,-0.123,0.015,-0.5844,0.436,0.5334,0.037,-0.8647,0.1119,0.3214
M00152,2026-09-16 14:46:12,S1,True,AMP-07-002,Ampoule,Ethanolic cosolvent 30%,Ethanolic injectable,Fresh,,none,"ANT-A (double-ridged horn, ETS 3115)",2,23.79,63.8,S11,2800.0,3200.0,0.01,40001,3117.8016,-4.682,1.23,41.6332,74.89,27.9988,0.24,27.5852,3115.5856333333336,43.0876,72.36333333333333,-4.5616666666666665,28.53363333333333,3,3.129206756245622,2.216,-1.4544,2.527,-0.12,-0.9484,0.708,0.5334,1.6004,1.996,-0.1589,-0.1366
M00153,2026-09-16 14:46:19,S1,True,AMP-07-002,Ampoule,Ethanolic cosolvent 30%,Ethanolic injectable,Fresh,,none,"ANT-A (double-ridged horn, ETS 3115)",3,24.32,53.3,S11,2800.0,3200.0,0.01,40001,3112.006,-4.456,-9.4,44.4803,69.96,27.946,0.24,30.0665,3115.5856333333336,43.0876,72.36333333333333,-4.5616666666666665,28.53363333333333,3,3.129206756245622,-3.5796,1.3927,-2.403,0.106,1.5329,1.144,0.5334,-4.5895,-4.4578,-0.1399,0.1138
M00154,2026-09-16 14:46:25,S1,True,AMP-07-002,Ampoule,Ethanolic cosolvent 30%,Ethanolic injectable,Fresh,,none,ANT-B (directional dipole),1,23.86,57.7,S11,2800.0,3200.0,0.01,40001,3095.6782,-4.122,-14.93,48.8004,63.44,27.9918,0.24,29.7268,3104.3393999999994,51.07223333333334,60.85666666666666,-3.9113333333333333,26.016766666666665,3,8.776953820660259,-8.6612,-2.2718,2.583,-0.211,3.71,0.987,0.5334,-3.6072,-0.9972,-0.1063,0.0157
M00155,2026-09-16 14:46:32,S1,True,AMP-07-002,Ampoule,Ethanolic cosolvent 30%,Ethanolic injectable,Fresh,,none,ANT-B (directional dipole),2,25.05,59.3,S11,2800.0,3200.0,0.01,40001,3104.1123,-4.171,14.82,51.1282,60.71,27.8724,0.24,26.1033,3104.3393999999994,51.07223333333334,60.85666666666666,-3.9113333333333333,26.016766666666665,3,8.776953820660259,-0.2271,0.056,-0.147,-0.26,0.0865,0.026,0.5334,4.2261,1.9516,0.2396,-0.0109
M00156,2026-09-16 14:46:38,S1,True,AMP-07-002,Ampoule,Ethanolic cosolvent 30%,Ethanolic injectable,Fresh,,none,ANT-B (directional dipole),3,23.93,62.3,S11,2800.0,3200.0,0.01,40001,3113.2277,-3.441,43.26,53.2881,58.42,27.9845,0.24,22.2202,3104.3393999999994,51.07223333333334,60.85666666666666,-3.9113333333333333,26.016766666666665,3,8.776953820660259,8.8883,2.2159,-2.437,0.47,-3.7966,1.013,0.5334,14.095,6.0478,-0.1859,-0.0747
M00157,2026-09-16 14:46:44,S1,True,AMP-07-003,Ampoule,Ethanolic cosolvent 30%,Ethanolic injectable,Fresh,,none,"ANT-A (double-ridged horn, ETS 3115)",1,24.8,47.9,S11,2800.0,3200.0,0.01,40001,3116.9253,-4.483,-2.8,41.8526,74.47,27.9519,0.24,27.9595,3115.8472333333334,41.6099,74.89,-4.494,28.422266666666662,3,3.7144493324492736,1.0781,0.2427,-0.42,0.011,-0.4628,0.29,0.802,-1.4084,-0.8647,0.0847,0.0576
M00158,2026-09-16 14:46:51,S1,True,AMP-07-003,Ampoule,Ethanolic cosolvent 30%,Ethanolic injectable,Fresh,,none,"ANT-A (double-ridged horn, ETS 3115)",2,23.96,71.2,S11,2800.0,3200.0,0.01,40001,3118.9034,-4.858,8.67,42.0729,74.13,28.0364,0.24,27.115,3115.8472333333334,41.6099,74.89,-4.494,28.422266666666662,3,3.7144493324492736,3.0562,0.463,-0.76,-0.364,-1.3073,0.823,0.802,0.9775,1.996,0.027,-0.096
M00159,2026-09-16 14:46:57,S1,True,AMP-07-003,Ampoule,Ethanolic cosolvent 30%,Ethanolic injectable,Fresh,,none,"ANT-A (double-ridged horn, ETS 3115)",3,24.49,54.2,S11,2800.0,3200.0,0.01,40001,3111.713,-4.141,-13.79,40.9042,76.07,27.9829,0.24,30.1923,3115.8472333333334,41.6099,74.89,-4.494,28.422266666666662,3,3.7144493324492736,-4.1342,-0.7057,1.18,0.353,1.77,1.113,0.802,-6.6746,-4.4578,0.2802,-0.0117
M00160,2026-09-16 14:47:04,S1,True,AMP-07-003,Ampoule,Ethanolic cosolvent 30%,Ethanolic injectable,Fresh,,none,ANT-B (directional dipole),1,25.2,56.1,S11,2800.0,3200.0,0.01,40001,3101.0875,-4.308,-4.72,50.2196,61.75,27.912,0.24,27.3994,3108.5165,51.5277,60.35999999999999,-3.8446666666666665,24.233566666666665,3,8.836961850658808,-7.429,-1.3081,1.39,-0.463,3.1658,0.841,0.802,-0.0932,-0.9972,0.1186,-0.0768
M00161,2026-09-16 14:47:10,S1,True,AMP-07-003,Ampoule,Ethanolic cosolvent 30%,Ethanolic injectable,Fresh,,none,ANT-B (directional dipole),2,23.95,54.6,S11,2800.0,3200.0,0.01,40001,3106.173,-4.018,13.1,51.0445,60.85,28.0379,0.24,25.2225,3108.5165,51.5277,60.35999999999999,-3.8446666666666665,24.233566666666665,3,8.836961850658808,-2.3435,-0.4832,0.49,-0.173,0.9889,0.265,0.802,5.2955,1.9516,-0.1127,0.1424
M00162,2026-09-16 14:47:16,S1,True,AMP-07-003,Ampoule,Ethanolic cosolvent 30%,Ethanolic injectable,Fresh,,none,ANT-B (directional dipole),3,24.82,67.5,S11,2800.0,3200.0,0.01,40001,3118.289,-3.208,55.46,53.319,58.48,27.9504,0.24,20.0788,3108.5165,51.5277,60.35999999999999,-3.8446666666666665,24.233566666666665,3,8.836961850658808,9.7725,1.7913,-1.88,0.637,-4.1548,1.106,0.802,16.8871,6.0478,0.0775,0.2742
M00163,2026-09-16 14:47:23,S1,True,AMP-07-004,Ampoule,Ethanolic cosolvent 30%,Ethanolic injectable,Fresh,,none,"ANT-A (double-ridged horn, ETS 3115)",1,24.79,54.8,S11,2800.0,3200.0,0.01,40001,3120.9742,-4.644,0.21,40.7211,76.64,26.8435,0.24,26.2328,3120.3013666666666,41.6603,74.92,-4.652666666666667,26.51953333333333,3,1.4298641835268862,0.6728,-0.9392,1.72,0.009,-0.2867,0.471,0.2657,0.3788,-0.8647,0.0613,0.0172
M00164,2026-09-16 14:47:29,S1,True,AMP-07-004,Ampoule,Ethanolic cosolvent 30%,Ethanolic injectable,Fresh,,none,"ANT-A (double-ridged horn, ETS 3115)",2,24.16,60.8,S11,2800.0,3200.0,0.01,40001,3121.2707,-4.707,7.05,42.3014,73.79,26.9038,0.24,26.1066,3120.3013666666666,41.6603,74.92,-4.652666666666667,26.51953333333333,3,1.4298641835268862,0.9693,0.6411,-1.13,-0.054,-0.4129,0.678,0.2657,1.2743,1.996,-0.2349,-0.1458
M00165,2026-09-16 14:47:36,S1,True,AMP-07-004,Ampoule,Ethanolic cosolvent 30%,Ethanolic injectable,Fresh,,none,"ANT-A (double-ridged horn, ETS 3115)",3,24.24,67.5,S11,2800.0,3200.0,0.01,40001,3118.6592,-4.607,-2.9,41.9584,74.33,26.8965,0.24,27.2192,3120.3013666666666,41.6603,74.92,-4.652666666666667,26.51953333333333,3,1.4298641835268862,-1.6422,0.2981,-0.59,0.046,0.6997,1.149,0.2657,-1.8585,-4.4578,0.0425,0.0811
M00166,2026-09-16 14:47:42,S1,True,AMP-07-004,Ampoule,Ethanolic cosolvent 30%,Ethanolic injectable,Fresh,,none,ANT-B (directional dipole),1,25.15,63.0,S11,2800.0,3200.0,0.01,40001,3105.5123,-4.225,2.95,53.8914,57.63,26.8085,0.24,25.5047,3106.392533333333,52.5505,59.13333333333333,-4.080333333333333,25.130366666666664,3,3.4500218265010516,-0.8802,1.3409,-1.503,-0.145,0.3743,0.255,0.2657,1.7987,-0.9972,0.1942,0.082
M00167,2026-09-16 14:47:48,S1,True,AMP-07-004,Ampoule,Ethanolic cosolvent 30%,Ethanolic injectable,Fresh,,none,ANT-B (directional dipole),2,25.2,63.9,S11,2800.0,3200.0,0.01,40001,3103.4679,-4.043,0.09,51.8134,59.9,26.8036,0.24,26.3791,3106.392533333333,52.5505,59.13333333333333,-4.080333333333333,25.130366666666664,3,3.4500218265010516,-2.9246,-0.7371,0.767,0.037,1.2487,0.848,0.2657,0.2713,1.9516,-0.0495,-0.2026
M00168,2026-09-16 14:47:55,S1,True,AMP-07-004,Ampoule,Ethanolic cosolvent 30%,Ethanolic injectable,Fresh,,none,ANT-B (directional dipole),3,25.16,60.3,S11,2800.0,3200.0,0.01,40001,3110.1974,-3.973,13.91,51.9467,59.87,26.8079,0.24,23.5073,3106.392533333333,52.5505,59.13333333333333,-4.080333333333333,25.130366666666664,3,3.4500218265010516,3.8049,-0.6038,0.737,0.107,-1.6231,1.103,0.2657,6.6206,6.0478,0.1078,0.0303
M00169,2026-09-16 14:48:01,S1,True,AMP-08-001,Ampoule,Sesame oil vehicle (depot),Oil-based depot,Fresh,,none,"ANT-A (double-ridged horn, ETS 3115)",1,25.08,57.6,S11,2800.0,3200.0,0.01,40001,3173.1844,-2.47,-11.98,22.2507,142.61,2.7706,0.008,4.5943,3173.7732666666666,22.3832,141.81333333333336,-2.472,4.353766666666666,3,1.9003076917523627,-0.5889,-0.1325,0.797,0.002,0.2405,0.31,0.1027,-4.4453,-0.8647,-0.1223,-0.0246
M00170,2026-09-16 14:48:08,S1,True,AMP-08-001,Ampoule,Sesame oil vehicle (depot),Oil-based depot,Fresh,,none,"ANT-A (double-ridged horn, ETS 3115)",2,25.52,49.1,S11,2800.0,3200.0,0.01,40001,3175.8983,-2.477,-2.88,22.1381,143.46,2.7706,0.008,3.4846,3173.7732666666666,22.3832,141.81333333333336,-2.472,4.353766666666666,3,1.9003076917523627,2.125,-0.2451,1.647,-0.005,-0.8692,1.118,0.1027,-1.7766,1.996,-0.1252,0.0235
M00171,2026-09-16 14:48:14,S1,True,AMP-08-001,Ampoule,Sesame oil vehicle (depot),Oil-based depot,Fresh,,none,"ANT-A (double-ridged horn, ETS 3115)",3,24.78,61.4,S11,2800.0,3200.0,0.01,40001,3172.2371,-2.469,-19.83,22.7608,139.37,2.7706,0.008,4.9824,3173.7732666666666,22.3832,141.81333333333336,-2.472,4.353766666666666,3,1.9003076917523627,-1.5362,0.3776,-2.443,0.003,0.6286,0.808,0.1027,-5.5615,-4.4578,0.0144,0.0076
M00172,2026-09-16 14:48:20,S1,True,AMP-08-001,Ampoule,Sesame oil vehicle (depot),Oil-based depot,Fresh,,none,ANT-B (directional dipole),1,24.58,64.9,S11,2800.0,3200.0,0.01,40001,3161.6608,-2.466,1.64,31.8355,99.31,2.7706,0.008,2.1608,3163.2669,31.870566666666665,99.25333333333333,-2.4623333333333335,1.5051333333333332,3,3.2667594233428168,-1.6061,-0.0351,0.057,-0.004,0.6557,0.492,0.1027,1.3812,-0.9972,0.0078,-0.0287
M00173,2026-09-16 14:48:27,S1,True,AMP-08-001,Ampoule,Sesame oil vehicle (depot),Oil-based depot,Fresh,,none,ANT-B (directional dipole),2,24.77,66.2,S11,2800.0,3200.0,0.01,40001,3161.1141,-2.461,-0.4,31.7308,99.62,2.7706,0.008,2.3846,3163.2669,31.870566666666665,99.25333333333333,-2.4623333333333335,1.5051333333333332,3,3.2667594233428168,-2.1528,-0.1398,0.367,0.001,0.8795,0.659,0.1027,0.7703,1.9516,-0.0631,0.1066
M00174,2026-09-16 14:48:33,S1,True,AMP-08-001,Ampoule,Sesame oil vehicle (depot),Oil-based depot,Fresh,,none,ANT-B (directional dipole),3,24.35,58.6,S11,2800.0,3200.0,0.01,40001,3167.0258,-2.46,25.11,32.0454,98.83,2.7706,0.008,-0.03,3163.2669,31.870566666666665,99.25333333333333,-2.4623333333333335,1.5051333333333332,3,3.2667594233428168,3.7589,0.1748,-0.423,0.002,-1.5351,1.151,0.1027,6.9176,6.0478,-0.0211,-0.1712
M00175,2026-09-16 14:48:40,S1,True,AMP-08-002,Ampoule,Sesame oil vehicle (depot),Oil-based depot,Fresh,,none,"ANT-A (double-ridged horn, ETS 3115)",1,23.87,49.0,S11,2800.0,3200.0,0.01,40001,3171.1113,-2.471,-3.02,24.1645,131.23,2.9877,0.008,5.444,3172.689966666667,22.79103333333333,139.46333333333334,-2.474,4.797533333333333,3,2.3275452784709505,-1.5787,1.3735,-8.233,0.003,0.6465,0.678,-1.6192,-4.3974,-0.8647,0.0003,0.1009
M00176,2026-09-16 14:48:46,S1,True,AMP-08-002,Ampoule,Sesame oil vehicle (depot),Oil-based depot,Fresh,,none,"ANT-A (double-ridged horn, ETS 3115)",2,23.6,68.4,S11,2800.0,3200.0,0.01,40001,3171.5956,-2.473,-2.37,22.301,142.22,2.9877,0.008,5.2453,3172.689966666667,22.79103333333333,139.46333333333334,-2.474,4.797533333333333,3,2.3275452784709505,-1.0944,-0.49,2.757,0.001,0.4478,0.47,-1.6192,-3.8176,1.996,0.0943,-0.0886
M00177,2026-09-16 14:48:52,S1,True,AMP-08-002,Ampoule,Sesame oil vehicle (depot),Oil-based depot,Fresh,,none,"ANT-A (double-ridged horn, ETS 3115)",3,25.05,66.5,S11,2800.0,3200.0,0.01,40001,3175.363,-2.478,-0.54,21.9076,144.94,2.9877,0.008,3.7033,3172.689966666667,22.79103333333333,139.46333333333334,-2.474,4.797533333333333,3,2.3275452784709505,2.673,-0.8834,5.477,-0.004,-1.0942,1.148,-1.6192,-0.2669,-4.4578,0.0547,0.1677
M00178,2026-09-16 14:48:59,S1,True,AMP-08-002,Ampoule,Sesame oil vehicle (depot),Oil-based depot,Fresh,,none,ANT-B (directional dipole),1,24.33,56.4,S11,2800.0,3200.0,0.01,40001,3150.0845,-2.461,-25.19,32.2417,97.7,2.9877,0.008,6.9259,3163.3352333333332,32.048633333333335,98.72333333333334,-2.4523333333333333,1.4929,3,11.492620770013234,-13.2507,0.1931,-1.023,-0.009,5.433,1.153,-1.6192,-7.795,-0.9972,-0.0221,-0.0331
M00179,2026-09-16 14:49:05,S1,True,AMP-08-002,Ampoule,Sesame oil vehicle (depot),Oil-based depot,Fresh,,none,ANT-B (directional dipole),2,24.07,61.1,S11,2800.0,3200.0,0.01,40001,3169.333,-2.45,31.52,32.4598,97.64,2.9877,0.008,-0.9687,3163.3352333333332,32.048633333333335,98.72333333333334,-2.4523333333333333,1.4929,3,11.492620770013234,5.9978,0.4112,-1.083,0.002,-2.4616,0.522,-1.6192,11.3329,1.9516,-0.0612,0.1265
M00180,2026-09-16 14:49:12,S1,True,AMP-08-002,Ampoule,Sesame oil vehicle (depot),Oil-based depot,Fresh,,none,ANT-B (directional dipole),3,24.47,59.7,S11,2800.0,3200.0,0.01,40001,3170.5882,-2.446,55.15,31.4444,100.83,2.9877,0.008,-1.4785,3163.3352333333332,32.048633333333335,98.72333333333334,-2.4523333333333333,1.4929,3,11.492620770013234,7.253,-0.6042,2.107,0.006,-2.9714,0.631,-1.6192,12.6135,6.0478,-0.0197,0.0596
M00181,2026-09-16 14:49:18,S1,True,AMP-08-003,Ampoule,Sesame oil vehicle (depot),Oil-based depot,Fresh,,none,"ANT-A (double-ridged horn, ETS 3115)",1,25.2,49.8,S11,2800.0,3200.0,0.01,40001,3170.9658,-2.469,4.32,23.0186,137.76,3.4469,0.008,5.5036,3173.7279333333336,22.4438,141.47,-2.4746666666666663,4.3728,3,2.761500217876818,-2.7621,0.5748,-3.71,0.006,1.1308,1.0,0.0599,-4.8703,-0.8647,-0.1355,-0.1305
M00182,2026-09-16 14:49:24,S1,True,AMP-08-003,Ampoule,Sesame oil vehicle (depot),Oil-based depot,Fresh,,none,"ANT-A (double-ridged horn, ETS 3115)",2,24.78,59.4,S11,2800.0,3200.0,0.01,40001,3176.4888,-2.477,5.75,22.4314,141.61,3.4469,0.008,3.2435,3173.7279333333336,22.4438,141.47,-2.4746666666666663,4.3728,3,2.761500217876818,2.7609,-0.0124,0.14,-0.002,-1.1293,1.0,0.0599,0.6898,1.996,-0.0864,-0.2167
M00183,2026-09-16 14:49:31,S1,True,AMP-08-003,Ampoule,Sesame oil vehicle (depot),Oil-based depot,Fresh,,none,"ANT-A (double-ridged horn, ETS 3115)",3,23.42,58.1,S11,2800.0,3200.0,0.01,40001,3173.7292,-2.478,-16.0,21.8814,145.04,3.4469,0.008,4.3713,3173.7279333333336,22.4438,141.47,-2.4746666666666663,4.3728,3,2.761500217876818,0.0013,-0.5624,3.57,-0.003,-0.0015,0.0,0.0599,-2.5768,-4.4578,0.147,0.0569
M00184,2026-09-16 14:49:37,S1,True,AMP-08-003,Ampoule,Sesame oil vehicle (depot),Oil-based depot,Fresh,,none,ANT-B (directional dipole),1,24.05,56.1,S11,2800.0,3200.0,0.01,40001,3157.5486,-2.464,-12.73,33.6614,93.8,3.4469,0.008,3.8475,3159.2879,32.9908,95.78333333333335,-2.464,3.1336333333333335,3,1.667770298932061,-1.7393,0.6706,-1.983,0.0,0.7139,1.043,0.0599,-1.1708,-0.9972,0.063,0.0215
M00185,2026-09-16 14:49:44,S1,True,AMP-08-003,Ampoule,Sesame oil vehicle (depot),Oil-based depot,Fresh,,none,ANT-B (directional dipole),2,25.93,63.4,S11,2800.0,3200.0,0.01,40001,3159.4416,-2.462,0.42,32.4874,97.25,3.4469,0.008,3.0702,3159.2879,32.9908,95.78333333333335,-2.464,3.1336333333333335,3,1.667770298932061,0.1537,-0.5034,1.467,0.002,-0.0634,0.092,0.0599,0.8727,1.9516,-0.1047,0.0386
M00186,2026-09-16 14:49:50,S1,True,AMP-08-003,Ampoule,Sesame oil vehicle (depot),Oil-based depot,Fresh,,none,ANT-B (directional dipole),3,24.39,58.0,S11,2800.0,3200.0,0.01,40001,3160.8735,-2.466,13.03,32.8236,96.3,3.4469,0.008,2.4832,3159.2879,32.9908,95.78333333333335,-2.464,3.1336333333333335,3,1.667770298932061,1.5856,-0.1672,0.517,-0.002,-0.6504,0.951,0.0599,2.2466,6.0478,-0.0944,0.0864
M00187,2026-09-16 14:49:56,S1,True,AMP-08-004,Ampoule,Sesame oil vehicle (depot),Oil-based depot,Fresh,,none,"ANT-A (double-ridged horn, ETS 3115)",1,25.82,64.8,S11,2800.0,3200.0,0.01,40001,3174.434,-2.478,-7.64,21.5892,147.04,2.9839,0.008,4.083,3175.6805666666664,22.1263,143.59,-2.47,3.5787666666666667,3,6.371474143660478,-1.2466,-0.5371,3.45,-0.008,0.5042,0.196,-0.7393,-1.7169,-0.8647,-0.1971,-0.0599
M00188,2026-09-16 14:50:03,S1,True,AMP-08-004,Ampoule,Sesame oil vehicle (depot),Oil-based depot,Fresh,,none,"ANT-A (double-ridged horn, ETS 3115)",2,24.2,48.4,S11,2800.0,3200.0,0.01,40001,3182.5832,-2.466,17.59,22.7667,139.79,2.9839,0.008,0.7633,3175.6805666666664,22.1263,143.59,-2.47,3.5787666666666667,3,6.371474143660478,6.9026,0.6404,-3.8,0.004,-2.8155,1.083,-0.7393,6.164,1.996,0.0633,-0.052
M00189,2026-09-16 14:50:09,S1,True,AMP-08-004,Ampoule,Sesame oil vehicle (depot),Oil-based depot,Fresh,,none,"ANT-A (double-ridged horn, ETS 3115)",3,25.07,53.7,S11,2800.0,3200.0,0.01,40001,3170.0245,-2.466,-15.06,22.023,143.94,2.9839,0.008,5.89,3175.6805666666664,22.1263,143.59,-2.47,3.5787666666666667,3,6.371474143660478,-5.6561,-0.1033,0.35,0.004,2.3112,0.888,-0.7393,-6.4749,-4.4578,-0.1051,0.1966
M00190,2026-09-16 14:50:16,S1,True,AMP-08-004,Ampoule,Sesame oil vehicle (depot),Oil-based depot,Fresh,,none,ANT-B (directional dipole),1,24.11,60.0,S11,2800.0,3200.0,0.01,40001,3155.5096,-2.464,-11.67,31.7221,99.47,2.9839,0.008,4.6863,3159.328766666667,32.03653333333333,98.62333333333333,-2.4633333333333334,3.1184333333333334,3,3.8635392379702136,-3.8192,-0.3144,0.847,-0.001,1.5679,0.989,-0.7393,-3.3605,-0.9972,-0.1462,0.0818
M00191,2026-09-16 14:50:22,S1,True,AMP-08-004,Ampoule,Sesame oil vehicle (depot),Oil-based depot,Fresh,,none,ANT-B (directional dipole),2,24.95,49.7,S11,2800.0,3200.0,0.01,40001,3159.2415,-2.466,1.36,32.3671,97.61,2.9839,0.008,3.1523,3159.328766666667,32.03653333333333,98.62333333333333,-2.4633333333333334,3.1184333333333334,3,3.8635392379702136,-0.0873,0.3306,-1.013,-0.003,0.0339,0.023,-0.7393,0.6421,1.9516,-0.1586,-0.1766
M00192,2026-09-16 14:50:28,S1,True,AMP-08-004,Ampoule,Sesame oil vehicle (depot),Oil-based depot,Fresh,,none,ANT-B (directional dipole),3,24.49,51.9,S11,2800.0,3200.0,0.01,40001,3163.2352,-2.46,24.83,32.0204,98.79,2.9839,0.008,1.5167,3159.328766666667,32.03653333333333,98.62333333333333,-2.4633333333333334,3.1184333333333334,3,3.8635392379702136,3.9064,-0.0161,0.167,0.003,-1.6017,1.011,-0.7393,4.6758,6.0478,-0.2719,-0.1033
M00193,2026-09-16 14:50:35,S1,True,EYE-09-001,Eyedrop,Aqueous ophthalmic + BAK preservative,Ophthalmic aqueous,Fresh,,none,"ANT-A (double-ridged horn, ETS 3115)",1,23.9,63.4,S11,2800.0,3200.0,0.01,40001,3071.6249,-3.912,-7.75,28.7781,106.73,71.9689,0.165,73.4345,3072.0003999999994,29.982033333333334,102.54333333333334,-3.8043333333333336,73.17653333333334,3,2.834366791719126,-0.3755,-1.2039,4.187,-0.108,0.258,0.132,0.4017,-4.2684,-0.8647,0.0738,0.1831
M00194,2026-09-16 14:50:41,S1,True,EYE-09-001,Eyedrop,Aqueous ophthalmic + BAK preservative,Ophthalmic aqueous,Fresh,,none,"ANT-A (double-ridged horn, ETS 3115)",2,25.17,51.3,S11,2800.0,3200.0,0.01,40001,3075.0038,-3.909,3.64,30.6727,100.25,71.6417,0.165,71.1007,3072.0003999999994,29.982033333333334,102.54333333333334,-3.8043333333333336,73.17653333333334,3,2.834366791719126,3.0034,0.6907,-2.293,-0.105,-2.0758,1.06,0.4017,-1.0489,1.996,0.0519,-0.1033
M00195,2026-09-16 14:50:48,S1,True,EYE-09-001,Eyedrop,Aqueous ophthalmic + BAK preservative,Ophthalmic aqueous,Fresh,,none,"ANT-A (double-ridged horn, ETS 3115)",3,25.49,53.9,S11,2800.0,3200.0,0.01,40001,3069.3725,-3.592,-15.54,30.4953,100.65,71.5592,0.165,74.9944,3072.0003999999994,29.982033333333334,102.54333333333334,-3.8043333333333336,73.17653333333334,3,2.834366791719126,-2.6279,0.5133,-1.893,0.212,1.8179,0.927,0.4017,-6.8633,-4.4578,-0.048,0.0616
M00196,2026-09-16 14:50:54,S1,True,EYE-09-001,Eyedrop,Aqueous ophthalmic + BAK preservative,Ophthalmic aqueous,Fresh,,none,ANT-B (directional dipole),1,23.99,51.2,S11,2800.0,3200.0,0.01,40001,3051.344,-3.564,-18.91,39.0747,78.09,71.9457,0.165,75.7953,3059.865,38.950266666666664,78.58,-3.5749999999999997,69.88656666666667,3,7.856359159305232,-8.521,0.1244,-0.49,0.011,5.9087,1.085,0.4017,-7.1644,-0.9972,-0.2588,0.0107
M00197,2026-09-16 14:51:00,S1,True,EYE-09-001,Eyedrop,Aqueous ophthalmic + BAK preservative,Ophthalmic aqueous,Fresh,,none,ANT-B (directional dipole),2,25.12,56.0,S11,2800.0,3200.0,0.01,40001,3061.4298,-3.679,-1.1,38.0964,80.36,71.655,0.165,68.7903,3059.865,38.950266666666664,78.58,-3.5749999999999997,69.88656666666667,3,7.856359159305232,1.5648,-0.8539,1.78,-0.104,-1.0963,0.199,0.4017,2.0502,1.9516,0.0105,0.1992
M00198,2026-09-16 14:51:07,S1,True,EYE-09-001,Eyedrop,Aqueous ophthalmic + BAK preservative,Ophthalmic aqueous,Fresh,,none,ANT-B (directional dipole),3,24.36,66.4,S11,2800.0,3200.0,0.01,40001,3066.8212,-3.482,22.39,39.6797,77.29,71.8502,0.165,65.0741,3059.865,38.950266666666664,78.58,-3.5749999999999997,69.88656666666667,3,7.856359159305232,6.9562,0.7294,-1.29,0.093,-4.8125,0.885,0.4017,7.8895,6.0478,-0.0772,0.1166
M00199,2026-09-16 14:51:13,S1,True,EYE-09-002,Eyedrop,Aqueous ophthalmic + BAK preservative,Ophthalmic aqueous,Fresh,,none,"ANT-A (double-ridged horn, ETS 3115)",1,23.24,66.4,S11,2800.0,3200.0,0.01,40001,3069.3575,-3.875,-3.3,29.8855,102.7,73.1143,0.165,75.0048,3071.2416,30.780333333333335,99.83999999999999,-3.853666666666667,73.70293333333333,3,3.8298250782508076,-1.8841,-0.8948,2.86,-0.021,1.3019,0.492,-2.4444,-2.0097,-0.8647,0.0211,-0.0727
M00200,2026-09-16 14:51:20,S1,True,EYE-09-002,Eyedrop,Aqueous ophthalmic + BAK preservative,Ophthalmic aqueous,Fresh,,none,"ANT-A (double-ridged horn, ETS 3115)",2,25.06,57.5,S11,2800.0,3200.0,0.01,40001,3075.6485,-3.79,19.46,30.6997,100.18,72.638,0.165,70.6562,3071.2416,30.780333333333335,99.83999999999999,-3.853666666666667,73.70293333333333,3,3.8298250782508076,4.4069,-0.0806,0.34,0.064,-3.0467,1.151,-2.4444,3.6902,1.996,-0.1363,-0.0029
M00201,2026-09-16 14:51:26,S1,True,EYE-09-002,Eyedrop,Aqueous ophthalmic + BAK preservative,Ophthalmic aqueous,Fresh,,none,"ANT-A (double-ridged horn, ETS 3115)",3,24.15,54.8,S11,2800.0,3200.0,0.01,40001,3068.7188,-3.896,-20.44,31.7558,96.64,72.8743,0.165,75.4478,3071.2416,30.780333333333335,99.83999999999999,-3.853666666666667,73.70293333333333,3,3.8298250782508076,-2.5228,0.9755,-3.2,-0.042,1.7449,0.659,-2.4444,-3.2152,-4.4578,-0.0476,0.2209
M00202,2026-09-16 14:51:32,S1,True,EYE-09-002,Eyedrop,Aqueous ophthalmic + BAK preservative,Ophthalmic aqueous,Fresh,,none,ANT-B (directional dipole),1,25.17,52.5,S11,2800.0,3200.0,0.01,40001,3060.8753,-3.636,19.75,39.7349,77.03,72.6072,0.165,69.1736,3058.322666666667,39.650200000000005,77.2,-3.587666666666667,70.95246666666667,3,7.148076540114402,2.5526,0.0847,-0.17,-0.048,-1.7789,0.357,-2.4444,5.6475,-0.9972,-0.072,0.0678
M00203,2026-09-16 14:51:39,S1,True,EYE-09-002,Eyedrop,Aqueous ophthalmic + BAK preservative,Ophthalmic aqueous,Fresh,,none,ANT-B (directional dipole),2,23.62,65.9,S11,2800.0,3200.0,0.01,40001,3050.2487,-3.596,-6.98,40.9826,74.43,73.0124,0.165,76.5601,3058.322666666667,39.650200000000005,77.2,-3.587666666666667,70.95246666666667,3,7.148076540114402,-8.074,1.3324,-2.77,-0.008,5.6076,1.13,-2.4444,-4.0901,1.9516,-0.262,-0.0571
M00204,2026-09-16 14:51:45,S1,True,EYE-09-002,Eyedrop,Aqueous ophthalmic + BAK preservative,Ophthalmic aqueous,Fresh,,none,ANT-B (directional dipole),3,25.26,62.5,S11,2800.0,3200.0,0.01,40001,3063.844,-3.531,34.91,38.2331,80.14,72.5848,0.165,67.1237,3058.322666666667,39.650200000000005,77.2,-3.587666666666667,70.95246666666667,3,7.148076540114402,5.5213,-1.4171,2.94,0.057,-3.8288,0.772,-2.4444,8.4331,6.0478,0.0877,0.0594
M00205,2026-09-16 14:51:52,S1,True,EYE-09-003,Eyedrop,Aqueous ophthalmic + BAK preservative,Ophthalmic aqueous,Fresh,,none,"ANT-A (double-ridged horn, ETS 3115)",1,23.4,58.2,S11,2800.0,3200.0,0.01,40001,3073.467,-3.931,0.74,30.9166,99.41,73.1628,0.165,72.1612,3073.607633333333,30.280900000000003,101.56,-3.9606666666666666,72.06553333333333,3,2.5609476963288618,-0.1406,0.6357,-2.15,0.03,0.0957,0.055,1.6275,-0.3185,-0.8647,-0.1505,0.0911
M00206,2026-09-16 14:51:58,S1,True,EYE-09-003,Eyedrop,Aqueous ophthalmic + BAK preservative,Ophthalmic aqueous,Fresh,,none,"ANT-A (double-ridged horn, ETS 3115)",2,25.08,59.8,S11,2800.0,3200.0,0.01,40001,3076.236,-3.98,19.47,30.6321,100.43,72.7222,0.165,70.2515,3073.607633333333,30.280900000000003,101.56,-3.9606666666666666,72.06553333333333,3,2.5609476963288618,2.6284,0.3512,-1.13,-0.019,-1.814,1.026,1.6275,1.5622,1.996,0.1908,0.0019
M00207,2026-09-16 14:52:04,S1,True,EYE-09-003,Eyedrop,Aqueous ophthalmic + BAK preservative,Ophthalmic aqueous,Fresh,,none,"ANT-A (double-ridged horn, ETS 3115)",3,23.78,55.3,S11,2800.0,3200.0,0.01,40001,3071.1199,-3.971,-7.71,29.294,104.84,73.0625,0.165,73.7839,3073.607633333333,30.280900000000003,101.56,-3.9606666666666666,72.06553333333333,3,2.5609476963288618,-2.4877,-0.9869,3.28,-0.01,1.7184,0.971,1.6275,-2.9848,-4.4578,0.0511,0.064
M00208,2026-09-16 14:52:11,S1,True,EYE-09-003,Eyedrop,Aqueous ophthalmic + BAK preservative,Ophthalmic aqueous,Fresh,,none,ANT-B (directional dipole),1,24.9,48.8,S11,2800.0,3200.0,0.01,40001,3057.4342,-3.707,-1.7,38.2997,79.83,72.769,0.165,71.5571,3060.0869,38.779066666666665,78.91666666666667,-3.646333333333333,69.72019999999999,3,2.3357162477488846,-2.6527,-0.4794,0.913,-0.061,1.8369,1.136,1.6275,0.0906,-0.9972,-0.0348,-0.1357
M00209,2026-09-16 14:52:17,S1,True,EYE-09-003,Eyedrop,Aqueous ophthalmic + BAK preservative,Ophthalmic aqueous,Fresh,,none,ANT-B (directional dipole),2,24.83,64.2,S11,2800.0,3200.0,0.01,40001,3060.9914,-3.592,25.85,39.0844,78.32,72.7871,0.165,69.0933,3060.0869,38.779066666666665,78.91666666666667,-3.646333333333333,69.72019999999999,3,2.3357162477488846,0.9045,0.3053,-0.597,0.054,-0.6269,0.387,1.6275,3.7508,1.9516,-0.0612,-0.1863
M00210,2026-09-16 14:52:24,S1,True,EYE-09-003,Eyedrop,Aqueous ophthalmic + BAK preservative,Ophthalmic aqueous,Fresh,,none,ANT-B (directional dipole),3,25.01,65.6,S11,2800.0,3200.0,0.01,40001,3061.8351,-3.64,13.46,38.9531,78.6,72.7409,0.165,68.5102,3060.0869,38.779066666666665,78.91666666666667,-3.646333333333333,69.72019999999999,3,2.3357162477488846,1.7482,0.174,-0.317,0.006,-1.21,0.748,1.6275,4.273,6.0478,-0.0481,0.0556
M00211,2026-09-16 14:52:30,S1,True,EYE-10-001,Eyedrop,HPMC viscous artificial tears,Viscous ophthalmic,Fresh,,none,"ANT-A (double-ridged horn, ETS 3115)",1,23.61,45.3,S11,2800.0,3200.0,0.01,40001,3082.2904,-4.256,8.14,31.8513,96.77,67.0328,0.195,65.3296,3081.090733333333,32.11686666666667,95.96999999999998,-4.179333333333333,66.1435,3,2.751302572116398,1.1997,-0.2656,0.8,-0.077,-0.8139,0.436,0.1182,2.7426,-0.8647,-0.0942,-0.0175
M00212,2026-09-16 14:52:36,S1,True,EYE-10-001,Eyedrop,HPMC viscous artificial tears,Viscous ophthalmic,Fresh,,none,"ANT-A (double-ridged horn, ETS 3115)",2,24.89,60.8,S11,2800.0,3200.0,0.01,40001,3083.0385,-4.048,10.77,33.0108,93.39,66.7277,0.195,64.8236,3081.090733333333,32.11686666666667,95.96999999999998,-4.179333333333333,66.1435,3,2.751302572116398,1.9478,0.8939,-2.58,0.131,-1.3199,0.708,0.1182,2.8132,1.996,0.0459,0.069
M00213,2026-09-16 14:52:43,S1,True,EYE-10-001,Eyedrop,HPMC viscous artificial tears,Viscous ophthalmic,Fresh,,none,"ANT-A (double-ridged horn, ETS 3115)",3,25.08,60.3,S11,2800.0,3200.0,0.01,40001,3077.9433,-4.234,-6.17,31.4885,97.75,66.6801,0.195,68.2773,3081.090733333333,32.11686666666667,95.96999999999998,-4.179333333333333,66.1435,3,2.751302572116398,-3.1474,-0.6284,1.78,-0.055,2.1338,1.144,0.1182,-2.5008,-4.4578,0.2187,0.0447
M00214,2026-09-16 14:52:49,S1,True,EYE-10-001,Eyedrop,HPMC viscous artificial tears,Viscous ophthalmic,Fresh,,none,ANT-B (directional dipole),1,24.19,51.3,S11,2800.0,3200.0,0.01,40001,3058.1049,-3.853,-4.43,41.5898,73.53,66.8956,0.195,70.2689,3064.583166666667,40.65003333333333,75.46333333333332,-3.8313333333333333,65.85106666666667,3,5.6774751873817335,-6.4783,0.9398,-1.933,-0.022,4.4178,1.141,0.1182,-4.4982,-0.9972,0.0164,-0.3379
M00215,2026-09-16 14:52:56,S1,True,EYE-10-001,Eyedrop,HPMC viscous artificial tears,Viscous ophthalmic,Fresh,,none,ANT-B (directional dipole),2,23.73,55.5,S11,2800.0,3200.0,0.01,40001,3066.9518,-3.816,6.58,41.4558,73.98,67.0059,0.195,64.233,3064.583166666667,40.65003333333333,75.46333333333332,-3.8313333333333333,65.85106666666667,3,5.6774751873817335,2.3686,0.8058,-1.483,0.015,-1.6181,0.417,0.1182,4.55,1.9516,-0.2873,-0.0733
M00216,2026-09-16 14:53:02,S1,True,EYE-10-001,Eyedrop,HPMC viscous artificial tears,Viscous ophthalmic,Fresh,,none,ANT-B (directional dipole),3,24.46,60.4,S11,2800.0,3200.0,0.01,40001,3068.6928,-3.825,13.22,38.9045,78.88,66.8294,0.195,63.0513,3064.583166666667,40.65003333333333,75.46333333333332,-3.8313333333333333,65.85106666666667,3,5.6774751873817335,4.1096,-1.7455,3.417,0.006,-2.7998,0.724,0.1182,5.476,6.0478,-0.0092,0.2041
M00217,2026-09-16 14:53:08,S1,True,EYE-10-002,Eyedrop,HPMC viscous artificial tears,Viscous ophthalmic,Fresh,,none,"ANT-A (double-ridged horn, ETS 3115)",1,24.38,51.4,S11,2800.0,3200.0,0.01,40001,3075.6184,-3.978,-14.85,32.5162,94.59,66.0361,0.195,69.8589,3077.0597999999995,32.44696666666667,94.92333333333333,-3.9743333333333335,68.88023333333334,3,3.262642001507381,-1.4414,0.0692,-0.333,-0.004,0.9787,0.442,-1.1341,-6.2643,-0.8647,-0.0157,-0.1566
M00218,2026-09-16 14:53:15,S1,True,EYE-10-002,Eyedrop,HPMC viscous artificial tears,Viscous ophthalmic,Fresh,,none,"ANT-A (double-ridged horn, ETS 3115)",2,24.14,61.0,S11,2800.0,3200.0,0.01,40001,3080.7949,-4.205,-5.4,31.204,98.73,66.0931,0.195,66.3422,3077.0597999999995,32.44696666666667,94.92333333333333,-3.9743333333333335,68.88023333333334,3,3.262642001507381,3.7351,-1.243,3.807,-0.231,-2.538,1.145,-1.1341,-1.1522,1.996,-0.0412,0.0157
M00219,2026-09-16 14:53:21,S1,True,EYE-10-002,Eyedrop,HPMC viscous artificial tears,Viscous ophthalmic,Fresh,,none,"ANT-A (double-ridged horn, ETS 3115)",3,24.08,53.9,S11,2800.0,3200.0,0.01,40001,3074.7661,-3.74,-16.9,33.6207,91.45,66.1082,0.195,70.4396,3077.0597999999995,32.44696666666667,94.92333333333333,-3.9743333333333335,68.88023333333334,3,3.262642001507381,-2.2937,1.1737,-3.473,0.234,1.5594,0.703,-1.1341,-7.0889,-4.4578,-0.0317,-0.064
M00220,2026-09-16 14:53:28,S1,True,EYE-10-002,Eyedrop,HPMC viscous artificial tears,Viscous ophthalmic,Fresh,,none,ANT-B (directional dipole),1,24.42,63.7,S11,2800.0,3200.0,0.01,40001,3059.8553,-3.814,-16.89,41.1206,74.41,66.0273,0.195,69.0705,3066.851666666667,41.4506,74.0,-3.7143333333333337,64.3171,3,8.52828603081171,-6.9964,-0.33,0.41,-0.1,4.7534,0.82,-1.1341,-5.1512,-0.9972,-0.1122,0.0074
M00221,2026-09-16 14:53:34,S1,True,EYE-10-002,Eyedrop,HPMC viscous artificial tears,Viscous ophthalmic,Fresh,,none,ANT-B (directional dipole),2,25.71,55.2,S11,2800.0,3200.0,0.01,40001,3064.3482,-3.935,-0.1,40.9153,74.89,65.7212,0.195,66.0039,3066.851666666667,41.4506,74.0,-3.7143333333333337,64.3171,3,8.52828603081171,-2.5035,-0.5353,0.89,-0.221,1.6868,0.294,-1.1341,-1.0284,1.9516,-0.1863,0.0104
M00222,2026-09-16 14:53:40,S1,True,EYE-10-002,Eyedrop,HPMC viscous artificial tears,Viscous ophthalmic,Fresh,,none,ANT-B (directional dipole),3,24.45,55.0,S11,2800.0,3200.0,0.01,40001,3076.3515,-3.394,41.32,42.3159,72.7,66.0203,0.195,57.8769,3066.851666666667,41.4506,74.0,-3.7143333333333337,64.3171,3,8.52828603081171,9.4998,0.8653,-1.3,0.32,-6.4402,1.114,-1.1341,11.3135,6.0478,-0.0928,0.0095
M00223,2026-09-16 14:53:47,S1,True,EYE-10-003,Eyedrop,HPMC viscous artificial tears,Viscous ophthalmic,Fresh,,none,"ANT-A (double-ridged horn, ETS 3115)",1,24.12,58.1,S11,2800.0,3200.0,0.01,40001,3081.4611,-4.221,13.83,32.2142,95.66,66.0652,0.195,65.891,3081.4524333333334,31.8485,96.75999999999999,-4.264,65.897,3,0.8321338494097374,0.0087,0.3657,-1.1,0.043,-0.006,0.01,1.9602,1.1672,-0.8647,-0.0127,0.0026
M00224,2026-09-16 14:53:53,S1,True,EYE-10-003,Eyedrop,HPMC viscous artificial tears,Viscous ophthalmic,Fresh,,none,"ANT-A (double-ridged horn, ETS 3115)",2,24.23,53.5,S11,2800.0,3200.0,0.01,40001,3082.2802,-4.298,9.47,31.5634,97.65,66.0389,0.195,65.3365,3081.4524333333334,31.8485,96.75999999999999,-4.264,65.897,3,0.8321338494097374,0.8278,-0.2851,0.89,-0.034,-0.5605,0.995,1.9602,1.6155,1.996,0.2074,0.1135
M00225,2026-09-16 14:54:00,S1,True,EYE-10-003,Eyedrop,HPMC viscous artificial tears,Viscous ophthalmic,Fresh,,none,"ANT-A (double-ridged horn, ETS 3115)",3,24.57,50.6,S11,2800.0,3200.0,0.01,40001,3080.616,-4.273,-1.92,31.7679,96.97,65.9584,0.195,66.4635,3081.4524333333334,31.8485,96.75999999999999,-4.264,65.897,3,0.8321338494097374,-0.8364,-0.0806,0.21,-0.009,0.5665,1.005,1.9602,0.0895,-4.4578,-0.0668,0.1274
M00226,2026-09-16 14:54:06,S1,True,EYE-10-003,Eyedrop,HPMC viscous artificial tears,Viscous ophthalmic,Fresh,,none,ANT-B (directional dipole),1,24.72,51.0,S11,2800.0,3200.0,0.01,40001,3063.9291,-3.906,1.15,40.8402,75.02,65.9219,0.195,66.2894,3066.2057666666665,40.86986666666667,75.16333333333334,-3.7533333333333334,64.74943333333333,3,6.528731848018948,-2.2767,-0.0297,-0.143,-0.153,1.54,0.349,1.9602,0.482,-0.9972,-0.0767,-0.0663
M00227,2026-09-16 14:54:12,S1,True,EYE-10-003,Eyedrop,HPMC viscous artificial tears,Viscous ophthalmic,Fresh,,none,ANT-B (directional dipole),2,25.03,61.0,S11,2800.0,3200.0,0.01,40001,3061.1202,-3.845,-6.6,38.6895,79.12,65.8504,0.195,68.2058,3066.2057666666665,40.86986666666667,75.16333333333334,-3.7533333333333334,64.74943333333333,3,6.528731848018948,-5.0856,-2.1804,3.957,-0.092,3.4564,0.779,1.9602,-2.7965,1.9516,0.1685,0.0502
M00228,2026-09-16 14:54:19,S1,True,EYE-10-003,Eyedrop,HPMC viscous artificial tears,Viscous ophthalmic,Fresh,,none,ANT-B (directional dipole),3,24.28,46.2,S11,2800.0,3200.0,0.01,40001,3073.568,-3.509,25.25,43.0799,71.35,66.0275,0.195,59.7531,3066.2057666666665,40.86986666666667,75.16333333333334,-3.7533333333333334,64.74943333333333,3,6.528731848018948,7.3622,2.21,-3.813,0.244,-4.9963,1.128,1.9602,9.9363,6.0478,0.1433,0.0576
M00229,2026-09-16 14:54:25,S1,True,EYE-11-001,Eyedrop,Carbomer gel-forming drops,Gel-forming ophthalmic,Fresh,,none,"ANT-A (double-ridged horn, ETS 3115)",1,25.21,62.5,S11,2800.0,3200.0,0.01,40001,3085.3734,-3.969,-13.28,32.5363,94.83,61.2899,0.205,64.7435,3086.6611666666668,32.05753333333333,96.31666666666666,-4.024,63.85773333333333,3,3.842836939467295,-1.2878,0.4788,-1.487,0.055,0.8858,0.335,-1.1781,-5.5812,-0.8647,0.1298,0.0353
M00230,2026-09-16 14:54:32,S1,True,EYE-11-001,Eyedrop,Carbomer gel-forming drops,Gel-forming ophthalmic,Fresh,,none,"ANT-A (double-ridged horn, ETS 3115)",2,25.11,69.9,S11,2800.0,3200.0,0.01,40001,3090.9825,-4.25,0.83,31.2366,98.95,61.3121,0.205,60.8791,3086.6611666666668,32.05753333333333,96.31666666666666,-4.024,63.85773333333333,3,3.842836939467295,4.3213,-0.8209,2.633,-0.226,-2.9786,1.125,-1.1781,0.05,1.996,0.1105,0.0644
M00231,2026-09-16 14:54:38,S1,True,EYE-11-001,Eyedrop,Carbomer gel-forming drops,Gel-forming ophthalmic,Fresh,,none,"ANT-A (double-ridged horn, ETS 3115)",3,24.08,54.4,S11,2800.0,3200.0,0.01,40001,3083.6276,-3.853,-17.91,32.3997,95.17,61.5386,0.205,65.9506,3086.6611666666668,32.05753333333333,96.31666666666666,-4.024,63.85773333333333,3,3.842836939467295,-3.0336,0.3422,-1.147,0.171,2.0929,0.789,-1.1781,-6.7509,-4.4578,-0.0369,-0.0183
M00232,2026-09-16 14:54:44,S1,True,EYE-11-001,Eyedrop,Carbomer gel-forming drops,Gel-forming ophthalmic,Fresh,,none,ANT-B (directional dipole),1,24.94,47.2,S11,2800.0,3200.0,0.01,40001,3066.737,-3.769,-23.1,44.1369,69.48,61.3486,0.205,65.9031,3074.5050666666666,42.94053333333333,71.68,-3.829,60.52916666666666,3,6.864686481794751,-7.7681,1.1964,-2.2,0.06,5.3739,1.132,-1.1781,-6.8236,-0.9972,-0.1008,-0.0398
M00233,2026-09-16 14:54:51,S1,True,EYE-11-001,Eyedrop,Carbomer gel-forming drops,Gel-forming ophthalmic,Fresh,,none,ANT-B (directional dipole),2,24.63,56.0,S11,2800.0,3200.0,0.01,40001,3077.0228,-3.894,13.64,43.6899,70.43,61.4176,0.205,58.7821,3074.5050666666666,42.94053333333333,71.68,-3.829,60.52916666666666,3,6.864686481794751,2.5177,0.7494,-1.25,-0.065,-1.7471,0.367,-1.1781,3.5286,1.9516,-0.1852,0.0766
M00234,2026-09-16 14:54:57,S1,True,EYE-11-001,Eyedrop,Carbomer gel-forming drops,Gel-forming ophthalmic,Fresh,,none,ANT-B (directional dipole),3,24.72,48.0,S11,2800.0,3200.0,0.01,40001,3079.7554,-3.824,15.59,40.9948,75.13,61.3975,0.205,56.9023,3074.5050666666666,42.94053333333333,71.68,-3.829,60.52916666666666,3,6.864686481794751,5.2503,-1.9457,3.45,0.005,-3.6269,0.765,-1.1781,6.0288,6.0478,0.103,-0.0079
M00235,2026-09-16 14:55:04,S1,True,EYE-11-002,Eyedrop,Carbomer gel-forming drops,Gel-forming ophthalmic,Fresh,,none,"ANT-A (double-ridged horn, ETS 3115)",1,25.03,57.0,S11,2800.0,3200.0,0.01,40001,3094.832,-4.246,18.8,32.8988,94.07,61.0474,0.205,58.2391,3089.0609,33.1141,93.30333333333333,-4.155,62.207033333333335,3,5.3602363725864945,5.7711,-0.2153,0.767,-0.091,-3.9679,1.077,-0.9302,3.5953,-0.8647,0.0164,0.1546
M00236,2026-09-16 14:55:10,S1,True,EYE-11-002,Eyedrop,Carbomer gel-forming drops,Gel-forming ophthalmic,Fresh,,none,"ANT-A (double-ridged horn, ETS 3115)",2,24.57,51.7,S11,2800.0,3200.0,0.01,40001,3088.1126,-4.302,-5.18,33.7766,91.43,61.1496,0.205,62.8537,3089.0609,33.1141,93.30333333333333,-4.155,62.207033333333335,3,5.3602363725864945,-0.9483,0.6625,-1.873,-0.147,0.6467,0.177,-0.9302,-2.7153,1.996,0.0608,-0.1517
M00237,2026-09-16 14:55:16,S1,True,EYE-11-002,Eyedrop,Carbomer gel-forming drops,Gel-forming ophthalmic,Fresh,,none,"ANT-A (double-ridged horn, ETS 3115)",3,24.23,55.5,S11,2800.0,3200.0,0.01,40001,3084.2381,-3.917,-16.94,32.6669,94.41,61.2227,0.205,65.5283,3089.0609,33.1141,93.30333333333333,-4.155,62.207033333333335,3,5.3602363725864945,-4.8228,-0.4472,1.107,0.238,3.3213,0.9,-0.9302,-6.6704,-4.4578,0.2044,-0.1098
M00238,2026-09-16 14:55:23,S1,True,EYE-11-002,Eyedrop,Carbomer gel-forming drops,Gel-forming ophthalmic,Fresh,,none,ANT-B (directional dipole),1,24.38,62.3,S11,2800.0,3200.0,0.01,40001,3075.114,-4.027,0.03,41.2486,74.55,61.19,0.205,60.0982,3075.7427000000002,42.20536666666667,72.91666666666667,-3.987,59.66533333333333,3,1.9405959883499315,-0.6287,-0.9568,1.633,-0.04,0.4329,0.324,-0.9302,1.4313,-0.9972,0.0429,-0.2171
M00239,2026-09-16 14:55:29,S1,True,EYE-11-002,Eyedrop,Carbomer gel-forming drops,Gel-forming ophthalmic,Fresh,,none,ANT-B (directional dipole),2,25.14,57.7,S11,2800.0,3200.0,0.01,40001,3077.9197,-3.94,-1.65,43.5925,70.61,61.0244,0.205,58.1646,3075.7427000000002,42.20536666666667,72.91666666666667,-3.987,59.66533333333333,3,1.9405959883499315,2.177,1.3871,-2.307,0.047,-1.5007,1.122,-0.9302,3.6779,1.9516,0.1877,-0.0394
M00240,2026-09-16 14:55:36,S1,True,EYE-11-002,Eyedrop,Carbomer gel-forming drops,Gel-forming ophthalmic,Fresh,,none,ANT-B (directional dipole),3,25.35,61.1,S11,2800.0,3200.0,0.01,40001,3074.1944,-3.994,-1.94,41.775,73.59,60.9781,0.205,60.7332,3075.7427000000002,42.20536666666667,72.91666666666667,-3.987,59.66533333333333,3,1.9405959883499315,-1.5483,-0.4304,0.673,-0.007,1.0679,0.798,-0.9302,0.1582,6.0478,0.0025,-0.126
M00241,2026-09-16 14:55:42,S1,True,EYE-11-003,Eyedrop,Carbomer gel-forming drops,Gel-forming ophthalmic,Fresh,,none,"ANT-A (double-ridged horn, ETS 3115)",1,24.44,59.0,S11,2800.0,3200.0,0.01,40001,3084.6006,-4.025,-14.32,31.352,98.39,61.3617,0.205,65.2777,3090.2464999999997,32.57293333333334,94.94333333333333,-4.125,61.3906,3,5.017370118896931,-5.6459,-1.2209,3.447,0.1,3.8871,1.125,-0.9366,-5.4448,-0.8647,0.075,0.0712
M00242,2026-09-16 14:55:48,S1,True,EYE-11-003,Eyedrop,Carbomer gel-forming drops,Gel-forming ophthalmic,Fresh,,none,"ANT-A (double-ridged horn, ETS 3115)",2,24.09,54.1,S11,2800.0,3200.0,0.01,40001,3094.195,-4.049,14.18,32.8601,94.16,61.4374,0.205,58.6753,3090.2464999999997,32.57293333333334,94.94333333333333,-4.125,61.3906,3,5.017370118896931,3.9485,0.2872,-0.783,0.076,-2.7153,0.787,-0.9366,4.1584,1.996,-0.0266,0.2737
M00243,2026-09-16 14:55:55,S1,True,EYE-11-003,Eyedrop,Carbomer gel-forming drops,Gel-forming ophthalmic,Fresh,,none,"ANT-A (double-ridged horn, ETS 3115)",3,23.7,57.2,S11,2800.0,3200.0,0.01,40001,3091.9439,-4.301,-0.41,33.5067,92.28,61.5238,0.205,60.2188,3090.2464999999997,32.57293333333334,94.94333333333333,-4.125,61.3906,3,5.017370118896931,1.6974,0.9338,-2.663,-0.176,-1.1718,0.338,-0.9366,2.2878,-4.4578,-0.0506,0.0419
M00244,2026-09-16 14:56:01,S1,True,EYE-11-003,Eyedrop,Carbomer gel-forming drops,Gel-forming ophthalmic,Fresh,,none,ANT-B (directional dipole),1,24.94,55.8,S11,2800.0,3200.0,0.01,40001,3076.3366,-3.969,7.95,40.7682,75.46,61.2502,0.205,59.255,3078.5489333333335,40.806400000000004,75.45,-3.8043333333333336,57.735733333333336,3,4.277571078700361,-2.2123,-0.0382,0.01,-0.165,1.5193,0.517,-0.9366,3.2567,-0.9972,-0.0376,0.0566
M00245,2026-09-16 14:56:08,S1,True,EYE-11-003,Eyedrop,Carbomer gel-forming drops,Gel-forming ophthalmic,Fresh,,none,ANT-B (directional dipole),2,23.82,66.4,S11,2800.0,3200.0,0.01,40001,3075.8306,-3.902,15.19,40.4037,76.13,61.4978,0.205,59.6038,3078.5489333333335,40.806400000000004,75.45,-3.8043333333333336,57.735733333333336,3,4.277571078700361,-2.7183,-0.4027,0.68,-0.098,1.8681,0.635,-0.9366,3.2954,1.9516,-0.0758,-0.0938
M00246,2026-09-16 14:56:14,S1,True,EYE-11-003,Eyedrop,Carbomer gel-forming drops,Gel-forming ophthalmic,Fresh,,none,ANT-B (directional dipole),3,24.08,53.7,S11,2800.0,3200.0,0.01,40001,3083.4796,-3.542,38.27,41.2473,74.76,61.4401,0.205,54.3484,3078.5489333333335,40.806400000000004,75.45,-3.8043333333333336,57.735733333333336,3,4.277571078700361,4.9307,0.4409,-0.69,0.262,-3.3873,1.153,-0.9366,10.7229,6.0478,0.0679,-0.099
M00247,2026-09-16 14:56:20,S1,True,SYR-12-001,Syrup,Sucrose-based paediatric syrup 65% w/v,Sucrose syrup,Fresh,,none,"ANT-A (double-ridged horn, ETS 3115)",1,25.26,71.2,S11,2800.0,3200.0,0.01,40001,3017.9448,-4.404,-10.42,54.1706,55.71,42.0707,0.235,42.0569,3020.9702666666667,55.3294,54.61333333333334,-4.332666666666667,41.24103333333333,3,5.12499634861657,-3.0255,-1.1588,1.097,-0.071,0.8159,0.59,3.8975,-3.0222,-0.8647,-0.0024,0.0041
M00248,2026-09-16 14:56:27,S1,True,SYR-12-001,Syrup,Sucrose-based paediatric syrup 65% w/v,Sucrose syrup,Fresh,,none,"ANT-A (double-ridged horn, ETS 3115)",2,24.92,47.5,S11,2800.0,3200.0,0.01,40001,3026.8876,-4.155,12.21,55.7786,54.27,42.122,0.235,39.6455,3020.9702666666667,55.3294,54.61333333333334,-4.332666666666667,41.24103333333333,3,5.12499634861657,5.9173,0.4492,-0.343,0.178,-1.5955,1.155,3.8975,6.4613,1.996,-0.1977,-0.1511
M00249,2026-09-16 14:56:33,S1,True,SYR-12-001,Syrup,Sucrose-based paediatric syrup 65% w/v,Sucrose syrup,Fresh,,none,"ANT-A (double-ridged horn, ETS 3115)",3,24.32,68.4,S11,2800.0,3200.0,0.01,40001,3018.0784,-4.439,-8.96,56.039,53.86,42.2125,0.235,42.0207,3020.9702666666667,55.3294,54.61333333333334,-4.332666666666667,41.24103333333333,3,5.12499634861657,-2.8919,0.7096,-0.753,-0.106,0.7797,0.564,3.8975,-2.8371,-4.4578,0.1848,0.2914
M00250,2026-09-16 14:56:40,S1,True,SYR-12-001,Syrup,Sucrose-based paediatric syrup 65% w/v,Sucrose syrup,Fresh,,none,ANT-B (directional dipole),1,24.05,42.8,S11,2800.0,3200.0,0.01,40001,3004.9626,-4.115,-2.92,67.7192,44.37,42.2539,0.235,41.074,3004.3220333333334,65.5994,45.82,-4.211666666666667,41.24796666666666,3,0.8780048652103091,0.6406,2.1198,-1.45,0.097,-0.174,0.73,3.8975,1.1422,-0.9972,0.0665,0.0568
M00251,2026-09-16 14:56:46,S1,True,SYR-12-001,Syrup,Sucrose-based paediatric syrup 65% w/v,Sucrose syrup,Fresh,,none,ANT-B (directional dipole),2,25.34,61.7,S11,2800.0,3200.0,0.01,40001,3004.6823,-4.198,-6.77,64.1468,46.84,42.0587,0.235,41.1501,3004.3220333333334,65.5994,45.82,-4.211666666666667,41.24796666666666,3,0.8780048652103091,0.3603,-1.4526,1.02,0.014,-0.0979,0.41,3.8975,0.1252,1.9516,-0.0358,0.1762
M00252,2026-09-16 14:56:52,S1,True,SYR-12-001,Syrup,Sucrose-based paediatric syrup 65% w/v,Sucrose syrup,Fresh,,none,ANT-B (directional dipole),3,24.13,58.6,S11,2800.0,3200.0,0.01,40001,3003.3212,-4.322,-0.19,64.9322,46.25,42.2423,0.235,41.5198,3004.3220333333334,65.5994,45.82,-4.211666666666667,41.24796666666666,3,0.8780048652103091,-1.0008,-0.6672,0.43,-0.11,0.2718,1.14,3.8975,-0.2252,6.0478,0.0027,-0.1958
M00253,2026-09-16 14:56:59,S1,True,SYR-12-002,Syrup,Sucrose-based paediatric syrup 65% w/v,Sucrose syrup,Fresh,,none,"ANT-A (double-ridged horn, ETS 3115)",1,23.89,63.9,S11,2800.0,3200.0,0.01,40001,3014.2103,-4.539,2.36,57.8594,52.1,43.1051,0.235,43.0703,3013.720633333334,56.308400000000006,53.57333333333333,-4.443666666666666,43.20446666666667,3,3.3756423526986006,0.4897,1.551,-1.473,-0.095,-0.1342,0.145,-0.7037,0.4003,-0.8647,0.1344,0.1298
M00254,2026-09-16 14:57:05,S1,True,SYR-12-002,Syrup,Sucrose-based paediatric syrup 65% w/v,Sucrose syrup,Fresh,,none,"ANT-A (double-ridged horn, ETS 3115)",2,25.15,66.8,S11,2800.0,3200.0,0.01,40001,3016.8247,-4.423,4.39,57.1392,52.8,42.9109,0.235,42.3605,3013.720633333334,56.308400000000006,53.57333333333333,-4.443666666666666,43.20446666666667,3,3.3756423526986006,3.1041,0.8308,-0.773,0.021,-0.844,0.92,-0.7037,2.7051,1.996,-0.072,-0.0682
M00255,2026-09-16 14:57:12,S1,True,SYR-12-002,Syrup,Sucrose-based paediatric syrup 65% w/v,Sucrose syrup,Fresh,,none,"ANT-A (double-ridged horn, ETS 3115)",3,25.17,54.9,S11,2800.0,3200.0,0.01,40001,3010.1269,-4.369,-22.54,53.9266,55.82,42.9074,0.235,44.1826,3013.720633333334,56.308400000000006,53.57333333333333,-4.443666666666666,43.20446666666667,3,3.3756423526986006,-3.5937,-2.3818,2.247,0.075,0.9781,1.065,-0.7037,-4.4521,-4.4578,0.0959,0.2105
M00256,2026-09-16 14:57:18,S1,True,SYR-12-002,Syrup,Sucrose-based paediatric syrup 65% w/v,Sucrose syrup,Fresh,,none,ANT-B (directional dipole),1,24.81,50.1,S11,2800.0,3200.0,0.01,40001,3002.1701,-4.193,20.24,63.0463,47.62,42.9632,0.235,41.8329,3000.8172,64.25143333333334,46.71666666666667,-4.163,42.201433333333334,3,1.319799534020082,1.3529,-1.2051,0.903,-0.03,-0.3685,1.025,-0.7037,4.6302,-0.9972,-0.0304,0.0831
M00257,2026-09-16 14:57:24,S1,True,SYR-12-002,Syrup,Sucrose-based paediatric syrup 65% w/v,Sucrose syrup,Fresh,,none,ANT-B (directional dipole),2,25.09,65.5,S11,2800.0,3200.0,0.01,40001,2999.5332,-4.171,4.27,65.6477,45.69,42.9197,0.235,42.5514,3000.8172,64.25143333333334,46.71666666666667,-4.163,42.201433333333334,3,1.319799534020082,-1.284,1.3963,-1.027,-0.008,0.35,0.973,-0.7037,1.7903,1.9516,0.0266,0.07
M00258,2026-09-16 14:57:31,S1,True,SYR-12-002,Syrup,Sucrose-based paediatric syrup 65% w/v,Sucrose syrup,Fresh,,none,ANT-B (directional dipole),3,24.34,56.0,S11,2800.0,3200.0,0.01,40001,3000.7483,-4.125,9.68,64.0603,46.84,43.0364,0.235,42.22,3000.8172,64.25143333333334,46.71666666666667,-4.163,42.201433333333334,3,1.319799534020082,-0.0689,-0.1911,0.123,0.038,0.0186,0.052,-0.7037,3.0734,6.0478,0.2135,0.2419
M00259,2026-09-16 14:57:37,S1,True,SYR-12-003,Syrup,Sucrose-based paediatric syrup 65% w/v,Sucrose syrup,Fresh,,none,"ANT-A (double-ridged horn, ETS 3115)",1,24.13,60.7,S11,2800.0,3200.0,0.01,40001,3015.7798,-4.402,-7.83,55.5039,54.33,42.0052,0.235,42.6439,3016.9426333333336,55.7103,54.156666666666666,-4.471666666666667,42.32893333333333,3,2.215278073590952,-1.1628,-0.2064,0.173,0.07,0.315,0.525,1.1167,-1.7645,-0.8647,-0.1426,0.0924
M00260,2026-09-16 14:57:44,S1,True,SYR-12-003,Syrup,Sucrose-based paediatric syrup 65% w/v,Sucrose syrup,Fresh,,none,"ANT-A (double-ridged horn, ETS 3115)",2,25.57,70.2,S11,2800.0,3200.0,0.01,40001,3019.4972,-4.499,0.61,56.4688,53.47,41.7881,0.235,41.6368,3016.9426333333336,55.7103,54.156666666666666,-4.471666666666667,42.32893333333333,3,2.215278073590952,2.5546,0.7585,-0.687,-0.027,-0.6921,1.153,1.1167,1.4332,1.996,-0.1073,-0.233
M00261,2026-09-16 14:57:50,S1,True,SYR-12-003,Syrup,Sucrose-based paediatric syrup 65% w/v,Sucrose syrup,Fresh,,none,"ANT-A (double-ridged horn, ETS 3115)",3,25.02,54.5,S11,2800.0,3200.0,0.01,40001,3015.5509,-4.514,-7.28,55.1582,54.67,41.8717,0.235,42.7061,3016.9426333333336,55.7103,54.156666666666666,-4.471666666666667,42.32893333333333,3,2.215278073590952,-1.3917,-0.5521,0.513,-0.042,0.3772,0.628,1.1167,-2.5245,-4.4578,-0.01,-0.0068
M00262,2026-09-16 14:57:56,S1,True,SYR-12-003,Syrup,Sucrose-based paediatric syrup 65% w/v,Sucrose syrup,Fresh,,none,ANT-B (directional dipole),1,24.44,63.8,S11,2800.0,3200.0,0.01,40001,2995.2067,-3.95,-16.56,68.211,43.91,41.9586,0.235,43.7344,3000.4796,66.6531,45.03333333333333,-4.068333333333333,42.29573333333334,3,5.188658509672827,-5.2729,1.5579,-1.123,0.118,1.4387,1.016,1.1167,-5.9206,-0.9972,-0.0332,-0.0173
M00263,2026-09-16 14:58:03,S1,True,SYR-12-003,Syrup,Sucrose-based paediatric syrup 65% w/v,Sucrose syrup,Fresh,,none,ANT-B (directional dipole),2,24.83,50.7,S11,2800.0,3200.0,0.01,40001,3000.6524,-4.209,0.55,64.8746,46.25,41.9006,0.235,42.2462,3000.4796,66.6531,45.03333333333333,-4.068333333333333,42.29573333333334,3,5.188658509672827,0.1728,-1.7785,1.217,-0.141,-0.0495,0.033,1.1167,-0.7357,1.9516,0.0806,-0.0852
M00264,2026-09-16 14:58:09,S1,True,SYR-12-003,Syrup,Sucrose-based paediatric syrup 65% w/v,Sucrose syrup,Fresh,,none,ANT-B (directional dipole),3,24.6,54.2,S11,2800.0,3200.0,0.01,40001,3005.5797,-4.046,14.34,66.8737,44.94,41.9345,0.235,40.9066,3000.4796,66.6531,45.03333333333333,-4.068333333333333,42.29573333333334,3,5.188658509672827,5.1001,0.2206,-0.093,0.022,-1.3891,0.983,1.1167,4.4529,6.0478,0.0367,-0.1768
M00265,2026-09-16 14:58:16,S1,True,SYR-13-001,Syrup,Sorbitol sugar-free syrup,Sorbitol syrup,Fresh,,none,"ANT-A (double-ridged horn, ETS 3115)",1,24.43,67.9,S11,2800.0,3200.0,0.01,40001,2973.8646,-4.212,15.63,53.0804,56.03,54.5291,0.215,54.7569,2968.5839,52.684400000000004,56.36000000000001,-3.955,56.27693333333334,3,8.7055236126266,5.2807,0.396,-0.33,-0.257,-1.52,0.607,-0.8894,4.2467,-0.8647,-0.1122,-0.0813
M00266,2026-09-16 14:58:22,S1,True,SYR-13-001,Syrup,Sorbitol sugar-free syrup,Sorbitol syrup,Fresh,,none,"ANT-A (double-ridged horn, ETS 3115)",2,23.51,61.7,S11,2800.0,3200.0,0.01,40001,2973.3511,-4.157,16.26,53.4496,55.63,54.7081,0.215,54.9036,2968.5839,52.684400000000004,56.36000000000001,-3.955,56.27693333333334,3,8.7055236126266,4.7672,0.7652,-0.73,-0.202,-1.3733,0.548,-0.8894,4.0506,1.996,0.2423,-0.1155
M00267,2026-09-16 14:58:28,S1,True,SYR-13-001,Syrup,Sorbitol sugar-free syrup,Sorbitol syrup,Fresh,,none,"ANT-A (double-ridged horn, ETS 3115)",3,23.94,52.1,S11,2800.0,3200.0,0.01,40001,2958.536,-3.496,-25.21,51.5232,57.42,54.6238,0.215,59.1703,2968.5839,52.684400000000004,56.36000000000001,-3.955,56.27693333333334,3,8.7055236126266,-10.0479,-1.1612,1.06,0.459,2.8934,1.154,-0.8894,-10.884,-4.4578,0.0534,-0.1073
M00268,2026-09-16 14:58:35,S1,True,SYR-13-001,Syrup,Sorbitol sugar-free syrup,Sorbitol syrup,Fresh,,none,ANT-B (directional dipole),1,24.4,60.9,S11,2800.0,3200.0,0.01,40001,2952.1927,-4.057,-3.03,57.3515,51.48,54.5353,0.215,56.2883,2957.7574999999997,60.4115,49.026666666666664,-3.8206666666666664,54.6927,3,8.585649627721924,-5.5648,-3.06,2.453,-0.236,1.5956,0.648,-0.8894,-1.1318,-0.9972,-0.0514,-0.0754
M00269,2026-09-16 14:58:41,S1,True,SYR-13-001,Syrup,Sorbitol sugar-free syrup,Sorbitol syrup,Fresh,,none,ANT-B (directional dipole),2,24.52,68.3,S11,2800.0,3200.0,0.01,40001,2953.4344,-4.027,5.16,62.2335,47.46,54.5105,0.215,55.9299,2957.7574999999997,60.4115,49.026666666666664,-3.8206666666666664,54.6927,3,8.585649627721924,-4.3231,1.822,-1.567,-0.206,1.2372,0.504,-0.8894,-0.0511,1.9516,-0.0129,-0.041
M00270,2026-09-16 14:58:48,S1,True,SYR-13-001,Syrup,Sorbitol sugar-free syrup,Sorbitol syrup,Fresh,,none,ANT-B (directional dipole),3,25.01,51.3,S11,2800.0,3200.0,0.01,40001,2967.6454,-3.378,36.92,61.6495,48.14,54.4141,0.215,51.8599,2957.7574999999997,60.4115,49.026666666666664,-3.8206666666666664,54.6927,3,8.585649627721924,9.8879,1.238,-0.887,0.443,-2.8328,1.152,-0.8894,13.8586,6.0478,-0.1059,0.0118
M00271,2026-09-16 14:58:54,S1,True,SYR-13-002,Syrup,Sorbitol sugar-free syrup,Sorbitol syrup,Fresh,,none,"ANT-A (double-ridged horn, ETS 3115)",1,24.76,42.7,S11,2800.0,3200.0,0.01,40001,2986.5292,-4.183,21.45,50.0164,59.71,54.8747,0.215,51.1616,2981.788966666667,50.7285,58.79666666666666,-4.341666666666667,52.5036,3,4.200795829760327,4.7402,-0.7121,0.913,0.159,-1.342,1.128,1.4525,4.8706,-0.8647,-0.0043,-0.2197
M00272,2026-09-16 14:59:00,S1,True,SYR-13-002,Syrup,Sorbitol sugar-free syrup,Sorbitol syrup,Fresh,,none,"ANT-A (double-ridged horn, ETS 3115)",2,24.45,55.8,S11,2800.0,3200.0,0.01,40001,2980.3101,-4.49,-2.55,50.2482,59.31,54.936,0.215,52.9214,2981.788966666667,50.7285,58.79666666666666,-4.341666666666667,52.5036,3,4.200795829760327,-1.4789,-0.4803,0.513,-0.148,0.4178,0.352,1.4525,-1.4467,1.996,0.0424,0.0399
M00273,2026-09-16 14:59:07,S1,True,SYR-13-002,Syrup,Sorbitol sugar-free syrup,Sorbitol syrup,Fresh,,none,"ANT-A (double-ridged horn, ETS 3115)",3,24.75,62.5,S11,2800.0,3200.0,0.01,40001,2978.5276,-4.352,-18.19,51.9209,57.37,54.8751,0.215,53.4278,2981.788966666667,50.7285,58.79666666666666,-4.341666666666667,52.5036,3,4.200795829760327,-3.2614,1.1924,-1.427,-0.01,0.9242,0.776,1.4525,-3.3599,-4.4578,0.015,-0.0085
M00274,2026-09-16 14:59:13,S1,True,SYR-13-002,Syrup,Sorbitol sugar-free syrup,Sorbitol syrup,Fresh,,none,ANT-B (directional dipole),1,24.16,54.0,S11,2800.0,3200.0,0.01,40001,2964.0347,-4.063,-0.77,62.2213,47.64,54.9927,0.215,52.8884,2966.1835333333333,61.44273333333334,48.29,-4.009666666666667,52.2768,3,3.172243909811173,-2.1488,0.7786,-0.65,-0.053,0.6116,0.677,1.4525,-1.1645,-0.9972,0.07,0.0362
M00275,2026-09-16 14:59:20,S1,True,SYR-13-002,Syrup,Sorbitol sugar-free syrup,Sorbitol syrup,Fresh,,none,ANT-B (directional dipole),2,25.37,56.7,S11,2800.0,3200.0,0.01,40001,2964.6889,-4.031,-5.17,61.972,47.84,54.754,0.215,52.7018,2966.1835333333333,61.44273333333334,48.29,-4.009666666666667,52.2768,3,3.172243909811173,-1.4946,0.5293,-0.45,-0.021,0.425,0.471,1.4525,-1.1192,1.9516,0.0134,-0.1039
M00276,2026-09-16 14:59:26,S1,True,SYR-13-002,Syrup,Sorbitol sugar-free syrup,Sorbitol syrup,Fresh,,none,ANT-B (directional dipole),3,23.84,54.6,S11,2800.0,3200.0,0.01,40001,2969.827,-3.935,3.5,60.1349,49.39,55.0558,0.215,51.2402,2966.1835333333333,61.44273333333334,48.29,-4.009666666666667,52.2768,3,3.172243909811173,3.6435,-1.3078,1.1,0.075,-1.0366,1.149,1.4525,5.0559,6.0478,-0.1016,-0.0073
M00277,2026-09-16 14:59:32,S1,True,SYR-13-003,Syrup,Sorbitol sugar-free syrup,Sorbitol syrup,Fresh,,none,"ANT-A (double-ridged horn, ETS 3115)",1,24.44,60.1,S11,2800.0,3200.0,0.01,40001,2967.5958,-4.249,-2.95,49.6734,59.74,54.9824,0.215,56.5535,2969.791533333333,50.919900000000005,58.34,-4.188666666666666,55.925333333333334,3,5.0048180689545285,-2.1957,-1.2465,1.4,-0.06,0.6282,0.439,0.0738,-4.3931,-0.8647,-0.0574,-0.0521
M00278,2026-09-16 14:59:39,S1,True,SYR-13-003,Syrup,Sorbitol sugar-free syrup,Sorbitol syrup,Fresh,,none,"ANT-A (double-ridged horn, ETS 3115)",2,24.48,39.7,S11,2800.0,3200.0,0.01,40001,2975.5189,-4.314,5.85,51.4993,57.78,54.9746,0.215,54.2846,2969.791533333333,50.919900000000005,58.34,-4.188666666666666,55.925333333333334,3,5.0048180689545285,5.7274,0.5794,-0.56,-0.125,-1.6407,1.144,0.0738,3.3976,1.996,0.0668,-0.0711
M00279,2026-09-16 14:59:45,S1,True,SYR-13-003,Syrup,Sorbitol sugar-free syrup,Sorbitol syrup,Fresh,,none,"ANT-A (double-ridged horn, ETS 3115)",3,24.69,59.1,S11,2800.0,3200.0,0.01,40001,2966.2599,-4.003,-24.05,51.587,57.5,54.9338,0.215,56.9379,2969.791533333333,50.919900000000005,58.34,-4.188666666666666,55.925333333333334,3,5.0048180689545285,-3.5316,0.6671,-0.84,0.186,1.0126,0.706,0.0738,-6.168,-4.4578,0.1429,0.0159
M00280,2026-09-16 14:59:52,S1,True,SYR-13-003,Syrup,Sorbitol sugar-free syrup,Sorbitol syrup,Fresh,,none,ANT-B (directional dipole),1,25.53,50.9,S11,2800.0,3200.0,0.01,40001,2945.2195,-3.547,-42.0,62.3725,47.22,54.7682,0.215,58.3096,2954.9108666666666,63.07136666666667,46.85666666666666,-3.827666666666667,55.511300000000006,3,8.458686743421389,-9.6914,-0.6989,0.363,0.281,2.7983,1.146,0.0738,-11.2244,-0.9972,-0.0564,-0.0014
M00281,2026-09-16 14:59:58,S1,True,SYR-13-003,Syrup,Sorbitol sugar-free syrup,Sorbitol syrup,Fresh,,none,ANT-B (directional dipole),2,23.92,54.8,S11,2800.0,3200.0,0.01,40001,2960.8089,-3.85,19.01,62.677,47.24,55.0851,0.215,53.8105,2954.9108666666666,63.07136666666667,46.85666666666666,-3.827666666666667,55.511300000000006,3,8.458686743421389,5.898,-0.3944,0.383,-0.022,-1.7008,0.697,0.0738,5.6952,1.9516,-0.0517,-0.2289
M00282,2026-09-16 15:00:04,S1,True,SYR-13-003,Syrup,Sorbitol sugar-free syrup,Sorbitol syrup,Fresh,,none,ANT-B (directional dipole),3,24.91,52.5,S11,2800.0,3200.0,0.01,40001,2958.7042,-4.086,3.64,64.1646,46.11,54.8908,0.215,54.4138,2954.9108666666666,63.07136666666667,46.85666666666666,-3.827666666666667,55.511300000000006,3,8.458686743421389,3.7933,1.0932,-0.747,-0.258,-1.0975,0.448,0.0738,2.4622,6.0478,0.1913,-0.0223
M00283,2026-09-16 15:00:11,S1,True,SYR-14-001,Syrup,"Suspension, antacid",Antacid suspension,Fresh,,none,"ANT-A (double-ridged horn, ETS 3115)",1,23.88,61.1,S11,2800.0,3200.0,0.01,40001,2958.8456,-4.613,3.1,51.5904,57.35,57.9404,0.25,58.231,2959.8009,56.34246666666667,52.73,-4.541666666666667,57.95943333333333,3,3.6745936686931624,-0.9553,-4.7521,4.62,-0.071,0.2716,0.26,1.2244,0.6788,-0.8647,-0.023,0.1225
M00284,2026-09-16 15:00:17,S1,True,SYR-14-001,Syrup,"Suspension, antacid",Antacid suspension,Fresh,,none,"ANT-A (double-ridged horn, ETS 3115)",2,24.04,58.5,S11,2800.0,3200.0,0.01,40001,2963.8588,-4.342,18.24,59.1502,50.11,57.9071,0.25,56.8018,2959.8009,56.34246666666667,52.73,-4.541666666666667,57.95943333333333,3,3.6745936686931624,4.0579,2.8077,-2.62,0.2,-1.1576,1.104,1.2244,5.7696,1.996,0.1169,-0.2131
M00285,2026-09-16 15:00:24,S1,True,SYR-14-001,Syrup,"Suspension, antacid",Antacid suspension,Fresh,,none,"ANT-A (double-ridged horn, ETS 3115)",3,24.65,59.3,S11,2800.0,3200.0,0.01,40001,2956.6983,-4.67,-3.16,58.2868,50.73,57.7807,0.25,58.8455,2959.8009,56.34246666666667,52.73,-4.541666666666667,57.95943333333333,3,3.6745936686931624,-3.1026,1.9443,-2.0,-0.128,0.8861,0.844,1.2244,-1.9374,-4.4578,0.079,-0.077
M00286,2026-09-16 15:00:30,S1,True,SYR-14-001,Syrup,"Suspension, antacid",Antacid suspension,Fresh,,none,ANT-B (directional dipole),1,24.83,63.8,S11,2800.0,3200.0,0.01,40001,2943.1038,-4.244,-0.89,64.914,45.34,57.7426,0.25,58.0785,2944.604033333333,64.75643333333333,45.47666666666667,-4.192333333333333,57.6481,3,1.5092290228238854,-1.5002,0.1576,-0.137,-0.052,0.4304,0.994,1.2244,0.4321,-0.9972,0.1493,0.0192
M00287,2026-09-16 15:00:36,S1,True,SYR-14-001,Syrup,"Suspension, antacid",Antacid suspension,Fresh,,none,ANT-B (directional dipole),2,24.55,58.6,S11,2800.0,3200.0,0.01,40001,2946.1221,-4.194,25.79,64.1337,45.94,57.8015,0.25,57.2128,2944.604033333333,64.75643333333333,45.47666666666667,-4.192333333333333,57.6481,3,1.5092290228238854,1.5181,-0.6227,0.463,-0.002,-0.4353,1.006,1.2244,3.6917,1.9516,0.1801,-0.0452
M00288,2026-09-16 15:00:43,S1,True,SYR-14-001,Syrup,"Suspension, antacid",Antacid suspension,Fresh,,none,ANT-B (directional dipole),3,24.94,57.6,S11,2800.0,3200.0,0.01,40001,2944.5862,-4.139,0.29,65.2216,45.15,57.7204,0.25,57.653,2944.604033333333,64.75643333333333,45.47666666666667,-4.192333333333333,57.6481,3,1.5092290228238854,-0.0178,0.4652,-0.327,0.053,0.0049,0.012,1.2244,1.7344,6.0478,0.0329,0.2375
M00289,2026-09-16 15:00:49,S1,True,SYR-14-002,Syrup,"Suspension, antacid",Antacid suspension,Fresh,,none,"ANT-A (double-ridged horn, ETS 3115)",1,24.81,60.1,S11,2800.0,3200.0,0.01,40001,2964.8184,-4.582,14.89,56.4658,52.51,57.4573,0.25,56.529,2962.2616666666668,57.2963,51.71,-4.25,57.26213333333334,3,7.751373463027962,2.5567,-0.8305,0.8,-0.332,-0.7331,0.33,-0.1467,2.9846,-0.8647,0.0237,-0.0507
M00290,2026-09-16 15:00:56,S1,True,SYR-14-002,Syrup,"Suspension, antacid",Antacid suspension,Fresh,,none,"ANT-A (double-ridged horn, ETS 3115)",2,23.97,60.0,S11,2800.0,3200.0,0.01,40001,2968.4117,-4.194,27.0,57.811,51.35,57.6292,0.25,55.51,2962.2616666666668,57.2963,51.71,-4.25,57.26213333333334,3,7.751373463027962,6.15,0.5147,-0.36,0.056,-1.7521,0.793,-0.1467,7.152,1.996,0.048,-0.0473
M00291,2026-09-16 15:01:02,S1,True,SYR-14-002,Syrup,"Suspension, antacid",Antacid suspension,Fresh,,none,"ANT-A (double-ridged horn, ETS 3115)",3,24.84,49.2,S11,2800.0,3200.0,0.01,40001,2953.5549,-3.974,-18.95,57.6121,51.27,57.4507,0.25,59.7474,2962.2616666666668,57.2963,51.71,-4.25,57.26213333333334,3,7.751373463027962,-8.7068,0.3158,-0.44,0.276,2.4853,1.123,-0.1467,-8.1566,-4.4578,-0.0324,-0.1398
M00292,2026-09-16 15:01:08,S1,True,SYR-14-002,Syrup,"Suspension, antacid",Antacid suspension,Fresh,,none,ANT-B (directional dipole),1,23.29,51.8,S11,2800.0,3200.0,0.01,40001,2945.6374,-4.307,-1.83,65.7252,44.82,57.7707,0.25,57.3516,2946.7635333333333,65.11370000000001,45.36000000000001,-4.318333333333334,57.029333333333334,3,1.2711594326966795,-1.1261,0.6115,-0.54,0.011,0.3223,0.886,-0.1467,1.1271,-0.9972,0.068,-0.0374
M00293,2026-09-16 15:01:15,S1,True,SYR-14-002,Syrup,"Suspension, antacid",Antacid suspension,Fresh,,none,ANT-B (directional dipole),2,25.29,53.5,S11,2800.0,3200.0,0.01,40001,2946.5113,-4.301,0.95,61.0448,48.27,57.3567,0.25,57.1014,2946.7635333333333,65.11370000000001,45.36000000000001,-4.318333333333334,57.029333333333334,3,1.2711594326966795,-0.2522,-4.0689,2.91,0.017,0.0721,0.198,-0.1467,0.4795,1.9516,0.0228,0.0878
M00294,2026-09-16 15:01:21,S1,True,SYR-14-002,Syrup,"Suspension, antacid",Antacid suspension,Fresh,,none,ANT-B (directional dipole),3,24.53,56.2,S11,2800.0,3200.0,0.01,40001,2948.1419,-4.347,13.98,68.5711,42.99,57.5154,0.25,56.635,2946.7635333333333,65.11370000000001,45.36000000000001,-4.318333333333334,57.029333333333334,3,1.2711594326966795,1.3784,3.4574,-2.37,-0.029,-0.3943,1.084,-0.1467,2.942,6.0478,-0.0193,-0.149
M00295,2026-09-16 15:01:28,S1,True,SYR-14-003,Syrup,"Suspension, antacid",Antacid suspension,Fresh,,none,"ANT-A (double-ridged horn, ETS 3115)",1,24.54,54.4,S11,2800.0,3200.0,0.01,40001,2955.6376,-4.523,-13.12,59.9563,49.3,58.6958,0.25,59.1495,2956.6801666666665,59.51773333333333,49.68,-4.269666666666667,58.855133333333335,3,6.802436622515,-1.0426,0.4386,-0.38,-0.253,0.2944,0.153,2.4849,-3.1383,-0.8647,0.0957,-0.0156
M00296,2026-09-16 15:01:34,S1,True,SYR-14-003,Syrup,"Suspension, antacid",Antacid suspension,Fresh,,none,"ANT-A (double-ridged horn, ETS 3115)",2,24.59,56.1,S11,2800.0,3200.0,0.01,40001,2963.9437,-4.293,8.99,59.052,50.19,58.6837,0.25,56.7776,2956.6801666666665,59.51773333333333,49.68,-4.269666666666667,58.855133333333335,3,6.802436622515,7.2635,-0.4657,0.51,-0.023,-2.0775,1.068,2.4849,5.4788,1.996,-0.0441,-0.2292
M00297,2026-09-16 15:01:40,S1,True,SYR-14-003,Syrup,"Suspension, antacid",Antacid suspension,Fresh,,none,"ANT-A (double-ridged horn, ETS 3115)",3,24.47,53.4,S11,2800.0,3200.0,0.01,40001,2950.4592,-3.993,-36.2,59.5449,49.55,58.71,0.25,60.6383,2956.6801666666665,59.51773333333333,49.68,-4.269666666666667,58.855133333333335,3,6.802436622515,-6.221,0.0272,-0.13,0.277,1.7832,0.915,2.4849,-8.3777,-4.4578,0.075,0.1157
M00298,2026-09-16 15:01:47,S1,True,SYR-14-003,Syrup,"Suspension, antacid",Antacid suspension,Fresh,,none,ANT-B (directional dipole),1,24.5,57.4,S11,2800.0,3200.0,0.01,40001,2939.7966,-4.208,-6.21,65.1796,45.1,58.7042,0.25,59.0301,2946.3830333333335,66.51326666666667,44.30666666666667,-4.038666666666667,57.14176666666666,3,6.152910509939971,-6.5864,-1.3337,0.793,-0.169,1.8883,1.07,2.4849,-2.5662,-0.9972,-0.0879,0.0425
M00299,2026-09-16 15:01:53,S1,True,SYR-14-003,Syrup,"Suspension, antacid",Antacid suspension,Fresh,,none,ANT-B (directional dipole),2,24.4,60.0,S11,2800.0,3200.0,0.01,40001,2947.3692,-4.097,18.0,66.3301,44.43,58.7251,0.25,56.8559,2946.3830333333335,66.51326666666667,44.30666666666667,-4.038666666666667,57.14176666666666,3,6.152910509939971,0.9862,-0.1832,0.123,-0.058,-0.2859,0.16,2.4849,5.1396,1.9516,-0.0491,-0.0567
M00300,2026-09-18 15:02:00,S2,True,SYR-14-003,Syrup,"Suspension, antacid",Antacid suspension,Fresh,,none,ANT-B (directional dipole),3,24.03,54.6,S11,2800.0,3200.0,0.01,40001,2951.9833,-3.811,34.35,68.0301,43.39,58.8037,0.25,55.5393,2946.3830333333335,66.51326666666667,44.30666666666667,-4.038666666666667,57.14176666666666,3,6.152910509939971,5.6003,1.5168,-0.917,0.228,-1.6025,0.91,2.4849,9.9118,6.0478,0.1456,-0.1355
M00301,2026-09-18 14:38:40,S2,False,AMP-05-001,Ampoule,Aqueous small-volume parenteral,Aqueous SVP,Heat-stressed 60C,,subtle,"ANT-A (double-ridged horn, ETS 3115)",2,23.9,55.9,S11,2800.0,3200.0,0.01,40001,3012.0993,-3.861,8.72,35.2689,85.4,74.8847,0.17531,74.4138,3008.1085000000003,36.2857,82.90333333333332,-3.8143333333333334,76.29453333333333,3,5.854424420043359,3.9908,-1.0168,2.497,-0.047,-1.8807,0.682,-0.6105,2.9618,1.996,-0.9707,0.2146
M00302,2026-09-18 14:38:53,S2,False,SYR-12-001,Syrup,Sucrose-based paediatric syrup 65% w/v,Sucrose syrup,Photodegraded,,subtle,"ANT-A (double-ridged horn, ETS 3115)",2,24.64,43.3,S11,2800.0,3200.0,0.01,40001,3022.9328,-4.436,14.56,55.8484,54.13,42.1047,0.23533,40.7093,3020.9702666666667,55.3294,54.61333333333334,-4.332666666666667,41.24103333333333,3,5.12499634861657,1.9625,0.519,-0.483,-0.103,-0.5317,0.383,3.8975,2.815,1.996,-0.763,0.0416
M00303,2026-09-18 14:39:06,S2,False,EYE-09-002,Eyedrop,Aqueous ophthalmic + BAK preservative,Ophthalmic aqueous,Fresh,,none,ANT-B (directional dipole),4,23.71,51.2,S11,2800.0,3200.0,0.01,40001,3059.3654,-3.611,10.39,38.4838,79.5,72.9897,0.165,70.2184,3058.322666666667,39.650200000000005,77.2,-3.587666666666667,70.95246666666667,3,7.148076540114402,1.0427,-1.1664,2.3,-0.023,-0.7341,0.146,-2.4444,4.6382,-0.0577,0.0325,0.0046
M00304,2026-09-18 14:39:18,S2,False,AMP-06-004,Ampoule,Propylene glycol cosolvent 40%,Cosolvent injectable,Expired (24 mo),,subtle,ANT-B (directional dipole),10,25.72,69.6,S11,2800.0,3200.0,0.01,40001,3091.1644,-3.429,39.98,51.5888,59.92,38.0298,0.22026,31.5416,3078.955,49.89116666666666,61.74333333333334,-3.9756666666666667,36.84493333333333,3,6.260758193701545,12.2094,1.6976,-1.823,0.547,-5.3033,1.95,0.392,13.4652,2.3219,-0.7101,0.0681
M00305,2026-09-18 14:39:31,S2,False,VIA-02-001,Vial,Dextrose 5% injectable,Dextrose injectable,Expired (24 mo),,subtle,"ANT-A (double-ridged horn, ETS 3115)",9,25.08,57.3,S11,2800.0,3200.0,0.01,40001,2962.7042,-3.833,-0.66,39.2218,75.54,70.1629,0.15519,69.0782,2959.6769,39.059599999999996,75.86666666666666,-3.685333333333334,70.12873333333333,3,5.507539468764639,3.0273,0.1622,-0.327,-0.148,-1.0505,0.55,0.8112,1.7373,1.242,-1.0587,-0.1466
M00306,2026-09-18 14:39:44,S2,False,VIA-01-003,Vial,Aqueous injectable (0.9% NaCl base),Saline injectable,Substituted,Distilled water,gross,"ANT-A (double-ridged horn, ETS 3115)",5,23.96,57.5,S11,2800.0,3200.0,0.01,40001,2935.348,-3.672,-11.17,38.5157,76.21,77.7898,0.157,79.1773,2943.611066666667,40.9355,71.91666666666667,-3.792333333333333,76.24063333333334,3,6.074375574767549,-8.2631,-2.4198,4.293,0.12,2.9367,1.36,-0.7191,-3.8391,-0.9385,0.1472,0.0165
M00307,2026-09-18 14:39:56,S2,False,EYE-09-002,Eyedrop,Aqueous ophthalmic + BAK preservative,Ophthalmic aqueous,Photodegraded,,subtle,"ANT-A (double-ridged horn, ETS 3115)",2,24.94,58.5,S11,2800.0,3200.0,0.01,40001,3075.0481,-3.91,17.59,31.3347,98.14,72.566,0.16523,71.0701,3071.2416,30.780333333333335,99.83999999999999,-3.853666666666667,73.70293333333333,3,3.8298250782508076,3.8065,0.5544,-1.7,-0.056,-2.6328,0.994,-2.4444,4.108,1.996,-1.4905,0.2305
M00308,2026-09-18 14:40:09,S2,False,VIA-03-001,Vial,Reconstituted lyophilised antibiotic,Reconstituted powder,Expired (24 mo),,subtle,ANT-B (directional dipole),5,24.63,59.4,S11,2800.0,3200.0,0.01,40001,2943.7528,-3.484,-28.68,53.0744,55.46,67.8402,0.18522,71.4072,2956.3107,52.3683,56.47666666666667,-3.7916666666666665,66.97486666666667,3,2.1657838049998444,-12.5579,0.7061,-1.017,0.308,4.4323,5.798,1.2065,-9.0397,3.0499,-0.8644,-0.1396
M00309,2026-09-18 14:40:22,S2,False,AMP-06-001,Ampoule,Propylene glycol cosolvent 40%,Cosolvent injectable,Fresh,,none,ANT-B (directional dipole),8,24.81,59.1,S11,2800.0,3200.0,0.01,40001,3079.6779,-4.17,5.48,50.7898,60.64,37.449,0.22,36.5239,3083.8266000000003,49.481433333333335,62.34,-3.8829999999999996,34.72483333333333,3,6.979905624004021,-4.1487,1.3084,-1.7,-0.287,1.7991,0.594,1.2262,0.1536,-0.5187,0.0603,-0.0979
M00310,2026-09-18 14:40:35,S2,False,EYE-10-003,Eyedrop,HPMC viscous artificial tears,Viscous ophthalmic,Fresh,,none,ANT-B (directional dipole),2,24.17,60.0,S11,2800.0,3200.0,0.01,40001,3065.2821,-3.931,8.02,42.3006,72.46,66.0527,0.195,65.3681,3066.2057666666665,40.86986666666667,75.16333333333334,-3.7533333333333334,64.74943333333333,3,6.528731848018948,-0.9237,1.4307,-2.703,-0.178,0.6187,0.141,1.9602,2.0191,1.9516,0.1078,-0.2376
M00311,2026-09-18 14:40:47,S2,False,AMP-07-002,Ampoule,Ethanolic cosolvent 30%,Ethanolic injectable,Photodegraded,,subtle,ANT-B (directional dipole),9,25.34,58.4,S11,2800.0,3200.0,0.01,40001,3097.8868,-4.261,-0.73,51.7286,59.89,27.8043,0.24034,28.7751,3104.3393999999994,51.07223333333334,60.85666666666666,-3.9113333333333333,26.016766666666665,3,8.776953820660259,-6.4526,0.6564,-0.967,-0.35,2.7583,0.735,0.5334,-0.5727,-1.2437,-1.0313,-0.3274
M00312,2026-09-18 14:41:00,S2,False,AMP-07-001,Ampoule,Ethanolic cosolvent 30%,Ethanolic injectable,Fresh,,none,ANT-B (directional dipole),8,23.94,62.2,S11,2800.0,3200.0,0.01,40001,3103.0125,-4.062,2.23,50.5958,61.33,28.5974,0.24,26.5741,3104.5512333333336,53.32176666666667,58.24333333333334,-3.9156666666666666,25.92246666666667,3,7.085919800797684,-1.5387,-2.726,3.087,-0.146,0.6516,0.217,0.1224,4.1622,-0.5187,0.0015,-0.0072
M00313,2026-09-18 14:41:13,S2,False,SYR-14-003,Syrup,"Suspension, antacid",Antacid suspension,Substituted,Ethanol 95%,gross,"ANT-A (double-ridged horn, ETS 3115)",10,24.44,44.2,S11,2800.0,3200.0,0.01,40001,3099.0725,-4.984,3.34,69.8068,44.4,21.4434,0.31,20.8295,2956.6801666666665,59.51773333333333,49.68,-4.269666666666667,58.855133333333335,3,6.802436622515,142.3923,10.2891,-5.28,-0.714,-38.0256,20.933,2.4849,1.5006,-0.4772,-0.7603,-0.3494
M00314,2026-09-18 14:41:25,S2,False,VIA-01-004,Vial,Aqueous injectable (0.9% NaCl base),Saline injectable,Substituted,Distilled water,gross,ANT-B (directional dipole),1,25.63,57.6,S11,2800.0,3200.0,0.01,40001,2916.1449,-3.6,-13.33,47.058,61.97,77.325,0.157,80.2787,2930.8251999999998,50.21966666666666,58.48666666666667,-3.6183333333333336,75.03383333333333,3,8.336984968200335,-14.6803,-3.1617,3.483,0.018,5.2449,1.761,0.8702,-4.5504,-0.9972,0.0215,-0.0448
M00315,2026-09-18 14:41:38,S2,False,EYE-11-003,Eyedrop,Carbomer gel-forming drops,Gel-forming ophthalmic,Substituted,Distilled water,gross,ANT-B (directional dipole),5,24.31,58.3,S11,2800.0,3200.0,0.01,40001,3054.3316,-3.571,10.0,39.1553,78.01,77.6914,0.157,74.5873,3078.5489333333335,40.806400000000004,75.45,-3.8043333333333336,57.735733333333336,3,4.277571078700361,-24.2173,-1.6511,2.56,0.233,16.8516,5.661,-0.9366,3.501,3.0499,1.1839,-0.0363
M00316,2026-09-18 14:41:51,S2,False,AMP-08-003,Ampoule,Sesame oil vehicle (depot),Oil-based depot,Expired (24 mo),,subtle,ANT-B (directional dipole),6,23.97,61.8,S11,2800.0,3200.0,0.01,40001,3158.0362,-2.465,4.25,31.1975,101.23,3.4427,0.00801,3.6471,3159.2879,32.9908,95.78333333333335,-2.464,3.1336333333333335,3,1.667770298932061,-1.2517,-1.7933,5.447,-0.001,0.5135,0.751,0.0599,0.701,-1.3236,-1.3107,0.001
M00317,2026-09-18 14:42:03,S2,False,VIA-04-003,Vial,Buffered protein formulation,Biologic solution,Fresh,,none,"ANT-A (double-ridged horn, ETS 3115)",3,24.09,60.3,S11,2800.0,3200.0,0.01,40001,2951.2755,-3.652,-24.78,38.7026,76.26,72.3369,0.16,73.9208,2958.6337333333336,37.60166666666667,78.70666666666666,-3.825333333333333,71.32960000000001,3,2.608775203679463,-7.3582,1.1009,-2.447,0.173,2.5912,2.821,-0.1832,-6.2364,-4.4578,0.042,-0.0836
M00318,2026-09-18 14:42:16,S2,False,VIA-01-003,Vial,Aqueous injectable (0.9% NaCl base),Saline injectable,Fresh,,none,ANT-B (directional dipole),4,24.7,48.7,S11,2800.0,3200.0,0.01,40001,2933.0048,-3.711,3.83,48.2435,60.8,74.7625,0.17,74.2522,2935.1155,49.16716666666667,59.71666666666667,-3.6523333333333334,73.5083,3,5.238887417190923,-2.1107,-0.9237,1.083,-0.059,0.7439,0.403,-0.7191,1.7299,-0.0577,0.0998,-0.1585
M00319,2026-09-18 14:42:29,S2,False,SYR-12-002,Syrup,Sucrose-based paediatric syrup 65% w/v,Sucrose syrup,Heat-stressed 60C,,subtle,ANT-B (directional dipole),7,24.99,66.1,S11,2800.0,3200.0,0.01,40001,2991.076,-4.233,-25.6,64.2231,46.57,42.8582,0.23542,44.8686,3000.8172,64.25143333333334,46.71666666666667,-4.163,42.201433333333334,3,1.319799534020082,-9.7412,-0.0283,-0.147,-0.07,2.6672,7.381,-0.7037,-5.1885,-6.291,-1.5821,-0.0244
M00320,2026-09-18 14:42:42,S2,False,AMP-07-004,Ampoule,Ethanolic cosolvent 30%,Ethanolic injectable,Photodegraded,,subtle,"ANT-A (double-ridged horn, ETS 3115)",9,24.27,53.3,S11,2800.0,3200.0,0.01,40001,3121.4221,-4.547,9.73,42.0754,74.19,26.8563,0.24034,26.0421,3120.3013666666666,41.6603,74.92,-4.652666666666667,26.51953333333333,3,1.4298641835268862,1.1207,0.4151,-0.73,0.106,-0.4774,0.784,0.2657,1.74,1.242,-0.6408,-0.1643
M00321,2026-09-18 14:42:54,S2,False,VIA-04-004,Vial,Buffered protein formulation,Biologic solution,Substituted,Distilled water,gross,ANT-B (directional dipole),8,24.6,61.8,S11,2800.0,3200.0,0.01,40001,2915.9923,-3.528,-18.98,48.0904,60.64,77.611,0.157,80.761,2939.141066666667,48.172599999999996,61.03,-3.545666666666667,72.47276666666666,3,6.684396895257918,-23.1488,-0.0822,-0.39,0.018,8.2882,3.463,0.2685,-6.2727,-0.5187,0.2023,0.0613
M00322,2026-09-18 14:43:07,S2,False,VIA-03-004,Vial,Reconstituted lyophilised antibiotic,Reconstituted powder,Expired (24 mo),,subtle,"ANT-A (double-ridged horn, ETS 3115)",6,24.76,52.6,S11,2800.0,3200.0,0.01,40001,2975.4361,-3.624,31.34,42.6224,69.81,67.4208,0.18522,66.0071,2964.7493,42.90436666666667,69.14333333333333,-4.026,69.74486666666667,3,1.5596644286511203,10.6868,-0.282,0.667,0.402,-3.7378,6.852,-1.1552,8.1854,7.2171,-1.2942,0.0943
M00323,2026-09-18 14:43:20,S2,False,EYE-10-003,Eyedrop,HPMC viscous artificial tears,Viscous ophthalmic,Heat-stressed 60C,,subtle,"ANT-A (double-ridged horn, ETS 3115)",3,24.54,59.2,S11,2800.0,3200.0,0.01,40001,3071.0439,-3.792,-20.08,33.4467,91.82,65.8461,0.19535,72.9813,3081.4524333333334,31.8485,96.75999999999999,-4.264,65.897,3,0.8321338494097374,-10.4085,1.5982,-4.94,0.472,7.0843,12.508,1.9602,-7.6304,-4.4578,-2.0867,0.1249
M00324,2026-09-18 14:43:32,S2,False,VIA-02-004,Vial,Dextrose 5% injectable,Dextrose injectable,Expired (24 mo),,subtle,ANT-B (directional dipole),5,24.59,54.9,S11,2800.0,3200.0,0.01,40001,2943.3363,-3.534,-3.21,47.4328,62.05,71.0101,0.15519,70.1472,2946.0145333333335,49.27976666666666,59.800000000000004,-3.5096666666666665,69.21756666666667,3,4.01818709162895,-2.6782,-1.847,2.25,-0.024,0.9296,0.667,1.5589,3.4267,3.0499,-1.3732,-0.1838
M00325,2026-09-18 14:43:45,S2,False,EYE-09-002,Eyedrop,Aqueous ophthalmic + BAK preservative,Ophthalmic aqueous,Expired (24 mo),,subtle,ANT-B (directional dipole),5,24.19,55.7,S11,2800.0,3200.0,0.01,40001,3055.422,-3.723,4.36,39.8569,76.66,72.7782,0.1652,72.9545,3058.322666666667,39.650200000000005,77.2,-3.587666666666667,70.95246666666667,3,7.148076540114402,-2.9007,0.2067,-0.54,-0.135,2.002,0.406,-2.4444,1.5159,3.0499,-1.0929,0.0092
M00326,2026-09-18 14:43:58,S2,False,SYR-14-002,Syrup,"Suspension, antacid",Antacid suspension,Substituted,Empty / air,gross,ANT-B (directional dipole),8,24.14,59.4,S11,2800.0,3200.0,0.01,40001,3169.2894,-2.4,16.86,32.2498,98.27,1.0,0.0,-0.1042,2946.7635333333333,65.11370000000001,45.36000000000001,-4.318333333333334,57.029333333333334,3,1.2711594326966795,222.5259,-32.8639,52.91,1.918,-57.1335,175.057,-0.1467,5.9786,-0.5187,-1.0118,-0.0307
M00327,2026-09-18 14:44:10,S2,False,AMP-07-001,Ampoule,Ethanolic cosolvent 30%,Ethanolic injectable,Heat-stressed 60C,,subtle,ANT-B (directional dipole),10,24.79,61.8,S11,2800.0,3200.0,0.01,40001,3100.2444,-4.138,-2.14,53.8203,57.6,28.4581,0.24043,27.7614,3104.5512333333336,53.32176666666667,58.24333333333334,-3.9156666666666666,25.92246666666667,3,7.085919800797684,-4.3068,0.4985,-0.643,-0.222,1.8389,0.608,0.1224,1.9057,2.3219,-1.0001,0.1612
M00328,2026-09-18 14:44:23,S2,False,SYR-13-003,Syrup,Sorbitol sugar-free syrup,Sorbitol syrup,Photodegraded,,subtle,"ANT-A (double-ridged horn, ETS 3115)",5,24.43,51.5,S11,2800.0,3200.0,0.01,40001,2969.6258,-4.322,-1.96,49.8724,59.54,54.9072,0.2153,55.9705,2969.791533333333,50.919900000000005,58.34,-4.188666666666666,55.925333333333334,3,5.0048180689545285,-0.1657,-1.0475,1.2,-0.133,0.0452,0.033,0.0738,-1.0181,-0.9385,-1.7776,0.059
M00329,2026-09-18 14:44:36,S2,False,VIA-01-004,Vial,Aqueous injectable (0.9% NaCl base),Saline injectable,Fresh,,none,"ANT-A (double-ridged horn, ETS 3115)",3,24.78,64.3,S11,2800.0,3200.0,0.01,40001,2940.8533,-3.813,-1.72,41.6807,70.56,74.407,0.17,77.215,2946.515266666667,40.158433333333335,73.38333333333333,-3.894,75.2094,3,3.0051414780895436,-5.662,1.5223,-2.823,0.081,2.0056,1.884,0.8702,-4.4216,-4.4578,-0.0245,0.0557
M00330,2026-09-18 14:44:49,S2,False,EYE-09-003,Eyedrop,Aqueous ophthalmic + BAK preservative,Ophthalmic aqueous,Substituted,Diluted 2x with water,gross,ANT-B (directional dipole),5,24.31,43.8,S11,2800.0,3200.0,0.01,40001,3057.9254,-3.594,10.66,37.08,82.47,75.3066,0.161,71.2164,3060.0869,38.779066666666665,78.91666666666667,-3.646333333333333,69.72019999999999,3,2.3357162477488846,-2.1615,-1.6991,3.553,0.052,1.4962,0.925,1.6275,3.1369,3.0499,1.0834,-0.1706
M00331,2026-09-18 14:45:01,S2,False,SYR-12-003,Syrup,Sucrose-based paediatric syrup 65% w/v,Sucrose syrup,Expired (24 mo),,subtle,"ANT-A (double-ridged horn, ETS 3115)",1,23.75,49.3,S11,2800.0,3200.0,0.01,40001,3018.4428,-4.551,5.38,56.9301,53.02,42.0125,0.23528,41.9221,3016.9426333333336,55.7103,54.156666666666666,-4.471666666666667,42.32893333333333,3,2.215278073590952,1.5002,1.2198,-1.137,-0.079,-0.4068,0.677,1.1167,1.7606,-0.8647,-1.0419,0.1565
M00332,2026-09-18 14:45:14,S2,False,EYE-11-002,Eyedrop,Carbomer gel-forming drops,Gel-forming ophthalmic,Substituted,Distilled water,gross,ANT-B (directional dipole),6,23.77,56.4,S11,2800.0,3200.0,0.01,40001,3043.3615,-3.47,-27.1,36.3,83.84,77.8438,0.157,82.3555,3075.7427000000002,42.20536666666667,72.91666666666667,-3.987,59.66533333333333,3,1.9405959883499315,-32.3812,-5.9054,10.923,0.517,22.6902,16.686,-0.9302,-6.421,-1.3236,-0.4958,-0.0741
M00333,2026-09-18 14:45:27,S2,False,SYR-14-001,Syrup,"Suspension, antacid",Antacid suspension,Heat-stressed 60C,,subtle,ANT-B (directional dipole),10,23.81,62.4,S11,2800.0,3200.0,0.01,40001,2942.0084,-4.247,-1.41,66.2791,44.39,57.8496,0.25045,58.3933,2944.604033333333,64.75643333333333,45.47666666666667,-4.192333333333333,57.6481,3,1.5092290228238854,-2.5956,1.5227,-1.087,-0.055,0.7452,1.72,1.2244,1.2371,2.3219,-1.4971,0.1427
M00334,2026-09-18 14:45:39,S2,False,AMP-08-004,Ampoule,Sesame oil vehicle (depot),Oil-based depot,Freeze-thaw cycled,,subtle,ANT-B (directional dipole),6,24.23,59.5,S11,2800.0,3200.0,0.01,40001,3159.1013,-2.464,2.44,33.5723,94.1,2.9813,0.00801,3.2098,3159.328766666667,32.03653333333333,98.62333333333333,-2.4633333333333334,3.1184333333333334,3,3.8635392379702136,-0.2275,1.5358,-4.523,-0.001,0.0914,0.059,-0.7393,0.999,-1.3236,-0.5902,-0.2486
M00335,2026-09-18 14:45:52,S2,False,AMP-05-004,Ampoule,Aqueous small-volume parenteral,Aqueous SVP,Heat-stressed 60C,,subtle,"ANT-A (double-ridged horn, ETS 3115)",4,24.75,66.0,S11,2800.0,3200.0,0.01,40001,3014.0612,-3.739,12.14,35.0389,86.02,75.1403,0.17531,73.4946,3006.3537333333334,36.362,82.70666666666666,-3.937,77.1179,3,3.358901542667364,7.7075,-1.3231,3.313,0.198,-3.6233,2.295,-0.9004,6.3678,-0.2063,-1.4218,0.1533
M00336,2026-09-18 14:46:05,S2,False,VIA-02-004,Vial,Dextrose 5% injectable,Dextrose injectable,Fresh,,none,ANT-B (directional dipole),1,23.93,58.5,S11,2800.0,3200.0,0.01,40001,2937.4689,-3.619,-9.36,45.8548,64.06,71.2644,0.155,72.1971,2946.0145333333335,49.27976666666666,59.800000000000004,-3.5096666666666665,69.21756666666667,3,4.01818709162895,-8.5456,-3.425,4.26,-0.109,2.9795,2.127,1.5589,-3.1703,-0.9972,-0.0535,-0.0429
M00337,2026-09-18 14:46:17,S2,False,VIA-03-003,Vial,Reconstituted lyophilised antibiotic,Reconstituted powder,Fresh,,none,"ANT-A (double-ridged horn, ETS 3115)",4,23.35,53.3,S11,2800.0,3200.0,0.01,40001,2973.9471,-4.184,8.03,41.6835,71.35,68.0776,0.185,66.5254,2970.9085,40.67933333333333,73.05333333333333,-3.967,67.5883,3,4.7629304792323435,3.0386,1.0042,-1.703,-0.217,-1.0629,0.638,-0.433,0.7524,-0.2063,0.0614,0.0776
M00338,2026-09-18 14:46:30,S2,False,SYR-14-001,Syrup,"Suspension, antacid",Antacid suspension,Heat-stressed 60C,,subtle,"ANT-A (double-ridged horn, ETS 3115)",9,24.92,64.0,S11,2800.0,3200.0,0.01,40001,2958.3563,-4.652,0.71,59.1423,50.02,57.6197,0.25045,58.3709,2959.8009,56.34246666666667,52.73,-4.541666666666667,57.95943333333333,3,3.6745936686931624,-1.4446,2.7998,-2.71,-0.11,0.4115,0.393,1.2244,0.8224,1.242,-1.6313,-0.0394
M00339,2026-09-18 14:46:43,S2,False,VIA-04-003,Vial,Buffered protein formulation,Biologic solution,Substituted,Empty / air,gross,ANT-B (directional dipole),3,24.24,55.8,S11,2800.0,3200.0,0.01,40001,3172.0537,-2.4,23.38,31.8899,99.47,1.0,0.0,-1.1351,2943.010333333333,47.31043333333333,62.21666666666667,-3.5893333333333337,71.10520000000001,3,6.49001281534439,229.0434,-15.4205,37.253,1.189,-72.2403,35.292,-0.1832,6.7742,6.0478,0.8982,0.0646
M00340,2026-09-18 14:46:56,S2,False,VIA-04-002,Vial,Buffered protein formulation,Biologic solution,Photodegraded,,subtle,"ANT-A (double-ridged horn, ETS 3115)",7,24.35,49.2,S11,2800.0,3200.0,0.01,40001,2968.9099,-3.473,8.84,37.5451,79.08,71.5613,0.16022,67.7411,2961.469833333333,37.91363333333333,78.12666666666667,-3.8386666666666667,70.3356,3,2.421726991907314,7.4401,-0.3685,0.953,0.366,-2.5945,3.072,-0.7221,8.2091,4.0178,-0.1891,-0.0031
M00341,2026-09-18 14:47:08,S2,False,AMP-06-004,Ampoule,Propylene glycol cosolvent 40%,Cosolvent injectable,Expired (24 mo),,subtle,"ANT-A (double-ridged horn, ETS 3115)",4,24.17,61.6,S11,2800.0,3200.0,0.01,40001,3090.7362,-4.456,-13.49,38.5076,80.26,38.2431,0.22026,39.1223,3094.2628666666665,40.70586666666667,76.06666666666666,-4.290666666666667,37.5896,3,4.911327455315147,-3.5267,-2.1983,4.193,-0.165,1.5327,0.718,0.392,-3.3357,-0.2063,-0.5391,-0.2709
M00342,2026-09-18 14:47:21,S2,False,SYR-13-003,Syrup,Sorbitol sugar-free syrup,Sorbitol syrup,Freeze-thaw cycled,,subtle,"ANT-A (double-ridged horn, ETS 3115)",2,24.0,51.5,S11,2800.0,3200.0,0.01,40001,2970.4415,-4.345,5.5,51.342,57.86,55.0212,0.21519,55.7365,2969.791533333333,50.919900000000005,58.34,-4.188666666666666,55.925333333333334,3,5.0048180689545285,0.65,0.4221,-0.48,-0.156,-0.1888,0.13,0.0738,-0.2025,1.996,-0.9007,-0.4172
M00343,2026-09-18 14:47:34,S2,False,EYE-09-003,Eyedrop,Aqueous ophthalmic + BAK preservative,Ophthalmic aqueous,Expired (24 mo),,subtle,ANT-B (directional dipole),1,23.71,74.9,S11,2800.0,3200.0,0.01,40001,3066.1608,-3.456,31.32,38.5504,79.54,72.992,0.1652,65.5282,3060.0869,38.779066666666665,78.91666666666667,-3.646333333333333,69.72019999999999,3,2.3357162477488846,6.0739,-0.2287,0.623,0.19,-4.192,2.6,1.6275,10.0918,-0.9972,-1.3012,0.1764
M00344,2026-09-18 14:47:46,S2,False,VIA-01-001,Vial,Aqueous injectable (0.9% NaCl base),Saline injectable,Heat-stressed 60C,,subtle,ANT-B (directional dipole),5,24.69,65.3,S11,2800.0,3200.0,0.01,40001,2941.0853,-3.607,24.25,48.6479,60.46,73.4113,0.17031,71.4005,2936.5032333333334,48.344500000000004,60.76333333333333,-3.6983333333333337,73.01503333333334,3,1.769012821698285,4.5821,0.3034,-0.303,0.091,-1.6145,2.59,0.3526,7.3088,3.0499,-1.724,-0.1422
M00345,2026-09-18 14:47:59,S2,False,VIA-02-002,Vial,Dextrose 5% injectable,Dextrose injectable,Substituted,Glycerol,gross,"ANT-A (double-ridged horn, ETS 3115)",4,23.83,62.4,S11,2800.0,3200.0,0.01,40001,3131.5469,-5.811,-12.37,70.7728,44.25,14.8623,0.42,15.4044,2958.4364333333338,38.30213333333333,77.33999999999999,-3.7336666666666667,70.55883333333334,3,5.615358601490375,173.1105,32.4707,-33.09,-2.077,-55.1544,30.828,0.4257,-2.9047,-0.2063,1.0452,-0.1753
M00346,2026-09-18 14:48:12,S2,False,VIA-01-003,Vial,Aqueous injectable (0.9% NaCl base),Saline injectable,Expired (24 mo),,subtle,ANT-B (directional dipole),5,24.77,59.7,S11,2800.0,3200.0,0.01,40001,2938.6986,-3.508,23.74,52.1447,56.36,74.652,0.1702,72.2403,2935.1155,49.16716666666667,59.71666666666667,-3.6523333333333334,73.5083,3,5.238887417190923,3.5831,2.9775,-3.357,0.144,-1.268,0.684,-0.7191,7.9853,3.0499,-0.9376,0.0065
M00347,2026-09-18 14:48:24,S2,False,VIA-03-003,Vial,Reconstituted lyophilised antibiotic,Reconstituted powder,Heat-stressed 60C,,subtle,ANT-B (directional dipole),9,24.75,60.0,S11,2800.0,3200.0,0.01,40001,2959.3668,-3.822,2.05,51.1827,57.82,67.6139,0.18533,65.904,2960.3872333333334,50.44873333333334,58.73666666666667,-3.766,65.54873333333335,3,3.3440330475839035,-1.0204,0.734,-0.917,-0.056,0.3553,0.305,-0.433,1.8844,-1.2437,-0.6631,0.1466
M00348,2026-09-18 14:48:37,S2,False,EYE-09-001,Eyedrop,Aqueous ophthalmic + BAK preservative,Ophthalmic aqueous,Fresh,,none,"ANT-A (double-ridged horn, ETS 3115)",3,25.03,59.2,S11,2800.0,3200.0,0.01,40001,3070.9796,-3.718,-17.41,29.5823,103.81,71.6773,0.165,73.881,3072.0003999999994,29.982033333333334,102.54333333333334,-3.8043333333333336,73.17653333333334,3,2.834366791719126,-1.0208,-0.3997,1.267,0.086,0.7045,0.36,0.4017,-5.1662,-4.4578,-0.0438,0.1363
M00349,2026-09-18 14:48:50,S2,False,AMP-08-004,Ampoule,Sesame oil vehicle (depot),Oil-based depot,Fresh,,none,"ANT-A (double-ridged horn, ETS 3115)",8,24.86,54.1,S11,2800.0,3200.0,0.01,40001,3174.6436,-2.475,-15.83,22.4397,141.47,2.9839,0.008,3.9973,3175.6805666666664,22.1263,143.59,-2.47,3.5787666666666667,3,6.371474143660478,-1.037,0.3134,-2.12,-0.005,0.4185,0.163,-0.7393,-2.0682,2.2515,0.0743,0.2295
M00350,2026-09-18 14:49:03,S2,False,SYR-14-002,Syrup,"Suspension, antacid",Antacid suspension,Freeze-thaw cycled,,subtle,"ANT-A (double-ridged horn, ETS 3115)",4,23.99,60.6,S11,2800.0,3200.0,0.01,40001,2959.5624,-4.658,-4.59,54.2412,54.56,57.5739,0.25023,58.0262,2962.2616666666668,57.2963,51.71,-4.25,57.26213333333334,3,7.751373463027962,-2.6993,-3.0551,2.85,-0.408,0.7641,0.348,-0.1467,-1.4286,-0.2063,-0.5995,0.1381
M00351,2026-09-18 14:49:15,S2,False,VIA-01-001,Vial,Aqueous injectable (0.9% NaCl base),Saline injectable,Expired (24 mo),,subtle,"ANT-A (double-ridged horn, ETS 3115)",1,24.82,45.8,S11,2800.0,3200.0,0.01,40001,2945.547,-3.69,-26.07,41.3813,71.18,73.4202,0.1702,75.5507,2950.086633333334,40.81,72.29,-3.9019999999999997,73.95043333333332,3,3.9960497448523045,-4.5396,0.5713,-1.11,0.212,1.6003,1.136,0.3526,-5.5323,-0.8647,-0.6329,-0.1379
M00352,2026-09-18 14:49:28,S2,False,AMP-07-004,Ampoule,Ethanolic cosolvent 30%,Ethanolic injectable,Photodegraded,,subtle,ANT-B (directional dipole),9,24.35,62.3,S11,2800.0,3200.0,0.01,40001,3097.6884,-4.121,-20.13,50.5489,61.28,26.8477,0.24034,28.8605,3106.392533333333,52.5505,59.13333333333333,-4.080333333333333,25.130366666666664,3,3.4500218265010516,-8.7041,-2.0016,2.147,-0.041,3.7301,2.523,0.2657,-4.0686,-1.2437,-1.6604,0.0705
M00353,2026-09-18 14:49:41,S2,False,SYR-14-001,Syrup,"Suspension, antacid",Antacid suspension,Expired (24 mo),,subtle,ANT-B (directional dipole),7,24.59,63.0,S11,2800.0,3200.0,0.01,40001,2939.4914,-4.275,-7.43,66.4387,44.24,57.7235,0.2503,59.1181,2944.604033333333,64.75643333333333,45.47666666666667,-4.192333333333333,57.6481,3,1.5092290228238854,-5.1126,1.6823,-1.237,-0.083,1.47,3.388,1.2244,-2.4731,-6.291,-0.7028,0.0968
M00354,2026-09-18 14:49:53,S2,False,SYR-12-002,Syrup,Sucrose-based paediatric syrup 65% w/v,Sucrose syrup,Freeze-thaw cycled,,subtle,ANT-B (directional dipole),5,24.13,49.1,S11,2800.0,3200.0,0.01,40001,3004.453,-3.76,22.63,63.9932,46.95,43.03,0.23521,41.2123,3000.8172,64.25143333333334,46.71666666666667,-4.163,42.201433333333334,3,1.319799534020082,3.6358,-0.2582,0.233,0.403,-0.9891,2.755,-0.7037,8.3758,3.0499,-1.0326,-0.1332
M00355,2026-09-18 14:50:06,S2,False,SYR-14-003,Syrup,"Suspension, antacid",Antacid suspension,Substituted,Distilled water,gross,"ANT-A (double-ridged horn, ETS 3115)",10,23.66,65.3,S11,2800.0,3200.0,0.01,40001,2893.3632,-3.899,0.32,44.4975,65.02,77.8732,0.157,77.588,2956.6801666666665,59.51773333333333,49.68,-4.269666666666667,58.855133333333335,3,6.802436622515,-63.317,-15.0202,15.34,0.371,18.7329,9.308,2.4849,0.4081,-0.4772,-0.775,0.0738
M00356,2026-09-18 14:50:19,S2,False,VIA-03-002,Vial,Reconstituted lyophilised antibiotic,Reconstituted powder,Fresh,,none,"ANT-A (double-ridged horn, ETS 3115)",7,24.31,69.9,S11,2800.0,3200.0,0.01,40001,2968.4445,-4.151,4.83,42.225,70.3,68.6234,0.185,68.4477,2965.7019333333337,42.46866666666667,69.83999999999999,-4.0809999999999995,69.41096666666667,3,3.1864565340410076,2.7426,-0.2437,0.46,-0.07,-0.9633,0.861,-2.8023,1.5289,4.0178,-0.029,-0.0846
M00357,2026-09-18 14:50:31,S2,False,EYE-11-001,Eyedrop,Carbomer gel-forming drops,Gel-forming ophthalmic,Fresh,,none,"ANT-A (double-ridged horn, ETS 3115)",9,23.97,55.5,S11,2800.0,3200.0,0.01,40001,3090.5756,-4.225,-9.56,32.3338,95.58,61.5624,0.205,61.1587,3086.6611666666668,32.05753333333333,96.31666666666666,-4.024,63.85773333333333,3,3.842836939467295,3.9144,0.2763,-0.737,-0.201,-2.699,1.019,-1.1781,0.2215,1.242,-0.0428,-0.0027
M00358,2026-09-18 14:50:44,S2,False,VIA-04-001,Vial,Buffered protein formulation,Biologic solution,Fresh,,none,"ANT-A (double-ridged horn, ETS 3115)",10,23.65,53.9,S11,2800.0,3200.0,0.01,40001,2954.5051,-3.878,0.5,39.8148,74.21,72.3532,0.16,72.7808,2952.5370666666663,39.29656666666667,75.22,-3.6986666666666665,73.47703333333334,3,4.113929885563653,1.968,0.5182,-1.01,-0.179,-0.6962,0.478,0.2135,0.1516,-0.4772,0.1961,-0.0538
M00359,2026-09-18 14:50:57,S2,False,VIA-02-004,Vial,Dextrose 5% injectable,Dextrose injectable,Substituted,Glycerol,gross,ANT-B (directional dipole),5,23.59,51.6,S11,2800.0,3200.0,0.01,40001,3118.1135,-5.412,7.32,81.8395,38.1,14.8751,0.42,14.2923,2946.0145333333335,49.27976666666666,59.800000000000004,-3.5096666666666665,69.21756666666667,3,4.01818709162895,172.099,32.5597,-21.7,-1.902,-54.9253,42.83,1.5589,0.4721,3.0499,0.1362,0.0454
M00360,2026-09-18 14:51:10,S2,False,AMP-05-003,Ampoule,Aqueous small-volume parenteral,Aqueous SVP,Expired (24 mo),,subtle,ANT-B (directional dipole),5,25.66,56.5,S11,2800.0,3200.0,0.01,40001,2997.974,-3.652,25.09,46.4195,64.58,75.7147,0.17521,73.2644,2995.0132,45.2734,66.21666666666667,-3.670666666666667,74.6641,3,5.502703816307044,2.9608,1.1461,-1.637,0.019,-1.3997,0.538,0.7996,6.4571,3.0499,-1.54,0.0498
M00361,2026-09-18 14:51:22,S2,False,SYR-13-003,Syrup,Sorbitol sugar-free syrup,Sorbitol syrup,Fresh,,none,"ANT-A (double-ridged horn, ETS 3115)",6,25.38,54.0,S11,2800.0,3200.0,0.01,40001,2981.2803,-3.724,25.6,55.8042,53.42,54.797,0.215,52.6461,2969.791533333333,50.919900000000005,58.34,-4.188666666666666,55.925333333333334,3,5.0048180689545285,11.4888,4.8843,-4.92,0.465,-3.2792,2.296,0.0738,8.6851,7.2171,-0.0382,-0.1166
M00362,2026-09-18 14:51:35,S2,False,EYE-10-001,Eyedrop,HPMC viscous artificial tears,Viscous ophthalmic,Heat-stressed 60C,,subtle,"ANT-A (double-ridged horn, ETS 3115)",9,25.15,59.6,S11,2800.0,3200.0,0.01,40001,3081.015,-4.235,6.68,32.0846,96.03,66.5432,0.19535,66.1931,3081.090733333333,32.11686666666667,95.96999999999998,-4.179333333333333,66.1435,3,2.751302572116398,-0.0757,-0.0323,0.06,-0.056,0.0496,0.028,0.1182,1.9357,1.242,-1.4049,0.1011
M00363,2026-09-18 14:51:48,S2,False,EYE-10-002,Eyedrop,HPMC viscous artificial tears,Viscous ophthalmic,Fresh,,none,ANT-B (directional dipole),1,24.29,52.0,S11,2800.0,3200.0,0.01,40001,3053.7347,-3.483,-34.81,41.4052,73.75,66.0575,0.195,73.2699,3066.851666666667,41.4506,74.0,-3.7143333333333337,64.3171,3,8.52828603081171,-13.117,-0.0454,-0.25,0.231,8.9528,1.538,-1.1341,-11.2054,-0.9972,0.0084,-0.136
M00364,2026-09-18 14:52:00,S2,False,EYE-10-001,Eyedrop,HPMC viscous artificial tears,Viscous ophthalmic,Heat-stressed 60C,,subtle,ANT-B (directional dipole),8,24.84,59.0,S11,2800.0,3200.0,0.01,40001,3058.7765,-3.799,-20.72,39.2335,77.96,66.6194,0.19535,69.8088,3064.583166666667,40.65003333333333,75.46333333333332,-3.8313333333333333,65.85106666666667,3,5.6774751873817335,-5.8067,-1.4165,2.497,0.032,3.9577,1.023,0.1182,-3.2954,-0.5187,-1.1084,-0.1502
M00365,2026-09-18 14:52:13,S2,False,AMP-06-003,Ampoule,Propylene glycol cosolvent 40%,Cosolvent injectable,Fresh,,none,"ANT-A (double-ridged horn, ETS 3115)",4,24.49,63.3,S11,2800.0,3200.0,0.01,40001,3090.9116,-4.325,-7.72,37.8504,81.66,38.376,0.22,39.0458,3090.130833333333,40.26176666666667,76.86,-4.378666666666667,39.38746666666666,3,2.604092234029727,0.7808,-2.4114,4.8,0.054,-0.3417,0.3,-0.806,-0.3763,-0.2063,-0.0723,0.0248
M00366,2026-09-18 14:52:26,S2,False,VIA-02-002,Vial,Dextrose 5% injectable,Dextrose injectable,Heat-stressed 60C,,subtle,ANT-B (directional dipole),3,25.18,66.9,S11,2800.0,3200.0,0.01,40001,2951.8989,-3.368,26.07,50.2242,58.77,69.8635,0.15528,67.1777,2947.8617666666664,47.740133333333326,61.82333333333333,-3.4766666666666666,68.57863333333334,3,5.84986037810602,4.0371,2.4841,-3.053,0.109,-1.4009,0.69,0.4257,9.8609,6.0478,-1.4842,-0.0277
M00367,2026-09-18 14:52:38,S2,False,AMP-08-003,Ampoule,Sesame oil vehicle (depot),Oil-based depot,Expired (24 mo),,subtle,ANT-B (directional dipole),4,23.67,62.7,S11,2800.0,3200.0,0.01,40001,3153.1734,-2.463,-20.89,32.8115,96.1,3.4427,0.00801,5.6493,3159.2879,32.9908,95.78333333333335,-2.464,3.1336333333333335,3,1.667770298932061,-6.1145,-0.1793,0.317,0.001,2.5157,3.666,0.0599,-5.1813,-0.0577,-0.2843,-0.0058
M00368,2026-09-18 14:52:51,S2,False,EYE-09-003,Eyedrop,Aqueous ophthalmic + BAK preservative,Ophthalmic aqueous,Substituted,Glycerol,gross,"ANT-A (double-ridged horn, ETS 3115)",5,24.22,51.5,S11,2800.0,3200.0,0.01,40001,3156.1514,-5.404,-6.88,44.6327,70.71,14.8416,0.42,17.2841,3073.607633333333,30.280900000000003,101.56,-3.9606666666666666,72.06553333333333,3,2.5609476963288618,82.5438,14.3518,-30.85,-1.443,-54.7814,32.232,1.6275,-5.5513,-0.9385,0.2,-0.1548
M00369,2026-09-18 14:53:04,S2,False,AMP-06-001,Ampoule,Propylene glycol cosolvent 40%,Cosolvent injectable,Expired (24 mo),,subtle,ANT-B (directional dipole),7,23.89,55.4,S11,2800.0,3200.0,0.01,40001,3074.9547,-3.965,-11.93,49.7774,61.77,37.5284,0.22026,38.5889,3083.8266000000003,49.481433333333335,62.34,-3.8829999999999996,34.72483333333333,3,6.979905624004021,-8.8719,0.296,-0.57,-0.082,3.8641,1.271,1.2262,-2.7186,-6.291,-1.6503,-0.0584
M00370,2026-09-18 14:53:17,S2,False,VIA-02-001,Vial,Dextrose 5% injectable,Dextrose injectable,Substituted,Distilled water,gross,ANT-B (directional dipole),5,25.0,64.4,S11,2800.0,3200.0,0.01,40001,2922.1805,-3.622,-6.62,46.4032,62.97,77.5012,0.157,77.5964,2945.6589,47.14966666666667,62.47666666666667,-3.5340000000000003,69.3435,3,6.037313550744153,-23.4784,-0.7465,0.493,-0.088,8.2529,3.889,0.8112,-2.5687,3.0499,-0.3505,-0.0905
M00371,2026-09-18 14:53:29,S2,False,VIA-02-004,Vial,Dextrose 5% injectable,Dextrose injectable,Fresh,,none,"ANT-A (double-ridged horn, ETS 3115)",4,24.54,60.1,S11,2800.0,3200.0,0.01,40001,2953.4526,-3.713,-17.41,41.5708,71.05,71.1082,0.155,72.288,2957.751866666667,40.15776666666667,73.76666666666667,-3.7603333333333335,70.7941,3,3.547992773855898,-4.2993,1.413,-2.717,0.047,1.4939,1.212,1.5589,-3.8528,-0.2063,0.0542,-0.1896
M00372,2026-09-18 14:53:42,S2,False,SYR-13-003,Syrup,Sorbitol sugar-free syrup,Sorbitol syrup,Fresh,,none,"ANT-A (double-ridged horn, ETS 3115)",10,22.78,73.7,S11,2800.0,3200.0,0.01,40001,2970.7534,-4.353,4.46,51.9703,57.16,55.3107,0.215,55.6471,2969.791533333333,50.919900000000005,58.34,-4.188666666666666,55.925333333333334,3,5.0048180689545285,0.9619,1.0504,-1.18,-0.164,-0.2782,0.192,0.0738,-0.2599,-0.4772,0.0379,0.0299
M00373,2026-09-18 14:53:55,S2,False,AMP-06-002,Ampoule,Propylene glycol cosolvent 40%,Cosolvent injectable,Fresh,,none,"ANT-A (double-ridged horn, ETS 3115)",10,24.52,49.1,S11,2800.0,3200.0,0.01,40001,3096.226,-4.225,7.06,42.5506,72.77,38.6262,0.22,36.7334,3091.9072,41.02533333333333,75.53333333333333,-4.282,38.61493333333333,3,4.781933739608016,4.3188,1.5253,-2.763,0.057,-1.8815,0.903,0.8601,3.4989,-0.4772,-0.1713,-0.0822
M00374,2026-09-18 14:54:07,S2,False,AMP-07-002,Ampoule,Ethanolic cosolvent 30%,Ethanolic injectable,Freeze-thaw cycled,,subtle,"ANT-A (double-ridged horn, ETS 3115)",8,23.96,60.7,S11,2800.0,3200.0,0.01,40001,3121.189,-4.385,20.31,40.8448,76.42,27.9561,0.24022,26.1413,3115.5856333333336,43.0876,72.36333333333333,-4.5616666666666665,28.53363333333333,3,3.129206756245622,5.6034,-2.2428,4.057,0.177,-2.3923,1.791,0.5334,5.7148,2.2515,-1.0313,-0.0921
M00375,2026-09-18 14:54:20,S2,False,AMP-07-004,Ampoule,Ethanolic cosolvent 30%,Ethanolic injectable,Heat-stressed 60C,,subtle,"ANT-A (double-ridged horn, ETS 3115)",8,25.56,55.0,S11,2800.0,3200.0,0.01,40001,3117.1436,-4.576,-17.16,43.1824,72.19,26.7212,0.24043,27.8662,3120.3013666666666,41.6603,74.92,-4.652666666666667,26.51953333333333,3,1.4298641835268862,-3.1578,1.5221,-2.73,0.077,1.3467,2.208,0.2657,-1.925,2.2515,-1.8493,0.117
M00376,2026-09-18 14:54:33,S2,False,AMP-06-001,Ampoule,Propylene glycol cosolvent 40%,Cosolvent injectable,Fresh,,none,ANT-B (directional dipole),8,24.6,60.8,S11,2800.0,3200.0,0.01,40001,3080.153,-4.06,5.93,48.965,62.91,37.4773,0.22,36.3168,3083.8266000000003,49.481433333333335,62.34,-3.8829999999999996,34.72483333333333,3,6.979905624004021,-3.6736,-0.5164,0.57,-0.177,1.592,0.526,1.2262,0.6898,-0.5187,-0.0855,0.051
M00377,2026-09-18 14:54:45,S2,False,SYR-14-002,Syrup,"Suspension, antacid",Antacid suspension,Expired (24 mo),,subtle,ANT-B (directional dipole),1,24.7,55.0,S11,2800.0,3200.0,0.01,40001,2944.8323,-4.27,5.04,64.3529,45.76,57.4106,0.2503,57.5824,2946.7635333333333,65.11370000000001,45.36000000000001,-4.318333333333334,57.029333333333334,3,1.2711594326966795,-1.9312,-0.7608,0.4,0.048,0.5531,1.519,-0.1467,0.3608,-0.9972,-0.9992,-0.2625
M00378,2026-09-18 14:54:58,S2,False,VIA-04-001,Vial,Buffered protein formulation,Biologic solution,Substituted,Diluted 2x with water,gross,"ANT-A (double-ridged horn, ETS 3115)",2,24.79,61.7,S11,2800.0,3200.0,0.01,40001,2946.1484,-3.875,5.42,38.1978,77.13,74.8072,0.1585,75.7384,2952.5370666666663,39.29656666666667,75.22,-3.6986666666666665,73.47703333333334,3,4.113929885563653,-6.3887,-1.0988,1.91,-0.176,2.2614,1.553,0.2135,-1.1999,1.996,0.3027,-0.1715
M00379,2026-09-18 14:55:11,S2,False,SYR-12-001,Syrup,Sucrose-based paediatric syrup 65% w/v,Sucrose syrup,Substituted,Distilled water,gross,"ANT-A (double-ridged horn, ETS 3115)",10,24.35,55.7,S11,2800.0,3200.0,0.01,40001,2896.5618,-3.9,-0.82,43.5488,66.51,77.6809,0.157,77.0288,3020.9702666666667,55.3294,54.61333333333334,-4.332666666666667,41.24103333333333,3,5.12499634861657,-124.4085,-11.7806,11.897,0.433,35.7878,24.275,3.8975,-0.4046,-0.4772,-0.2197,0.2133
M00380,2026-09-18 14:55:24,S2,False,EYE-10-003,Eyedrop,HPMC viscous artificial tears,Viscous ophthalmic,Substituted,Diluted 2x with water,gross,"ANT-A (double-ridged horn, ETS 3115)",7,24.68,53.7,S11,2800.0,3200.0,0.01,40001,3074.8045,-3.89,7.47,30.4007,101.14,71.761,0.176,70.4134,3081.4524333333334,31.8485,96.75999999999999,-4.264,65.897,3,0.8321338494097374,-6.6479,-1.4478,4.38,0.374,4.5164,7.989,1.9602,3.1243,4.0178,-0.0411,0.0167
M00381,2026-09-18 14:55:36,S2,False,SYR-13-003,Syrup,Sorbitol sugar-free syrup,Sorbitol syrup,Substituted,Diluted 2x with water,gross,"ANT-A (double-ridged horn, ETS 3115)",5,24.32,59.4,S11,2800.0,3200.0,0.01,40001,2930.5699,-4.177,-6.8,46.3174,63.27,66.3474,0.186,67.4015,2969.791533333333,50.919900000000005,58.34,-4.188666666666666,55.925333333333334,3,5.0048180689545285,-39.2216,-4.6025,4.93,0.012,11.4762,7.837,0.0738,-2.1274,-0.9385,0.0181,-0.2791
M00382,2026-09-18 14:55:49,S2,False,VIA-02-003,Vial,Dextrose 5% injectable,Dextrose injectable,Photodegraded,,subtle,"ANT-A (double-ridged horn, ETS 3115)",8,23.97,55.6,S11,2800.0,3200.0,0.01,40001,2957.4065,-3.805,-6.0,40.031,73.88,70.9387,0.15522,70.9125,2961.5673666666667,38.934733333333334,76.07,-3.7976666666666667,69.4726,3,3.6970261837500664,-4.1609,1.0963,-2.19,-0.007,1.4399,1.125,2.307,-2.686,2.2515,-1.4276,0.1128
M00383,2026-09-18 14:56:02,S2,False,AMP-07-004,Ampoule,Ethanolic cosolvent 30%,Ethanolic injectable,Substituted,Glycerol,gross,"ANT-A (double-ridged horn, ETS 3115)",10,23.12,46.9,S11,2800.0,3200.0,0.01,40001,3147.2183,-6.178,-2.85,57.3796,54.85,14.9002,0.42,15.2014,3120.3013666666666,41.6603,74.92,-4.652666666666667,26.51953333333333,3,1.4298641835268862,26.9169,15.7193,-20.07,-1.525,-11.3181,18.825,0.2657,-1.6896,-0.4772,0.4109,-0.1058
M00384,2026-09-18 14:56:14,S2,False,AMP-08-003,Ampoule,Sesame oil vehicle (depot),Oil-based depot,Photodegraded,,subtle,"ANT-A (double-ridged horn, ETS 3115)",2,24.75,55.0,S11,2800.0,3200.0,0.01,40001,3177.4515,-2.478,8.16,23.1477,137.27,3.442,0.00801,2.8508,3173.7279333333336,22.4438,141.47,-2.4746666666666663,4.3728,3,2.761500217876818,3.7236,0.7039,-4.2,-0.003,-1.522,1.348,0.0599,2.2499,1.996,-1.0218,0.1096
M00385,2026-09-18 14:56:27,S2,False,SYR-14-001,Syrup,"Suspension, antacid",Antacid suspension,Fresh,,none,ANT-B (directional dipole),3,24.65,56.7,S11,2800.0,3200.0,0.01,40001,2939.3304,-4.333,-5.81,66.2143,44.39,57.7792,0.25,59.1645,2944.604033333333,64.75643333333333,45.47666666666667,-4.192333333333333,57.6481,3,1.5092290228238854,-5.2736,1.4579,-1.087,-0.141,1.5164,3.494,1.2244,-3.0913,6.0478,0.1588,-0.1111
M00386,2026-09-18 14:56:40,S2,False,AMP-06-001,Ampoule,Propylene glycol cosolvent 40%,Cosolvent injectable,Freeze-thaw cycled,,subtle,"ANT-A (double-ridged horn, ETS 3115)",6,24.07,72.5,S11,2800.0,3200.0,0.01,40001,3099.3021,-4.156,0.09,38.2694,80.99,37.5152,0.2202,35.4004,3096.0501666666664,40.143233333333335,77.14333333333333,-4.329666666666667,36.811299999999996,3,3.3532244203651627,3.2519,-1.8738,3.847,0.174,-1.4109,0.97,1.2262,2.8559,7.2171,0.0629,-0.0513
M00387,2026-09-18 14:56:52,S2,False,SYR-13-002,Syrup,Sorbitol sugar-free syrup,Sorbitol syrup,Substituted,Empty / air,gross,ANT-B (directional dipole),6,24.69,73.1,S11,2800.0,3200.0,0.01,40001,3161.1864,-2.4,-23.48,30.3014,104.32,1.0,0.0,1.7783,2966.1835333333333,61.44273333333334,48.29,-4.009666666666667,52.2768,3,3.172243909811173,195.0029,-31.1413,56.03,1.61,-50.4985,61.472,1.4525,-4.4429,-1.3236,-0.3417,0.0185
M00388,2026-09-18 14:57:05,S2,False,AMP-07-001,Ampoule,Ethanolic cosolvent 30%,Ethanolic injectable,Freeze-thaw cycled,,subtle,"ANT-A (double-ridged horn, ETS 3115)",7,24.28,56.9,S11,2800.0,3200.0,0.01,40001,3120.2159,-4.454,12.0,43.255,72.14,28.537,0.24022,26.5556,3114.0538666666666,42.18503333333333,73.82666666666667,-4.559666666666667,29.188866666666666,3,2.2642032469134166,6.162,1.07,-1.687,0.106,-2.6333,2.721,0.1224,4.1668,4.0178,-0.1982,0.1147
M00389,2026-09-18 14:57:18,S2,False,VIA-03-002,Vial,Reconstituted lyophilised antibiotic,Reconstituted powder,Freeze-thaw cycled,,subtle,"ANT-A (double-ridged horn, ETS 3115)",6,24.03,44.4,S11,2800.0,3200.0,0.01,40001,2975.7432,-3.582,28.16,42.1302,70.63,68.6316,0.18517,65.9003,2965.7019333333337,42.46866666666667,69.83999999999999,-4.0809999999999995,69.41096666666667,3,3.1864565340410076,10.0413,-0.3385,0.79,0.499,-3.5107,3.151,-2.8023,8.6329,7.2171,-0.1163,0.2207
M00390,2026-09-18 14:57:31,S2,False,VIA-04-001,Vial,Buffered protein formulation,Biologic solution,Substituted,Distilled water,gross,"ANT-A (double-ridged horn, ETS 3115)",8,24.36,51.2,S11,2800.0,3200.0,0.01,40001,2936.6984,-3.768,-6.19,40.7255,72.11,77.6774,0.157,79.1134,2952.5370666666663,39.29656666666667,75.22,-3.6986666666666665,73.47703333333334,3,4.113929885563653,-15.8387,1.4289,-3.11,-0.069,5.6364,3.85,0.2135,-3.1539,2.2515,0.6054,0.1472
M00391,2026-09-18 14:57:43,S2,False,AMP-05-001,Ampoule,Aqueous small-volume parenteral,Aqueous SVP,Fresh,,none,"ANT-A (double-ridged horn, ETS 3115)",9,24.34,57.3,S11,2800.0,3200.0,0.01,40001,3011.9311,-4.026,10.89,34.566,87.14,74.9019,0.175,74.4927,3008.1085000000003,36.2857,82.90333333333332,-3.8143333333333334,76.29453333333333,3,5.854424420043359,3.8226,-1.7197,4.237,-0.212,-1.8018,0.653,-0.6105,2.1262,1.242,0.1112,-0.1632
M00392,2026-09-18 14:57:56,S2,False,AMP-05-001,Ampoule,Aqueous small-volume parenteral,Aqueous SVP,Fresh,,none,"ANT-A (double-ridged horn, ETS 3115)",5,24.78,53.8,S11,2800.0,3200.0,0.01,40001,3005.5717,-3.779,-4.62,34.9812,85.92,74.7816,0.175,77.4852,3008.1085000000003,36.2857,82.90333333333332,-3.8143333333333334,76.29453333333333,3,5.854424420043359,-2.5368,-1.3045,3.017,0.035,1.1907,0.433,-0.6105,-4.3611,-0.9385,-0.1893,0.0082
M00393,2026-09-18 14:58:09,S2,False,VIA-03-001,Vial,Reconstituted lyophilised antibiotic,Reconstituted powder,Substituted,Glycerol,gross,ANT-B (directional dipole),6,23.84,47.0,S11,2800.0,3200.0,0.01,40001,3116.6305,-5.358,-10.17,79.1438,39.38,14.8618,0.42,15.0066,2956.3107,52.3683,56.47666666666667,-3.7916666666666665,66.97486666666667,3,2.1657838049998444,160.3198,26.7755,-17.097,-1.566,-51.9683,74.024,1.2065,-2.2603,-1.3236,0.7595,0.1163
M00394,2026-09-18 14:58:21,S2,False,SYR-13-003,Syrup,Sorbitol sugar-free syrup,Sorbitol syrup,Photodegraded,,subtle,ANT-B (directional dipole),8,24.17,59.1,S11,2800.0,3200.0,0.01,40001,2951.9907,-3.997,-0.41,61.4635,48.03,54.9587,0.2153,56.3467,2954.9108666666666,63.07136666666667,46.85666666666666,-3.827666666666667,55.511300000000006,3,8.458686743421389,-2.9202,-1.6079,1.173,-0.169,0.8354,0.345,0.0738,-2.1736,-0.5187,-1.5604,-0.1112
M00395,2026-09-18 14:58:34,S2,False,AMP-07-002,Ampoule,Ethanolic cosolvent 30%,Ethanolic injectable,Photodegraded,,subtle,"ANT-A (double-ridged horn, ETS 3115)",9,24.0,54.5,S11,2800.0,3200.0,0.01,40001,3117.8135,-4.531,10.31,43.945,70.95,27.9389,0.24034,27.5801,3115.5856333333336,43.0876,72.36333333333333,-4.5616666666666665,28.53363333333333,3,3.129206756245622,2.2279,0.8574,-1.413,0.031,-0.9535,0.712,0.5334,2.6577,1.242,-1.3404,-0.1422
M00396,2026-09-18 14:58:47,S2,False,SYR-13-002,Syrup,Sorbitol sugar-free syrup,Sorbitol syrup,Heat-stressed 60C,,subtle,ANT-B (directional dipole),6,24.32,44.8,S11,2800.0,3200.0,0.01,40001,2959.6603,-3.978,-29.71,59.0638,50.11,54.8624,0.21539,54.1396,2966.1835333333333,61.44273333333334,48.29,-4.009666666666667,52.2768,3,3.172243909811173,-6.5232,-2.3789,1.82,0.032,1.8628,2.056,1.4525,-4.5145,-1.3236,-1.3766,0.0187
M00397,2026-09-18 14:58:59,S2,False,AMP-06-004,Ampoule,Propylene glycol cosolvent 40%,Cosolvent injectable,Expired (24 mo),,subtle,"ANT-A (double-ridged horn, ETS 3115)",1,24.37,57.6,S11,2800.0,3200.0,0.01,40001,3093.5592,-4.479,-7.33,42.018,73.62,38.2153,0.22026,37.8923,3094.2628666666665,40.70586666666667,76.06666666666666,-4.290666666666667,37.5896,3,4.911327455315147,-0.7037,1.3121,-2.447,-0.188,0.3027,0.143,0.392,-0.251,-0.8647,-1.1031,-0.0311
M00398,2026-09-18 14:59:12,S2,False,AMP-08-004,Ampoule,Sesame oil vehicle (depot),Oil-based depot,Freeze-thaw cycled,,subtle,"ANT-A (double-ridged horn, ETS 3115)",7,24.51,47.8,S11,2800.0,3200.0,0.01,40001,3177.6038,-2.471,9.2,23.0094,138.1,2.9813,0.00801,2.7887,3175.6805666666664,22.1263,143.59,-2.47,3.5787666666666667,3,6.371474143660478,1.9232,0.8831,-5.49,-0.001,-0.7901,0.302,-0.7393,1.8487,4.0178,-0.7436,0.0843
M00399,2026-09-18 14:59:25,S2,False,EYE-11-002,Eyedrop,Carbomer gel-forming drops,Gel-forming ophthalmic,Photodegraded,,subtle,"ANT-A (double-ridged horn, ETS 3115)",10,25.25,70.6,S11,2800.0,3200.0,0.01,40001,3088.0572,-4.224,-7.78,33.1951,93.03,60.9139,0.20529,62.8919,3089.0609,33.1141,93.30333333333333,-4.155,62.207033333333335,3,5.3602363725864945,-1.0037,0.081,-0.273,-0.069,0.6849,0.187,-0.9302,-2.376,-0.4772,-0.9436,0.1195
M00400,2026-09-18 14:59:38,S2,False,SYR-14-003,Syrup,"Suspension, antacid",Antacid suspension,Fresh,,none,ANT-B (directional dipole),9,24.75,53.8,S11,2800.0,3200.0,0.01,40001,2944.4156,-4.169,2.85,64.2274,45.84,58.6501,0.25,57.7019,2946.3830333333335,66.51326666666667,44.30666666666667,-4.038666666666667,57.14176666666666,3,6.152910509939971,-1.9674,-2.2859,1.533,-0.13,0.5601,0.32,2.4849,2.0321,-1.2437,-0.1424,-0.0712
M00401,2026-09-18 14:59:50,S2,False,VIA-01-002,Vial,Aqueous injectable (0.9% NaCl base),Saline injectable,Substituted,Ethanol 95%,gross,ANT-B (directional dipole),5,24.08,48.3,S11,2800.0,3200.0,0.01,40001,3093.9563,-4.648,5.78,66.5578,46.49,21.4705,0.31,21.5896,2930.803633333333,50.86686666666666,57.61666666666667,-3.644666666666667,75.039,3,6.99603640809112,163.1527,15.6909,-11.127,-1.003,-53.4494,23.321,-0.6633,1.7771,3.0499,-0.7964,-0.1023
M00402,2026-09-18 15:00:03,S2,False,AMP-06-003,Ampoule,Propylene glycol cosolvent 40%,Cosolvent injectable,Substituted,Diluted 2x with water,gross,"ANT-A (double-ridged horn, ETS 3115)",9,23.91,53.0,S11,2800.0,3200.0,0.01,40001,3054.4702,-3.746,16.54,38.5778,79.18,58.13,0.1885,55.2283,3090.130833333333,40.26176666666667,76.86,-4.378666666666667,39.38746666666666,3,2.604092234029727,-35.6606,-1.684,2.32,0.633,15.8408,13.694,-0.806,7.2293,1.242,0.3605,0.0643
M00403,2026-09-18 15:00:16,S2,False,AMP-08-001,Ampoule,Sesame oil vehicle (depot),Oil-based depot,Substituted,Under-fill (50% air),gross,ANT-B (directional dipole),5,24.86,47.8,S11,2800.0,3200.0,0.01,40001,3169.9034,-2.458,20.54,32.7686,96.74,2.7706,0.008,-1.2004,3163.2669,31.870566666666665,99.25333333333333,-2.4623333333333335,1.5051333333333332,3,3.2667594233428168,6.6365,0.898,-2.513,0.004,-2.7055,2.032,0.1027,7.5007,3.0499,-0.1702,0.2096
M00404,2026-09-18 15:00:28,S2,False,AMP-07-002,Ampoule,Ethanolic cosolvent 30%,Ethanolic injectable,Expired (24 mo),,subtle,ANT-B (directional dipole),2,26.42,64.6,S11,2800.0,3200.0,0.01,40001,3101.3981,-4.209,8.51,52.9939,58.52,27.7019,0.24029,27.2661,3104.3393999999994,51.07223333333334,60.85666666666666,-3.9113333333333333,26.016766666666665,3,8.776953820660259,-2.9413,1.9217,-2.337,-0.298,1.2493,0.335,0.5334,2.3041,1.9516,-1.0629,0.0972
M00405,2026-09-18 15:00:41,S2,False,SYR-14-002,Syrup,"Suspension, antacid",Antacid suspension,Heat-stressed 60C,,subtle,ANT-B (directional dipole),1,25.03,65.3,S11,2800.0,3200.0,0.01,40001,2946.7192,-4.244,1.96,67.6203,43.58,57.3068,0.25045,57.0419,2946.7635333333333,65.11370000000001,45.36000000000001,-4.318333333333334,57.029333333333334,3,1.2711594326966795,-0.0443,2.5066,-1.78,0.074,0.0126,0.035,-0.1467,2.6018,-0.9972,-2.0325,0.0552
M00406,2026-09-18 15:00:54,S2,False,VIA-02-003,Vial,Dextrose 5% injectable,Dextrose injectable,Heat-stressed 60C,,subtle,"ANT-A (double-ridged horn, ETS 3115)",4,23.93,74.9,S11,2800.0,3200.0,0.01,40001,2958.6756,-3.851,5.11,38.1428,77.57,70.9193,0.15528,70.4722,2961.5673666666667,38.934733333333334,76.07,-3.7976666666666667,69.4726,3,3.6970261837500664,-2.8918,-0.7919,1.5,-0.053,0.9996,0.782,2.307,-0.8524,-0.2063,-1.6199,-0.3147
M00407,2026-09-18 15:01:06,S2,False,EYE-11-003,Eyedrop,Carbomer gel-forming drops,Gel-forming ophthalmic,Heat-stressed 60C,,subtle,"ANT-A (double-ridged horn, ETS 3115)",5,24.5,65.2,S11,2800.0,3200.0,0.01,40001,3084.5686,-4.176,-4.85,32.7899,94.07,61.2385,0.20537,65.2998,3090.2464999999997,32.57293333333334,94.94333333333333,-4.125,61.3906,3,5.017370118896931,-5.6779,0.217,-0.873,-0.051,3.9092,1.132,-0.9366,-3.5761,-0.9385,-1.6974,-0.2353
M00408,2026-09-18 15:01:19,S2,False,AMP-08-002,Ampoule,Sesame oil vehicle (depot),Oil-based depot,Photodegraded,,subtle,ANT-B (directional dipole),6,23.46,56.5,S11,2800.0,3200.0,0.01,40001,3155.4298,-2.467,-4.59,32.7126,96.46,2.9835,0.00801,4.7191,3163.3352333333332,32.048633333333335,98.72333333333334,-2.4523333333333333,1.4929,3,11.492620770013234,-7.9054,0.664,-2.263,-0.015,3.2262,0.688,-1.6192,-1.6528,-1.3236,-0.8443,-0.0183
M00409,2026-09-18 15:01:32,S2,False,VIA-03-004,Vial,Reconstituted lyophilised antibiotic,Reconstituted powder,Freeze-thaw cycled,,subtle,ANT-B (directional dipole),1,24.54,56.6,S11,2800.0,3200.0,0.01,40001,2951.4939,-3.88,2.39,50.5722,58.36,67.4958,0.18517,68.6679,2958.4895666666666,52.056933333333326,56.833333333333336,-3.7289999999999996,66.21213333333334,3,3.1930280461239744,-6.9957,-1.4847,1.527,-0.151,2.4558,2.191,-1.1552,0.0946,-0.9972,-0.6777,0.1734
M00410,2026-09-18 15:01:45,S2,False,SYR-14-003,Syrup,"Suspension, antacid",Antacid suspension,Freeze-thaw cycled,,subtle,"ANT-A (double-ridged horn, ETS 3115)",9,23.92,66.2,S11,2800.0,3200.0,0.01,40001,2958.5467,-4.572,-8.29,56.4969,52.37,58.773,0.25023,58.3165,2956.6801666666665,59.51773333333333,49.68,-4.269666666666667,58.855133333333335,3,6.802436622515,1.8665,-3.0208,2.69,-0.302,-0.5386,0.274,2.4849,0.2001,1.242,-0.1225,0.0439
M00411,2026-09-18 15:01:57,S2,False,AMP-07-002,Ampoule,Ethanolic cosolvent 30%,Ethanolic injectable,Fresh,,none,"ANT-A (double-ridged horn, ETS 3115)",3,24.11,63.2,S11,2800.0,3200.0,0.01,40001,3110.52,-4.298,-24.3,45.6156,68.19,27.9662,0.24,30.705,3115.5856333333336,43.0876,72.36333333333333,-4.5616666666666665,28.53363333333333,3,3.129206756245622,-5.0656,2.528,-4.173,0.264,2.1714,1.619,0.5334,-6.0969,-4.4578,0.0646,-0.0213
M00412,2026-09-18 15:02:10,S2,False,AMP-05-002,Ampoule,Aqueous small-volume parenteral,Aqueous SVP,Substituted,Ethanol 95%,gross,"ANT-A (double-ridged horn, ETS 3115)",5,24.24,66.4,S11,2800.0,3200.0,0.01,40001,3129.5107,-5.163,-8.06,47.8536,65.4,21.4586,0.31,22.4089,3009.5727666666667,36.064766666666664,83.47333333333333,-3.9596666666666667,75.60163333333334,3,3.013810493931699,119.9379,11.7888,-18.073,-1.203,-53.1927,39.796,-0.1511,-2.605,-0.9385,0.1437,0.1053
M00413,2026-09-18 15:02:23,S2,False,VIA-01-002,Vial,Aqueous injectable (0.9% NaCl base),Saline injectable,Photodegraded,,subtle,"ANT-A (double-ridged horn, ETS 3115)",6,23.41,56.0,S11,2800.0,3200.0,0.01,40001,2952.3753,-3.688,27.84,40.926,72.14,74.3624,0.17024,73.1436,2946.3349,41.778933333333335,70.64666666666666,-3.9616666666666664,75.27243333333332,3,1.7026404552928778,6.0404,-0.8529,1.493,0.274,-2.1288,3.548,-0.6633,7.1077,7.2171,-1.3544,0.2427
M00414,2026-09-18 15:02:35,S2,False,SYR-12-002,Syrup,Sucrose-based paediatric syrup 65% w/v,Sucrose syrup,Freeze-thaw cycled,,subtle,"ANT-A (double-ridged horn, ETS 3115)",10,24.01,69.5,S11,2800.0,3200.0,0.01,40001,3013.1933,-4.637,-12.12,55.031,54.75,43.0475,0.23521,43.3469,3013.720633333334,56.308400000000006,53.57333333333333,-4.443666666666666,43.20446666666667,3,3.3756423526986006,-0.5273,-1.2774,1.177,-0.193,0.1424,0.156,-0.7037,-0.2755,-0.4772,-0.1163,-0.1725
M00415,2026-09-18 15:02:48,S2,False,VIA-04-003,Vial,Buffered protein formulation,Biologic solution,Heat-stressed 60C,,subtle,ANT-B (directional dipole),9,25.18,59.5,S11,2800.0,3200.0,0.01,40001,2934.6482,-3.564,-11.51,48.742,60.21,71.9261,0.16029,74.0617,2943.010333333333,47.31043333333333,62.21666666666667,-3.5893333333333337,71.10520000000001,3,6.49001281534439,-8.3621,1.4316,-2.007,0.025,2.9565,1.288,-0.1832,-6.4986,-1.2437,-1.2207,-0.0719
M00416,2026-09-18 15:03:01,S2,False,AMP-06-003,Ampoule,Propylene glycol cosolvent 40%,Cosolvent injectable,Heat-stressed 60C,,subtle,"ANT-A (double-ridged horn, ETS 3115)",8,24.89,59.5,S11,2800.0,3200.0,0.01,40001,3097.4207,-4.064,29.92,43.0203,72.0,38.2506,0.2204,36.2152,3090.130833333333,40.26176666666667,76.86,-4.378666666666667,39.38746666666666,3,2.604092234029727,7.2899,2.7585,-4.86,0.315,-3.1723,2.799,-0.806,6.7596,2.2515,-1.1403,0.1772
M00417,2026-09-18 15:03:13,S2,False,EYE-10-002,Eyedrop,HPMC viscous artificial tears,Viscous ophthalmic,Substituted,Ethanol 95%,gross,ANT-B (directional dipole),6,24.97,61.6,S11,2800.0,3200.0,0.01,40001,3128.1064,-4.691,-8.35,50.4452,62.01,21.4023,0.31,23.9003,3066.851666666667,41.4506,74.0,-3.7143333333333337,64.3171,3,8.52828603081171,61.2547,8.9946,-11.99,-0.977,-40.4168,7.183,-1.1341,-2.7447,-1.3236,-0.6299,-0.047
M00418,2026-09-18 15:03:26,S2,False,SYR-13-002,Syrup,Sorbitol sugar-free syrup,Sorbitol syrup,Freeze-thaw cycled,,subtle,ANT-B (directional dipole),8,25.0,57.1,S11,2800.0,3200.0,0.01,40001,2963.3864,-4.075,1.93,59.3255,49.95,54.7766,0.21519,53.0735,2966.1835333333333,61.44273333333334,48.29,-4.009666666666667,52.2768,3,3.172243909811173,-2.7971,-2.1172,1.66,-0.065,0.7967,0.882,1.4525,-1.6342,-0.5187,-0.6951,-0.1065
M00419,2026-09-18 15:03:39,S2,False,VIA-04-002,Vial,Buffered protein formulation,Biologic solution,Freeze-thaw cycled,,subtle,ANT-B (directional dipole),4,24.37,65.0,S11,2800.0,3200.0,0.01,40001,2942.966,-3.69,-3.04,47.8743,61.47,71.5941,0.16014,71.1158,2946.0194666666666,48.63673333333333,60.576666666666675,-3.5573333333333337,70.0459,3,6.688132501926788,-3.0535,-0.7624,0.893,-0.133,1.0699,0.457,-0.7221,-0.4565,-0.0577,-0.9897,-0.1014
M00420,2026-09-18 15:03:52,S2,False,VIA-03-004,Vial,Reconstituted lyophilised antibiotic,Reconstituted powder,Heat-stressed 60C,,subtle,ANT-B (directional dipole),7,24.49,52.8,S11,2800.0,3200.0,0.01,40001,2940.2676,-3.483,-27.68,50.7497,57.94,67.4452,0.18533,72.6476,2958.4895666666666,52.056933333333326,56.833333333333336,-3.7289999999999996,66.21213333333334,3,3.1930280461239744,-18.222,-1.3072,1.107,0.246,6.4355,5.707,-1.1552,-10.1834,-6.291,-1.7818,0.184
M00421,2026-09-18 15:04:04,S2,False,SYR-14-001,Syrup,"Suspension, antacid",Antacid suspension,Expired (24 mo),,subtle,"ANT-A (double-ridged horn, ETS 3115)",2,24.24,50.9,S11,2800.0,3200.0,0.01,40001,2955.3953,-4.581,-22.68,58.9559,50.13,57.7946,0.2503,59.219,2959.8009,56.34246666666667,52.73,-4.541666666666667,57.95943333333333,3,3.6745936686931624,-4.4056,2.6134,-2.6,-0.039,1.2596,1.199,1.2244,-3.0804,1.996,-0.1473,0.0388
M00422,2026-09-18 15:04:17,S2,False,SYR-13-003,Syrup,Sorbitol sugar-free syrup,Sorbitol syrup,Substituted,Glycerol,gross,ANT-B (directional dipole),5,24.59,68.0,S11,2800.0,3200.0,0.01,40001,3108.1705,-5.395,12.71,89.4905,34.73,14.8218,0.42,14.5712,2954.9108666666666,63.07136666666667,46.85666666666666,-3.827666666666667,55.511300000000006,3,8.458686743421389,153.2596,26.4191,-12.127,-1.567,-40.9401,18.119,0.0738,1.5143,3.0499,-0.3083,0.0428
M00423,2026-09-18 15:04:30,S2,False,AMP-07-004,Ampoule,Ethanolic cosolvent 30%,Ethanolic injectable,Substituted,Diluted 2x with water,gross,ANT-B (directional dipole),4,25.25,52.6,S11,2800.0,3200.0,0.01,40001,3042.6981,-3.831,-2.8,45.0191,67.59,52.1153,0.1985,53.1816,3106.392533333333,52.5505,59.13333333333333,-4.080333333333333,25.130366666666664,3,3.4500218265010516,-63.6944,-7.5314,8.457,0.249,28.0512,18.462,0.2657,-3.2321,-0.0577,-0.7573,0.0512
M00424,2026-09-18 15:04:42,S2,False,AMP-08-004,Ampoule,Sesame oil vehicle (depot),Oil-based depot,Substituted,Empty / air,gross,ANT-B (directional dipole),1,24.43,69.0,S11,2800.0,3200.0,0.01,40001,3165.6342,-2.4,5.6,31.8327,99.45,1.0,0.0,0.5372,3159.328766666667,32.03653333333333,98.62333333333333,-2.4633333333333334,3.1184333333333334,3,3.8635392379702136,6.3054,-0.2038,0.827,0.063,-2.5812,1.632,-0.7393,1.7114,-0.9972,0.0555,0.1066
M00425,2026-09-18 15:04:55,S2,False,SYR-13-001,Syrup,Sorbitol sugar-free syrup,Sorbitol syrup,Fresh,,none,ANT-B (directional dipole),5,24.07,64.6,S11,2800.0,3200.0,0.01,40001,2953.8717,-4.132,0.7,59.2756,49.83,54.5996,0.215,55.8038,2957.7574999999997,60.4115,49.026666666666664,-3.8206666666666664,54.6927,3,8.585649627721924,-3.8858,-1.1359,0.803,-0.311,1.1111,0.453,-0.8894,0.7139,3.0499,0.0948,-0.1608
M00426,2026-09-18 15:05:08,S2,False,SYR-13-002,Syrup,Sorbitol sugar-free syrup,Sorbitol syrup,Expired (24 mo),,subtle,"ANT-A (double-ridged horn, ETS 3115)",3,25.45,59.8,S11,2800.0,3200.0,0.01,40001,2978.6534,-4.276,-14.52,48.5029,61.41,54.6716,0.21526,53.392,2981.788966666667,50.7285,58.79666666666666,-4.341666666666667,52.5036,3,4.200795829760327,-3.1356,-2.2256,2.613,0.066,0.8884,0.746,1.4525,-3.0932,-4.4578,-0.7122,-0.1132
M00427,2026-09-18 15:05:20,S2,False,AMP-06-004,Ampoule,Propylene glycol cosolvent 40%,Cosolvent injectable,Photodegraded,,subtle,ANT-B (directional dipole),10,24.17,64.7,S11,2800.0,3200.0,0.01,40001,3081.8509,-4.045,17.7,51.1569,60.24,38.2359,0.22031,35.5771,3078.955,49.89116666666666,61.74333333333334,-3.9756666666666667,36.84493333333333,3,6.260758193701545,2.8959,1.2657,-1.503,-0.069,-1.2678,0.463,0.392,4.9223,2.3219,-1.0591,0.1084
M00428,2026-09-18 15:05:33,S2,False,SYR-14-002,Syrup,"Suspension, antacid",Antacid suspension,Photodegraded,,subtle,ANT-B (directional dipole),8,23.9,56.2,S11,2800.0,3200.0,0.01,40001,2939.8021,-4.22,-19.35,66.1331,44.45,57.5639,0.25035,59.0285,2946.7635333333333,65.11370000000001,45.36000000000001,-4.318333333333334,57.029333333333334,3,1.2711594326966795,-6.9614,1.0194,-0.91,0.098,1.9992,5.476,-0.1467,-4.6601,-0.5187,-0.6939,-0.0433
M00429,2026-09-18 15:05:46,S2,False,AMP-05-003,Ampoule,Aqueous small-volume parenteral,Aqueous SVP,Expired (24 mo),,subtle,"ANT-A (double-ridged horn, ETS 3115)",6,24.4,61.5,S11,2800.0,3200.0,0.01,40001,3016.9718,-3.478,15.51,36.4344,82.81,76.0603,0.17521,72.1342,3005.7253333333333,35.70423333333333,84.21,-3.9103333333333334,77.41550000000001,3,4.26068180498541,11.2465,0.7302,-1.4,0.432,-5.2813,2.64,0.7996,9.0031,7.2171,-0.8802,0.0313
M00430,2026-09-18 15:05:59,S2,False,AMP-08-002,Ampoule,Sesame oil vehicle (depot),Oil-based depot,Substituted,Empty / air,gross,"ANT-A (double-ridged horn, ETS 3115)",5,24.31,61.8,S11,2800.0,3200.0,0.01,40001,3177.9692,-2.4,-2.93,22.0907,143.86,1.0,0.0,2.6397,3172.689966666667,22.79103333333333,139.46333333333334,-2.474,4.797533333333333,3,2.3275452784709505,5.2792,-0.7003,4.397,0.074,-2.1578,2.268,-1.6192,-1.8038,-0.9385,-0.7611,0.1533
M00431,2026-09-18 15:06:11,S2,False,AMP-06-003,Ampoule,Propylene glycol cosolvent 40%,Cosolvent injectable,Heat-stressed 60C,,subtle,"ANT-A (double-ridged horn, ETS 3115)",9,24.61,61.1,S11,2800.0,3200.0,0.01,40001,3091.7972,-4.375,0.3,39.5618,78.15,38.2894,0.2204,38.6596,3090.130833333333,40.26176666666667,76.86,-4.378666666666667,39.38746666666666,3,2.604092234029727,1.6664,-0.7,1.29,0.004,-0.7279,0.64,-0.806,2.1749,1.242,-1.6574,-0.2551
M00432,2026-09-18 15:06:24,S2,False,EYE-11-003,Eyedrop,Carbomer gel-forming drops,Gel-forming ophthalmic,Expired (24 mo),,subtle,"ANT-A (double-ridged horn, ETS 3115)",8,24.12,67.9,S11,2800.0,3200.0,0.01,40001,3090.8488,-4.351,6.4,32.0824,96.34,61.358,0.20525,60.9709,3090.2464999999997,32.57293333333334,94.94333333333333,-4.125,61.3906,3,5.017370118896931,0.6023,-0.4905,1.397,-0.226,-0.4197,0.12,-0.9366,1.4546,2.2515,-0.5079,-0.0023
M00433,2026-09-18 15:06:37,S2,False,VIA-02-001,Vial,Dextrose 5% injectable,Dextrose injectable,Fresh,,none,ANT-B (directional dipole),8,24.85,52.8,S11,2800.0,3200.0,0.01,40001,2942.4518,-3.573,-12.34,49.6692,59.24,70.3053,0.155,70.4555,2945.6589,47.14966666666667,62.47666666666667,-3.5340000000000003,69.3435,3,6.037313550744153,-3.2071,2.5195,-3.237,-0.039,1.112,0.531,0.8112,-3.1723,-0.5187,0.0451,0.099
M00434,2026-09-18 15:06:49,S2,False,VIA-03-002,Vial,Reconstituted lyophilised antibiotic,Reconstituted powder,Freeze-thaw cycled,,subtle,"ANT-A (double-ridged horn, ETS 3115)",2,23.96,59.1,S11,2800.0,3200.0,0.01,40001,2970.4522,-4.085,14.83,45.2083,65.71,68.6483,0.18517,67.7451,2965.7019333333337,42.46866666666667,69.83999999999999,-4.0809999999999995,69.41096666666667,3,3.1864565340410076,4.7503,2.7396,-4.13,-0.004,-1.6659,1.491,-2.8023,3.6795,1.996,-0.1021,-0.0841
M00435,2026-09-18 15:07:02,S2,False,EYE-10-001,Eyedrop,HPMC viscous artificial tears,Viscous ophthalmic,Fresh,,none,"ANT-A (double-ridged horn, ETS 3115)",1,25.55,62.9,S11,2800.0,3200.0,0.01,40001,3077.5405,-4.219,-15.25,33.2561,92.54,66.5688,0.195,68.551,3081.090733333333,32.11686666666667,95.96999999999998,-4.179333333333333,66.1435,3,2.751302572116398,-3.5502,1.1392,-3.43,-0.04,2.4075,1.29,0.1182,-2.6875,-0.8647,-0.0305,-0.0868
M00436,2026-09-18 15:07:15,S2,False,SYR-14-002,Syrup,"Suspension, antacid",Antacid suspension,Expired (24 mo),,subtle,"ANT-A (double-ridged horn, ETS 3115)",6,23.67,68.3,S11,2800.0,3200.0,0.01,40001,2966.6773,-4.298,17.4,54.9108,54.03,57.6228,0.2503,56.0014,2962.2616666666668,57.2963,51.71,-4.25,57.26213333333334,3,7.751373463027962,4.4156,-2.3855,2.32,-0.048,-1.2607,0.57,-0.1467,6.5699,7.2171,-1.1608,-0.0132
M00437,2026-09-18 15:07:27,S2,False,EYE-11-003,Eyedrop,Carbomer gel-forming drops,Gel-forming ophthalmic,Fresh,,none,ANT-B (directional dipole),4,25.23,51.1,S11,2800.0,3200.0,0.01,40001,3074.2117,-4.043,0.67,41.9622,73.26,61.1861,0.205,60.7212,3078.5489333333335,40.806400000000004,75.45,-3.8043333333333336,57.735733333333336,3,4.277571078700361,-4.3372,1.1558,-2.19,-0.239,2.9855,1.014,-0.9366,0.9693,-0.0577,0.0009,0.0885
M00438,2026-09-18 15:07:40,S2,False,VIA-04-002,Vial,Buffered protein formulation,Biologic solution,Expired (24 mo),,subtle,"ANT-A (double-ridged horn, ETS 3115)",6,24.56,59.2,S11,2800.0,3200.0,0.01,40001,2961.9825,-3.894,0.94,37.5821,78.81,71.5232,0.16019,70.1555,2961.469833333333,37.91363333333333,78.12666666666667,-3.8386666666666667,70.3356,3,2.421726991907314,0.5127,-0.3315,0.683,-0.055,-0.1801,0.212,-0.7221,1.8232,7.2171,-0.7179,-0.1229
M00439,2026-09-18 15:07:53,S2,False,AMP-07-001,Ampoule,Ethanolic cosolvent 30%,Ethanolic injectable,Substituted,Glycerol,gross,"ANT-A (double-ridged horn, ETS 3115)",4,24.06,52.8,S11,2800.0,3200.0,0.01,40001,3148.2256,-6.01,2.1,59.2519,53.13,14.8502,0.42,14.7835,3114.0538666666666,42.18503333333333,73.82666666666667,-4.559666666666667,29.188866666666666,3,2.2642032469134166,34.1717,17.0669,-20.697,-1.45,-14.4054,15.092,0.1224,-0.3844,-0.2063,0.3235,-0.1268
M00440,2026-09-18 15:08:06,S2,False,AMP-05-002,Ampoule,Aqueous small-volume parenteral,Aqueous SVP,Heat-stressed 60C,,subtle,"ANT-A (double-ridged horn, ETS 3115)",9,24.09,57.6,S11,2800.0,3200.0,0.01,40001,3012.1211,-3.961,16.8,36.5091,82.5,75.1703,0.17531,74.4036,3009.5727666666667,36.064766666666664,83.47333333333333,-3.9596666666666667,75.60163333333334,3,3.013810493931699,2.5483,0.4443,-0.973,-0.001,-1.198,0.846,-0.1511,2.0837,1.242,-0.9806,-0.0663
M00441,2026-09-18 15:08:18,S2,False,VIA-04-001,Vial,Buffered protein formulation,Biologic solution,Fresh,,none,"ANT-A (double-ridged horn, ETS 3115)",6,24.68,54.3,S11,2800.0,3200.0,0.01,40001,2961.7343,-3.659,24.6,40.2264,73.63,72.085,0.16,70.2424,2952.5370666666663,39.29656666666667,75.22,-3.6986666666666665,73.47703333333334,3,4.113929885563653,9.1972,0.9298,-1.59,0.04,-3.2346,2.236,0.2135,6.7297,7.2171,0.1014,-0.0752
M00442,2026-09-18 15:08:31,S2,False,VIA-03-002,Vial,Reconstituted lyophilised antibiotic,Reconstituted powder,Substituted,Ethanol 95%,gross,ANT-B (directional dipole),1,24.72,65.9,S11,2800.0,3200.0,0.01,40001,3085.8102,-4.466,-22.7,72.9069,42.33,21.4215,0.31,24.3716,2952.1005999999998,51.776199999999996,57.01666666666667,-3.779666666666667,68.45603333333334,3,3.9584438242825883,133.7096,21.1307,-14.687,-0.686,-44.0844,33.778,-2.8023,-6.8981,-0.9972,-0.5838,0.0204
M00443,2026-09-18 15:08:44,S2,False,AMP-08-003,Ampoule,Sesame oil vehicle (depot),Oil-based depot,Expired (24 mo),,subtle,"ANT-A (double-ridged horn, ETS 3115)",5,24.73,57.2,S11,2800.0,3200.0,0.01,40001,3180.7711,-2.464,19.32,22.5095,141.31,3.4427,0.00801,1.4993,3173.7279333333336,22.4438,141.47,-2.4746666666666663,4.3728,3,2.761500217876818,7.0432,0.0657,-0.16,0.011,-2.8735,2.55,0.0599,6.1738,-0.9385,-1.4909,-0.024
M00444,2026-09-18 15:08:56,S2,False,AMP-05-004,Ampoule,Aqueous small-volume parenteral,Aqueous SVP,Substituted,Glycerol,gross,"ANT-A (double-ridged horn, ETS 3115)",6,25.6,65.9,S11,2800.0,3200.0,0.01,40001,3152.2305,-5.311,19.33,57.9742,54.37,14.7683,0.42,13.0108,3006.3537333333334,36.362,82.70666666666666,-3.937,77.1179,3,3.358901542667364,145.8768,21.6122,-28.337,-1.374,-64.1071,43.43,-0.9004,5.6311,7.2171,-0.2857,-0.0123
M00445,2026-09-18 15:09:09,S2,False,VIA-01-001,Vial,Aqueous injectable (0.9% NaCl base),Saline injectable,Expired (24 mo),,subtle,ANT-B (directional dipole),6,24.07,72.5,S11,2800.0,3200.0,0.01,40001,2931.5733,-3.701,-18.93,50.4122,58.15,73.6205,0.1702,74.7598,2936.5032333333334,48.344500000000004,60.76333333333333,-3.6983333333333337,73.01503333333334,3,1.769012821698285,-4.9299,2.0677,-2.613,-0.003,1.7448,2.787,0.3526,-2.9373,-1.3236,-0.5621,0.0216
M00446,2026-09-18 15:09:22,S2,False,VIA-04-001,Vial,Buffered protein formulation,Biologic solution,Substituted,Under-fill (50% air),gross,"ANT-A (double-ridged horn, ETS 3115)",7,23.67,64.3,S11,2800.0,3200.0,0.01,40001,3061.0177,-3.8,21.17,31.6455,96.73,72.3469,0.16,37.1801,2952.5370666666663,39.29656666666667,75.22,-3.6986666666666665,73.47703333333334,3,4.113929885563653,108.4806,-7.6511,21.51,-0.101,-36.2969,26.369,0.2135,3.787,4.0178,-0.0267,-0.082
M00447,2026-09-18 15:09:34,S2,False,SYR-12-002,Syrup,Sucrose-based paediatric syrup 65% w/v,Sucrose syrup,Heat-stressed 60C,,subtle,"ANT-A (double-ridged horn, ETS 3115)",6,24.59,64.4,S11,2800.0,3200.0,0.01,40001,3016.494,-4.272,17.54,53.3841,56.51,42.92,0.23542,42.4502,3013.720633333334,56.308400000000006,53.57333333333333,-4.443666666666666,43.20446666666667,3,3.3756423526986006,2.7734,-2.9243,2.937,0.172,-0.7543,0.822,-0.7037,4.0857,7.2171,-1.9196,0.1014
M00448,2026-09-18 15:09:47,S2,False,AMP-05-004,Ampoule,Aqueous small-volume parenteral,Aqueous SVP,Fresh,,none,ANT-B (directional dipole),1,24.11,64.7,S11,2800.0,3200.0,0.01,40001,2987.6348,-3.702,-10.16,47.1996,63.3,75.448,0.175,78.1536,2996.229633333334,44.40656666666666,67.59333333333333,-3.6653333333333333,74.08966666666667,3,5.017573069057528,-8.5948,2.793,-4.293,-0.037,4.0639,1.713,-0.9004,-3.9838,-0.9972,-0.1174,-0.0188
M00449,2026-09-18 15:10:00,S2,False,AMP-08-003,Ampoule,Sesame oil vehicle (depot),Oil-based depot,Substituted,Under-fill (50% air),gross,ANT-B (directional dipole),3,24.14,68.6,S11,2800.0,3200.0,0.01,40001,3162.5239,-2.467,13.25,31.2,101.36,3.4469,0.008,1.8076,3159.2879,32.9908,95.78333333333335,-2.464,3.1336333333333335,3,1.667770298932061,3.236,-1.7908,5.577,-0.003,-1.326,1.94,0.0599,1.2835,6.0478,-0.2757,0.0413
M00450,2026-09-18 15:10:13,S2,False,VIA-02-002,Vial,Dextrose 5% injectable,Dextrose injectable,Fresh,,none,ANT-B (directional dipole),6,24.54,50.6,S11,2800.0,3200.0,0.01,40001,2943.4783,-3.627,0.35,49.0328,60.03,70.1511,0.155,70.0978,2947.8617666666664,47.740133333333326,61.82333333333333,-3.4766666666666666,68.57863333333334,3,5.84986037810602,-4.3835,1.2927,-1.793,-0.15,1.5192,0.749,0.4257,0.9272,-1.3236,0.0039,-0.1731
M00451,2026-09-18 15:10:25,S2,False,AMP-07-004,Ampoule,Ethanolic cosolvent 30%,Ethanolic injectable,Substituted,Under-fill (50% air),gross,"ANT-A (double-ridged horn, ETS 3115)",1,24.87,65.2,S11,2800.0,3200.0,0.01,40001,3146.5087,-4.576,-7.62,32.2905,97.44,26.8355,0.24,15.4961,3120.3013666666666,41.6603,74.92,-4.652666666666667,26.51953333333333,3,1.4298641835268862,26.2073,-9.3698,22.52,0.077,-11.0234,18.329,0.2657,-2.5282,-0.8647,-0.5215,-0.1552
M00452,2026-09-18 15:10:38,S2,False,VIA-04-001,Vial,Buffered protein formulation,Biologic solution,Substituted,Under-fill (50% air),gross,ANT-B (directional dipole),5,24.54,55.2,S11,2800.0,3200.0,0.01,40001,3044.1613,-3.64,16.33,38.2704,79.54,72.1217,0.16,37.187,2941.772033333333,49.41329999999999,59.53333333333333,-3.6016666666666666,71.54116666666667,3,5.833655945745665,102.3893,-11.1429,20.007,-0.038,-34.3542,17.551,0.2135,2.9677,3.0499,0.2224,0.0756
M00453,2026-09-18 15:10:51,S2,False,EYE-09-002,Eyedrop,Aqueous ophthalmic + BAK preservative,Ophthalmic aqueous,Expired (24 mo),,subtle,"ANT-A (double-ridged horn, ETS 3115)",6,24.75,51.5,S11,2800.0,3200.0,0.01,40001,3079.5853,-3.507,24.45,29.3397,104.96,72.6304,0.1652,67.9485,3071.2416,30.780333333333335,99.83999999999999,-3.853666666666667,73.70293333333333,3,3.8298250782508076,8.3437,-1.4406,5.12,0.347,-5.7544,2.179,-2.4444,8.712,7.2171,-1.2684,0.0334
M00454,2026-09-18 15:11:03,S2,False,SYR-14-003,Syrup,"Suspension, antacid",Antacid suspension,Substituted,Ethanol 95%,gross,"ANT-A (double-ridged horn, ETS 3115)",7,24.17,47.3,S11,2800.0,3200.0,0.01,40001,3105.7427,-4.429,20.81,70.4814,44.06,21.4641,0.31,19.1756,2956.6801666666665,59.51773333333333,49.68,-4.269666666666667,58.855133333333335,3,6.802436622515,149.0625,10.9637,-5.62,-0.159,-39.6795,21.913,2.4849,7.1269,4.0178,0.128,-0.1102
M00455,2026-09-18 15:11:16,S2,False,SYR-12-002,Syrup,Sucrose-based paediatric syrup 65% w/v,Sucrose syrup,Heat-stressed 60C,,subtle,"ANT-A (double-ridged horn, ETS 3115)",10,24.66,49.9,S11,2800.0,3200.0,0.01,40001,3012.7844,-4.618,7.99,54.7715,55.01,42.9087,0.23542,43.4582,3013.720633333334,56.308400000000006,53.57333333333333,-4.443666666666666,43.20446666666667,3,3.3756423526986006,-0.9362,-1.5369,1.437,-0.174,0.2537,0.277,-0.7037,0.8186,-0.4772,-2.4164,0.1145
M00456,2026-09-18 15:11:29,S2,False,VIA-04-001,Vial,Buffered protein formulation,Biologic solution,Fresh,,none,"ANT-A (double-ridged horn, ETS 3115)",6,25.43,50.2,S11,2800.0,3200.0,0.01,40001,2961.0658,-3.665,13.08,40.6342,72.87,71.8898,0.16,70.4763,2952.5370666666663,39.29656666666667,75.22,-3.6986666666666665,73.47703333333334,3,4.113929885563653,8.5287,1.3376,-2.35,0.034,-3.0007,2.073,0.2135,5.4462,7.2171,0.0209,0.0613
M00457,2026-09-18 15:11:41,S2,False,VIA-01-003,Vial,Aqueous injectable (0.9% NaCl base),Saline injectable,Fresh,,none,ANT-B (directional dipole),1,24.69,65.8,S11,2800.0,3200.0,0.01,40001,2927.5284,-3.77,-13.9,49.8745,58.7,74.7641,0.17,76.1983,2935.1155,49.16716666666667,59.71666666666667,-3.6523333333333334,73.5083,3,5.238887417190923,-7.5871,0.7073,-1.017,-0.118,2.69,1.448,-0.7191,-4.1403,-0.9972,0.1953,0.1443
M00458,2026-09-18 15:11:54,S2,False,EYE-10-003,Eyedrop,HPMC viscous artificial tears,Viscous ophthalmic,Expired (24 mo),,subtle,ANT-B (directional dipole),6,24.42,64.8,S11,2800.0,3200.0,0.01,40001,3057.0456,-3.725,-11.57,41.7023,73.31,65.9154,0.19523,70.9951,3066.2057666666665,40.86986666666667,75.16333333333334,-3.7533333333333334,64.74943333333333,3,6.528731848018948,-9.1602,0.8324,-1.853,0.028,6.2457,1.403,1.9602,-5.3291,-1.3236,-1.0958,-0.1294
M00459,2026-09-18 15:12:07,S2,False,VIA-04-004,Vial,Buffered protein formulation,Biologic solution,Heat-stressed 60C,,subtle,"ANT-A (double-ridged horn, ETS 3115)",2,24.73,60.0,S11,2800.0,3200.0,0.01,40001,2959.3295,-3.554,20.11,40.0607,73.87,71.8983,0.16029,71.0847,2955.7576000000004,39.0161,75.77,-3.828,72.34143333333333,3,3.86097443270468,3.5719,1.0446,-1.9,0.274,-1.2567,0.925,0.2685,7.1726,1.996,-2.1439,-0.1541
M00460,2026-09-18 15:12:20,S2,False,SYR-12-003,Syrup,Sucrose-based paediatric syrup 65% w/v,Sucrose syrup,Expired (24 mo),,subtle,"ANT-A (double-ridged horn, ETS 3115)",2,23.68,59.1,S11,2800.0,3200.0,0.01,40001,3017.0885,-4.509,-3.37,55.9284,53.95,42.023,0.23528,42.2889,3016.9426333333336,55.7103,54.156666666666666,-4.471666666666667,42.32893333333333,3,2.215278073590952,0.1459,0.2181,-0.207,-0.037,-0.04,0.066,1.1167,0.74,1.996,-1.3168,0.1368
M00461,2026-09-18 15:12:32,S2,False,EYE-11-002,Eyedrop,Carbomer gel-forming drops,Gel-forming ophthalmic,Fresh,,none,ANT-B (directional dipole),7,25.25,68.6,S11,2800.0,3200.0,0.01,40001,3064.4359,-3.641,-25.94,42.1628,72.68,60.9996,0.205,67.5059,3075.7427000000002,42.20536666666667,72.91666666666667,-3.987,59.66533333333333,3,1.9405959883499315,-11.3068,-0.0426,-0.237,0.346,7.8406,5.826,-0.9302,-9.7144,-6.291,0.057,-0.0356
M00462,2026-09-18 15:12:45,S2,False,EYE-09-002,Eyedrop,Aqueous ophthalmic + BAK preservative,Ophthalmic aqueous,Expired (24 mo),,subtle,"ANT-A (double-ridged horn, ETS 3115)",6,24.26,56.2,S11,2800.0,3200.0,0.01,40001,3085.492,-2.984,46.37,30.8347,100.07,72.7601,0.1652,63.9052,3071.2416,30.780333333333335,99.83999999999999,-3.853666666666667,73.70293333333333,3,3.8298250782508076,14.2504,0.0544,0.23,0.87,-9.7977,3.721,-2.4444,14.3655,7.2171,-0.6753,-0.1216
M00463,2026-09-18 15:12:58,S2,False,EYE-10-003,Eyedrop,HPMC viscous artificial tears,Viscous ophthalmic,Substituted,Diluted 2x with water,gross,"ANT-A (double-ridged horn, ETS 3115)",2,24.69,45.7,S11,2800.0,3200.0,0.01,40001,3077.6435,-3.734,26.18,30.2441,101.76,71.7593,0.176,68.481,3081.4524333333334,31.8485,96.75999999999999,-4.264,65.897,3,0.8321338494097374,-3.8089,-1.6044,5.0,0.53,2.584,4.577,1.9602,6.1837,1.996,-0.2581,0.0108
M00464,2026-09-18 15:13:10,S2,False,EYE-10-001,Eyedrop,HPMC viscous artificial tears,Viscous ophthalmic,Expired (24 mo),,subtle,"ANT-A (double-ridged horn, ETS 3115)",7,23.85,52.2,S11,2800.0,3200.0,0.01,40001,3084.787,-3.917,16.44,31.2707,98.65,66.8948,0.19523,63.6424,3081.090733333333,32.11686666666667,95.96999999999998,-4.179333333333333,66.1435,3,2.751302572116398,3.6963,-0.8462,2.68,0.262,-2.5011,1.343,0.1182,6.2143,4.0178,-0.9636,-0.3271
M00465,2026-09-18 15:13:23,S2,False,VIA-01-004,Vial,Aqueous injectable (0.9% NaCl base),Saline injectable,Substituted,Under-fill (50% air),gross,ANT-B (directional dipole),9,24.7,50.3,S11,2800.0,3200.0,0.01,40001,3030.7958,-3.682,-21.51,41.3883,73.23,74.4276,0.17,41.2574,2930.8251999999998,50.21966666666666,58.48666666666667,-3.6183333333333336,75.03383333333333,3,8.336984968200335,99.9706,-8.8314,14.743,-0.064,-33.7764,11.991,0.8702,-4.9591,-1.2437,-0.0517,0.1968
M00466,2026-09-18 15:13:36,S2,False,AMP-05-001,Ampoule,Aqueous small-volume parenteral,Aqueous SVP,Fresh,,none,"ANT-A (double-ridged horn, ETS 3115)",5,25.04,59.9,S11,2800.0,3200.0,0.01,40001,3008.1655,-4.043,5.75,34.9121,86.16,74.7114,0.175,76.2623,3008.1085000000003,36.2857,82.90333333333332,-3.8143333333333334,76.29453333333333,3,5.854424420043359,0.057,-1.3736,3.257,-0.229,-0.0322,0.01,-0.6105,-1.9726,-0.9385,0.0326,-0.1584
M00467,2026-09-18 15:13:48,S2,False,SYR-13-003,Syrup,Sorbitol sugar-free syrup,Sorbitol syrup,Heat-stressed 60C,,subtle,ANT-B (directional dipole),9,24.54,74.5,S11,2800.0,3200.0,0.01,40001,2954.9066,-4.139,8.75,59.18,49.93,54.8644,0.21539,55.5055,2954.9108666666666,63.07136666666667,46.85666666666666,-3.827666666666667,55.511300000000006,3,8.458686743421389,-0.0043,-3.8914,3.073,-0.311,-0.0058,0.001,0.0738,0.192,-1.2437,-1.4635,0.0129
M00468,2026-09-18 15:14:01,S2,False,EYE-10-002,Eyedrop,HPMC viscous artificial tears,Viscous ophthalmic,Photodegraded,,subtle,ANT-B (directional dipole),1,24.18,54.2,S11,2800.0,3200.0,0.01,40001,3064.3276,-3.795,1.36,39.9992,76.61,65.9901,0.19527,66.0179,3066.851666666667,41.4506,74.0,-3.7143333333333337,64.3171,3,8.52828603081171,-2.5241,-1.4514,2.61,-0.081,1.7008,0.296,-1.1341,0.4824,-0.9972,-1.2998,-0.0198
M00469,2026-09-18 15:14:14,S2,False,SYR-12-002,Syrup,Sucrose-based paediatric syrup 65% w/v,Sucrose syrup,Substituted,Ethanol 95%,gross,ANT-B (directional dipole),10,25.27,65.7,S11,2800.0,3200.0,0.01,40001,3083.0677,-4.563,18.7,75.9813,40.58,21.3793,0.31,20.6776,3000.8172,64.25143333333334,46.71666666666667,-4.163,42.201433333333334,3,1.319799534020082,82.2505,11.7299,-6.137,-0.4,-21.5238,62.32,-0.7037,4.1035,2.3219,-0.6268,-0.0717
M00470,2026-09-18 15:14:27,S2,False,EYE-09-002,Eyedrop,Aqueous ophthalmic + BAK preservative,Ophthalmic aqueous,Expired (24 mo),,subtle,"ANT-A (double-ridged horn, ETS 3115)",9,25.58,54.3,S11,2800.0,3200.0,0.01,40001,3076.3953,-3.741,12.72,30.3522,101.36,72.4137,0.1652,70.1418,3071.2416,30.780333333333335,99.83999999999999,-3.853666666666667,73.70293333333333,3,3.8298250782508076,5.1537,-0.4281,1.52,0.113,-3.5611,1.346,-2.4444,5.1023,1.242,-1.0315,-0.0925
M00471,2026-09-18 15:14:39,S2,False,AMP-05-004,Ampoule,Aqueous small-volume parenteral,Aqueous SVP,Substituted,Under-fill (50% air),gross,"ANT-A (double-ridged horn, ETS 3115)",4,25.15,61.0,S11,2800.0,3200.0,0.01,40001,3085.1973,-3.964,-2.77,29.0798,106.09,75.1677,0.175,41.3402,3006.3537333333334,36.362,82.70666666666666,-3.937,77.1179,3,3.358901542667364,78.8436,-7.2822,23.383,-0.027,-35.7777,23.473,-0.9004,-2.32,-0.2063,-0.5789,0.1163
M00472,2026-09-18 15:14:52,S2,False,AMP-05-001,Ampoule,Aqueous small-volume parenteral,Aqueous SVP,Photodegraded,,subtle,"ANT-A (double-ridged horn, ETS 3115)",9,23.38,53.9,S11,2800.0,3200.0,0.01,40001,3012.8607,-3.925,12.13,35.0101,86.06,75.0534,0.17524,74.0568,3008.1085000000003,36.2857,82.90333333333332,-3.8143333333333334,76.29453333333333,3,5.854424420043359,4.7522,-1.2756,3.157,-0.111,-2.2377,0.812,-0.6105,4.6995,1.242,-1.2759,-0.0959
M00473,2026-09-18 15:15:05,S2,False,VIA-01-002,Vial,Aqueous injectable (0.9% NaCl base),Saline injectable,Fresh,,none,ANT-B (directional dipole),6,23.92,53.2,S11,2800.0,3200.0,0.01,40001,2932.3153,-3.764,6.29,49.6551,59.05,74.3301,0.17,74.4966,2930.803633333333,50.86686666666666,57.61666666666667,-3.644666666666667,75.039,3,6.99603640809112,1.5117,-1.2118,1.433,-0.119,-0.5424,0.216,-0.6633,1.9457,-1.3236,-0.0229,0.1292
M00474,2026-09-18 15:15:17,S2,False,EYE-10-003,Eyedrop,HPMC viscous artificial tears,Viscous ophthalmic,Expired (24 mo),,subtle,ANT-B (directional dipole),5,23.81,59.3,S11,2800.0,3200.0,0.01,40001,3062.5949,-3.946,-12.35,41.8275,73.22,66.0601,0.19523,67.199,3066.2057666666665,40.86986666666667,75.16333333333334,-3.7533333333333334,64.74943333333333,3,6.528731848018948,-3.6109,0.9576,-1.943,-0.193,2.4496,0.553,1.9602,0.3904,3.0499,-1.4173,0.24
M00475,2026-09-18 15:15:30,S2,False,VIA-04-004,Vial,Buffered protein formulation,Biologic solution,Fresh,,none,"ANT-A (double-ridged horn, ETS 3115)",9,24.55,45.6,S11,2800.0,3200.0,0.01,40001,2957.9044,-3.815,20.58,40.2518,73.49,72.0745,0.16,71.5849,2955.7576000000004,39.0161,75.77,-3.828,72.34143333333333,3,3.86097443270468,2.1468,1.2357,-2.28,0.013,-0.7565,0.556,0.2685,3.929,1.242,-0.0892,0.1163
M00476,2026-09-18 15:15:43,S2,False,AMP-06-002,Ampoule,Propylene glycol cosolvent 40%,Cosolvent injectable,Fresh,,none,ANT-B (directional dipole),2,24.46,47.1,S11,2800.0,3200.0,0.01,40001,3083.6733,-3.743,16.61,52.7485,58.46,38.6356,0.22,34.7846,3075.3802666666666,48.393100000000004,63.60666666666666,-4.078666666666667,38.4041,3,3.4248635627326345,8.293,4.3554,-5.147,0.336,-3.6195,2.421,0.8601,7.4984,1.9516,0.0226,0.1987
M00477,2026-09-18 15:15:55,S2,False,VIA-02-003,Vial,Dextrose 5% injectable,Dextrose injectable,Heat-stressed 60C,,subtle,ANT-B (directional dipole),9,25.06,62.3,S11,2800.0,3200.0,0.01,40001,2944.0371,-3.644,-2.7,45.8013,64.28,70.6331,0.15528,69.9032,2945.010733333333,47.578833333333336,61.93333333333334,-3.558,69.56843333333333,3,5.7612525463941955,-0.9736,-1.7775,2.347,-0.086,0.3348,0.169,2.307,-0.4059,-1.2437,-1.5639,0.0041
M00478,2026-09-18 15:16:08,S2,False,SYR-13-001,Syrup,Sorbitol sugar-free syrup,Sorbitol syrup,Expired (24 mo),,subtle,"ANT-A (double-ridged horn, ETS 3115)",7,25.24,57.4,S11,2800.0,3200.0,0.01,40001,2977.611,-3.84,18.81,55.0247,54.11,54.3052,0.21526,53.6885,2968.5839,52.684400000000004,56.36000000000001,-3.955,56.27693333333334,3,8.7055236126266,9.0271,2.3403,-2.25,0.115,-2.5884,1.037,-0.8894,7.5508,4.0178,-0.5569,0.0075
M00479,2026-09-18 15:16:21,S2,False,VIA-03-004,Vial,Reconstituted lyophilised antibiotic,Reconstituted powder,Substituted,Glycerol,gross,ANT-B (directional dipole),3,23.95,52.8,S11,2800.0,3200.0,0.01,40001,3120.2876,-5.26,9.97,84.5671,36.9,14.856,0.42,13.9138,2958.4895666666666,52.056933333333326,56.833333333333336,-3.7289999999999996,66.21213333333334,3,3.1930280461239744,161.798,32.5102,-19.933,-1.531,-52.2983,50.672,-1.1552,4.0604,6.0478,0.2834,0.3977
M00480,2026-09-18 15:16:34,S2,False,VIA-01-004,Vial,Aqueous injectable (0.9% NaCl base),Saline injectable,Fresh,,none,ANT-B (directional dipole),9,26.2,55.9,S11,2800.0,3200.0,0.01,40001,2932.4642,-3.729,4.9,51.1982,57.28,74.0272,0.17,74.4438,2930.8251999999998,50.21966666666666,58.48666666666667,-3.6183333333333336,75.03383333333333,3,8.336984968200335,1.639,0.9785,-1.207,-0.111,-0.59,0.197,0.8702,2.1949,-1.2437,0.1769,-0.0479
M00481,2026-09-18 15:16:46,S2,False,VIA-04-001,Vial,Buffered protein formulation,Biologic solution,Expired (24 mo),,subtle,"ANT-A (double-ridged horn, ETS 3115)",9,23.86,69.9,S11,2800.0,3200.0,0.01,40001,2956.2601,-3.893,3.95,37.9205,77.96,72.2104,0.16019,72.1628,2952.5370666666663,39.29656666666667,75.22,-3.6986666666666665,73.47703333333334,3,4.113929885563653,3.723,-1.3761,2.74,-0.194,-1.3142,0.905,0.2135,2.4344,1.242,-0.7755,-0.0184
M00482,2026-09-18 15:16:59,S2,False,VIA-01-003,Vial,Aqueous injectable (0.9% NaCl base),Saline injectable,Expired (24 mo),,subtle,ANT-B (directional dipole),2,24.85,63.0,S11,2800.0,3200.0,0.01,40001,2931.5016,-3.72,-2.09,46.1995,63.45,74.6323,0.1702,74.7853,2935.1155,49.16716666666667,59.71666666666667,-3.6523333333333334,73.5083,3,5.238887417190923,-3.6139,-2.9677,3.733,-0.068,1.277,0.69,-0.7191,1.238,1.9516,-1.3542,-0.082
M00483,2026-09-18 15:17:12,S2,False,AMP-08-004,Ampoule,Sesame oil vehicle (depot),Oil-based depot,Expired (24 mo),,subtle,"ANT-A (double-ridged horn, ETS 3115)",4,23.85,67.2,S11,2800.0,3200.0,0.01,40001,3173.6312,-2.478,0.78,22.7686,139.39,2.9804,0.00801,4.4115,3175.6805666666664,22.1263,143.59,-2.47,3.5787666666666667,3,6.371474143660478,-2.0494,0.6423,-4.2,-0.008,0.8327,0.322,-0.7393,-1.3573,-0.2063,-1.3262,-0.1019
M00484,2026-09-18 15:17:24,S2,False,AMP-06-004,Ampoule,Propylene glycol cosolvent 40%,Cosolvent injectable,Freeze-thaw cycled,,subtle,ANT-B (directional dipole),2,25.42,61.3,S11,2800.0,3200.0,0.01,40001,3079.0589,-4.076,-1.65,48.5198,63.46,38.0834,0.2202,36.794,3078.955,49.89116666666666,61.74333333333334,-3.9756666666666667,36.84493333333333,3,6.260758193701545,0.1039,-1.3714,1.717,-0.1,-0.0509,0.017,0.392,1.825,1.9516,-1.0537,0.0667
M00485,2026-09-18 15:17:37,S2,False,AMP-08-003,Ampoule,Sesame oil vehicle (depot),Oil-based depot,Freeze-thaw cycled,,subtle,ANT-B (directional dipole),5,25.01,66.6,S11,2800.0,3200.0,0.01,40001,3162.6398,-2.466,12.97,30.7224,102.94,3.4438,0.00801,1.7602,3159.2879,32.9908,95.78333333333335,-2.464,3.1336333333333335,3,1.667770298932061,3.3519,-2.2684,7.157,-0.002,-1.3734,2.01,0.0599,4.5032,3.0499,-0.6573,0.1515
M00486,2026-09-18 15:17:50,S2,False,SYR-14-003,Syrup,"Suspension, antacid",Antacid suspension,Fresh,,none,"ANT-A (double-ridged horn, ETS 3115)",1,24.84,59.7,S11,2800.0,3200.0,0.01,40001,2960.6146,-4.603,9.04,57.5842,51.41,58.6312,0.25,57.7259,2956.6801666666665,59.51773333333333,49.68,-4.269666666666667,58.855133333333335,3,6.802436622515,3.9344,-1.9335,1.73,-0.333,-1.1292,0.578,2.4849,1.6676,-0.8647,-0.061,0.0854
M00487,2026-09-18 15:18:02,S2,False,AMP-06-001,Ampoule,Propylene glycol cosolvent 40%,Cosolvent injectable,Substituted,Ethanol 95%,gross,ANT-B (directional dipole),5,24.92,62.6,S11,2800.0,3200.0,0.01,40001,3124.5764,-4.29,13.63,61.4686,50.83,21.4062,0.31,17.3599,3083.8266000000003,49.481433333333335,62.34,-3.8829999999999996,34.72483333333333,3,6.979905624004021,40.7498,11.9872,-11.51,-0.407,-17.3649,5.838,1.2262,8.0281,3.0499,-0.1902,0.1286
M00488,2026-09-18 15:18:15,S2,False,VIA-02-001,Vial,Dextrose 5% injectable,Dextrose injectable,Substituted,Distilled water,gross,"ANT-A (double-ridged horn, ETS 3115)",1,25.49,64.1,S11,2800.0,3200.0,0.01,40001,2941.8008,-3.964,-0.93,38.8489,75.72,77.3623,0.157,76.3737,2959.6769,39.059599999999996,75.86666666666666,-3.685333333333334,70.12873333333333,3,5.507539468764639,-17.8761,-0.2107,-0.147,-0.279,6.245,3.246,0.8112,-0.2235,-0.8647,0.3053,-0.0332
M00489,2026-09-18 15:18:28,S2,False,VIA-04-001,Vial,Buffered protein formulation,Biologic solution,Substituted,Empty / air,gross,ANT-B (directional dipole),8,25.09,59.0,S11,2800.0,3200.0,0.01,40001,3160.6151,-2.4,-6.98,31.0003,101.95,1.0,0.0,2.104,2941.772033333333,49.41329999999999,59.53333333333333,-3.6016666666666666,71.54116666666667,3,5.833655945745665,218.8431,-18.413,42.417,1.202,-69.4372,37.514,0.2135,-2.806,-0.5187,-1.3409,0.0485
M00490,2026-09-18 15:18:41,S2,False,AMP-06-003,Ampoule,Propylene glycol cosolvent 40%,Cosolvent injectable,Freeze-thaw cycled,,subtle,ANT-B (directional dipole),2,24.33,45.3,S11,2800.0,3200.0,0.01,40001,3073.5562,-4.12,-9.0,50.0953,61.35,38.3625,0.2202,39.2021,3072.9187333333334,50.1393,61.31333333333333,-3.928666666666667,39.488400000000006,3,6.722757563926655,0.6375,-0.044,0.037,-0.191,-0.2863,0.095,-0.806,-0.1162,1.9516,-0.8372,0.1491
M00491,2026-09-18 15:18:53,S2,False,VIA-03-002,Vial,Reconstituted lyophilised antibiotic,Reconstituted powder,Freeze-thaw cycled,,subtle,"ANT-A (double-ridged horn, ETS 3115)",8,24.5,44.9,S11,2800.0,3200.0,0.01,40001,2964.6135,-4.157,1.47,42.4278,69.87,68.5158,0.18517,69.7923,2965.7019333333337,42.46866666666667,69.83999999999999,-4.0809999999999995,69.41096666666667,3,3.1864565340410076,-1.0884,-0.0409,0.03,-0.076,0.3813,0.342,-2.8023,-1.5489,2.2515,-1.0814,-0.0901
M00492,2026-09-18 15:19:06,S2,False,AMP-08-001,Ampoule,Sesame oil vehicle (depot),Oil-based depot,Heat-stressed 60C,,subtle,"ANT-A (double-ridged horn, ETS 3115)",9,24.41,52.9,S11,2800.0,3200.0,0.01,40001,3177.7711,-2.481,-0.52,21.4039,148.47,2.7657,0.00801,2.7205,3173.7732666666666,22.3832,141.81333333333336,-2.472,4.353766666666666,3,1.9003076917523627,3.9978,-0.9793,6.657,-0.009,-1.6333,2.104,0.1027,0.8667,1.242,-0.7674,-0.117
M00493,2026-09-18 15:19:19,S2,False,VIA-04-003,Vial,Buffered protein formulation,Biologic solution,Expired (24 mo),,subtle,ANT-B (directional dipole),8,24.81,57.4,S11,2800.0,3200.0,0.01,40001,2943.8915,-3.672,22.86,48.6941,60.46,72.0648,0.16019,70.7895,2943.010333333333,47.31043333333333,62.21666666666667,-3.5893333333333337,71.10520000000001,3,6.49001281534439,0.8812,1.3837,-1.757,-0.083,-0.3157,0.136,-0.1832,2.4283,-0.5187,-0.5752,-0.0117
M00494,2026-09-18 15:19:31,S2,False,AMP-08-003,Ampoule,Sesame oil vehicle (depot),Oil-based depot,Heat-stressed 60C,,subtle,ANT-B (directional dipole),7,24.44,59.4,S11,2800.0,3200.0,0.01,40001,3156.0466,-2.467,-14.6,33.1194,95.29,3.4407,0.00801,4.4652,3159.2879,32.9908,95.78333333333335,-2.464,3.1336333333333335,3,1.667770298932061,-3.2413,0.1286,-0.493,-0.003,1.3316,1.943,0.0599,-1.4979,-6.291,-1.1041,-0.0013
M00495,2026-09-18 15:19:44,S2,False,EYE-10-001,Eyedrop,HPMC viscous artificial tears,Viscous ophthalmic,Substituted,Glycerol,gross,"ANT-A (double-ridged horn, ETS 3115)",9,25.2,48.6,S11,2800.0,3200.0,0.01,40001,3158.8799,-5.911,-6.23,45.1649,69.94,14.7896,0.42,15.3755,3081.090733333333,32.11686666666667,95.96999999999998,-4.179333333333333,66.1435,3,2.751302572116398,77.7892,13.048,-26.03,-1.732,-50.768,28.274,0.1182,-1.2066,1.242,0.3163,-0.1074
M00496,2026-09-18 15:19:57,S2,False,AMP-08-002,Ampoule,Sesame oil vehicle (depot),Oil-based depot,Substituted,Ethanol 95%,gross,ANT-B (directional dipole),6,24.18,49.1,S11,2800.0,3200.0,0.01,40001,3115.3355,-4.654,0.53,59.1397,52.68,21.4635,0.31,21.5503,3163.3352333333332,32.048633333333335,98.72333333333334,-2.4523333333333333,1.4929,3,11.492620770013234,-47.9997,27.0911,-46.043,-2.202,20.0574,4.177,-1.6192,2.616,-1.3236,-0.4222,0.0971
M00497,2026-09-18 15:20:09,S2,False,AMP-06-002,Ampoule,Propylene glycol cosolvent 40%,Cosolvent injectable,Substituted,Distilled water,gross,"ANT-A (double-ridged horn, ETS 3115)",3,23.76,61.0,S11,2800.0,3200.0,0.01,40001,2999.1612,-3.54,-31.05,34.3513,87.31,77.846,0.157,80.9257,3091.9072,41.02533333333333,75.53333333333333,-4.282,38.61493333333333,3,4.781933739608016,-92.746,-6.674,11.777,0.742,42.3108,19.395,0.8601,-7.4301,-4.4578,-0.2547,-0.1087
M00498,2026-09-18 15:20:22,S2,False,AMP-05-002,Ampoule,Aqueous small-volume parenteral,Aqueous SVP,Photodegraded,,subtle,"ANT-A (double-ridged horn, ETS 3115)",5,23.93,54.4,S11,2800.0,3200.0,0.01,40001,3011.9267,-4.047,10.97,36.1632,83.29,75.2437,0.17524,74.4947,3009.5727666666667,36.064766666666664,83.47333333333333,-3.9596666666666667,75.60163333333334,3,3.013810493931699,2.3539,0.0984,-0.183,-0.087,-1.1069,0.781,-0.1511,1.6221,-0.9385,-0.6953,0.0712
M00499,2026-09-18 15:20:35,S2,False,AMP-05-003,Ampoule,Aqueous small-volume parenteral,Aqueous SVP,Expired (24 mo),,subtle,ANT-B (directional dipole),7,23.9,53.3,S11,2800.0,3200.0,0.01,40001,2985.6641,-3.624,-20.59,45.1238,66.17,76.197,0.17521,79.0913,2995.0132,45.2734,66.21666666666667,-3.670666666666667,74.6641,3,5.502703816307044,-9.3491,-0.1496,-0.047,0.047,4.4272,1.699,0.7996,-5.6707,-6.291,-0.4568,-0.193
M00500,2026-09-18 15:20:48,S2,False,VIA-01-003,Vial,Aqueous injectable (0.9% NaCl base),Saline injectable,Fresh,,none,ANT-B (directional dipole),9,25.08,66.4,S11,2800.0,3200.0,0.01,40001,2922.148,-3.46,-20.51,49.8165,58.66,74.6602,0.17,78.1209,2935.1155,49.16716666666667,59.71666666666667,-3.6523333333333334,73.5083,3,5.238887417190923,-12.9675,0.6493,-1.057,0.192,4.6126,2.475,-0.7191,-9.3917,-1.2437,0.0617,-0.1434
M00501,2026-09-18 15:21:00,S2,False,AMP-06-001,Ampoule,Propylene glycol cosolvent 40%,Cosolvent injectable,Fresh,,none,ANT-B (directional dipole),1,24.42,63.4,S11,2800.0,3200.0,0.01,40001,3082.3598,-4.106,16.86,50.9867,60.45,37.5024,0.22,35.3556,3083.8266000000003,49.481433333333335,62.34,-3.8829999999999996,34.72483333333333,3,6.979905624004021,-1.4668,1.5053,-1.89,-0.223,0.6308,0.21,1.2262,3.0339,-0.9972,-0.0642,-0.0507
M00502,2026-09-18 15:21:13,S2,False,VIA-03-003,Vial,Reconstituted lyophilised antibiotic,Reconstituted powder,Substituted,Under-fill (50% air),gross,ANT-B (directional dipole),4,24.54,62.8,S11,2800.0,3200.0,0.01,40001,3056.4123,-3.645,17.34,42.3919,72.1,67.7874,0.185,33.5697,2960.3872333333334,50.44873333333334,58.73666666666667,-3.766,65.54873333333335,3,3.3440330475839035,96.0251,-8.0568,13.363,0.121,-31.979,28.715,-0.433,6.2483,-0.0577,-1.4275,0.1351
M00503,2026-09-18 15:21:26,S2,False,EYE-10-001,Eyedrop,HPMC viscous artificial tears,Viscous ophthalmic,Freeze-thaw cycled,,subtle,ANT-B (directional dipole),9,25.09,64.6,S11,2800.0,3200.0,0.01,40001,3065.598,-3.786,15.88,40.1708,76.31,66.6193,0.19518,65.1532,3064.583166666667,40.65003333333333,75.46333333333332,-3.8313333333333333,65.85106666666667,3,5.6774751873817335,1.0148,-0.4792,0.847,0.045,-0.6979,0.179,0.1182,3.2317,-1.2437,-0.9589,-0.0056
M00504,2026-09-18 15:21:38,S2,False,VIA-04-003,Vial,Buffered protein formulation,Biologic solution,Expired (24 mo),,subtle,"ANT-A (double-ridged horn, ETS 3115)",5,23.47,50.8,S11,2800.0,3200.0,0.01,40001,2951.3774,-3.739,-6.53,38.4255,76.81,72.4116,0.16019,73.8848,2958.6337333333336,37.60166666666667,78.70666666666666,-3.825333333333333,71.32960000000001,3,2.608775203679463,-7.2563,0.8238,-1.897,0.086,2.5552,2.781,-0.1832,-4.9073,-0.9385,-1.2962,0.2379
M00505,2026-09-18 15:21:51,S2,False,VIA-01-001,Vial,Aqueous injectable (0.9% NaCl base),Saline injectable,Expired (24 mo),,subtle,"ANT-A (double-ridged horn, ETS 3115)",5,25.65,58.3,S11,2800.0,3200.0,0.01,40001,2952.5453,-3.965,9.72,41.0434,71.94,73.2008,0.1702,73.0839,2950.086633333334,40.81,72.29,-3.9019999999999997,73.95043333333332,3,3.9960497448523045,2.4587,0.2334,-0.35,-0.063,-0.8665,0.615,0.3526,1.6162,-0.9385,-1.5997,0.0542
M00506,2026-09-18 15:22:04,S2,False,AMP-07-003,Ampoule,Ethanolic cosolvent 30%,Ethanolic injectable,Freeze-thaw cycled,,subtle,"ANT-A (double-ridged horn, ETS 3115)",5,24.06,54.5,S11,2800.0,3200.0,0.01,40001,3118.6371,-4.678,-0.47,42.6574,73.11,28.0012,0.24022,27.2286,3115.8472333333334,41.6099,74.89,-4.494,28.422266666666662,3,3.7144493324492736,2.7899,1.0475,-1.78,-0.184,-1.1937,0.751,0.802,1.3697,-0.9385,-1.0037,0.1943
M00507,2026-09-18 15:22:16,S2,False,AMP-08-001,Ampoule,Sesame oil vehicle (depot),Oil-based depot,Substituted,Diluted 2x with water,gross,ANT-B (directional dipole),7,24.46,52.8,S11,2800.0,3200.0,0.01,40001,3062.6134,-2.933,-32.81,37.2737,82.17,40.2136,0.0825,44.6967,3163.2669,31.870566666666665,99.25333333333333,-2.4623333333333335,1.5051333333333332,3,3.2667594233428168,-100.6535,5.4031,-17.083,-0.471,43.1916,30.811,0.1027,-9.4735,-6.291,-0.8606,-0.295
M00508,2026-09-18 15:22:29,S2,False,EYE-10-001,Eyedrop,HPMC viscous artificial tears,Viscous ophthalmic,Heat-stressed 60C,,subtle,ANT-B (directional dipole),1,24.8,51.1,S11,2800.0,3200.0,0.01,40001,3063.9205,-3.89,2.31,39.6619,77.25,66.629,0.19535,66.2952,3064.583166666667,40.65003333333333,75.46333333333332,-3.8313333333333333,65.85106666666667,3,5.6774751873817335,-0.6627,-0.9881,1.787,-0.059,0.4441,0.117,0.1182,2.3736,-0.9972,-1.4515,-0.3181
M00509,2026-09-18 15:22:42,S2,False,SYR-14-003,Syrup,"Suspension, antacid",Antacid suspension,Substituted,Distilled water,gross,"ANT-A (double-ridged horn, ETS 3115)",1,24.22,57.9,S11,2800.0,3200.0,0.01,40001,2885.7029,-3.379,-35.63,43.2111,66.78,77.7164,0.157,79.9389,2956.6801666666665,59.51773333333333,49.68,-4.269666666666667,58.855133333333335,3,6.802436622515,-70.9773,-16.3066,17.1,0.891,21.0838,10.434,2.4849,-8.6159,-0.8647,0.1752,-0.0273
M00510,2026-09-18 15:22:55,S2,False,EYE-09-001,Eyedrop,Aqueous ophthalmic + BAK preservative,Ophthalmic aqueous,Expired (24 mo),,subtle,"ANT-A (double-ridged horn, ETS 3115)",8,24.71,47.9,S11,2800.0,3200.0,0.01,40001,3079.8733,-3.83,10.56,31.5178,97.72,71.6751,0.1652,67.7508,3072.0003999999994,29.982033333333334,102.54333333333334,-3.8043333333333336,73.17653333333334,3,2.834366791719126,7.8729,1.5358,-4.823,-0.026,-5.4257,2.778,0.4017,4.1322,2.2515,-0.4197,0.1043
M00511,2026-09-18 15:23:07,S2,False,AMP-05-001,Ampoule,Aqueous small-volume parenteral,Aqueous SVP,Expired (24 mo),,subtle,"ANT-A (double-ridged horn, ETS 3115)",1,24.46,66.0,S11,2800.0,3200.0,0.01,40001,3010.7651,-3.969,8.35,37.1397,81.07,74.778,0.17521,75.0399,3008.1085000000003,36.2857,82.90333333333332,-3.8143333333333334,76.29453333333333,3,5.854424420043359,2.6566,0.854,-1.833,-0.155,-1.2546,0.454,-0.6105,1.5493,-0.8647,-0.7687,-0.1369
M00512,2026-09-18 15:23:20,S2,False,EYE-09-003,Eyedrop,Aqueous ophthalmic + BAK preservative,Ophthalmic aqueous,Substituted,Glycerol,gross,ANT-B (directional dipole),3,25.11,59.6,S11,2800.0,3200.0,0.01,40001,3144.6053,-5.19,9.68,53.4948,58.78,14.7943,0.42,13.5675,3060.0869,38.779066666666665,78.91666666666667,-3.646333333333333,69.72019999999999,3,2.3357162477488846,84.5184,14.7157,-20.137,-1.544,-56.1527,36.185,1.6275,-0.1059,6.0478,0.1935,0.1655
M00513,2026-09-18 15:23:33,S2,False,AMP-07-004,Ampoule,Ethanolic cosolvent 30%,Ethanolic injectable,Expired (24 mo),,subtle,"ANT-A (double-ridged horn, ETS 3115)",5,24.44,69.3,S11,2800.0,3200.0,0.01,40001,3119.6419,-4.737,7.87,42.756,72.96,26.8453,0.24029,26.8002,3120.3013666666666,41.6603,74.92,-4.652666666666667,26.51953333333333,3,1.4298641835268862,-0.6595,1.0957,-1.96,-0.084,0.2807,0.461,0.2657,-0.1911,-0.9385,-0.7243,0.0447
M00514,2026-09-18 15:23:45,S2,False,SYR-12-002,Syrup,Sucrose-based paediatric syrup 65% w/v,Sucrose syrup,Fresh,,none,ANT-B (directional dipole),6,24.99,50.8,S11,2800.0,3200.0,0.01,40001,2994.9424,-4.225,-5.46,64.3231,46.56,42.9352,0.235,43.8068,3000.8172,64.25143333333334,46.71666666666667,-4.163,42.201433333333334,3,1.319799534020082,-5.8748,0.0717,-0.157,-0.062,1.6054,4.451,-0.7037,-2.6349,-1.3236,-0.0817,0.0693
M00515,2026-09-18 15:23:58,S2,False,VIA-01-002,Vial,Aqueous injectable (0.9% NaCl base),Saline injectable,Photodegraded,,subtle,ANT-B (directional dipole),6,25.02,60.2,S11,2800.0,3200.0,0.01,40001,2932.8078,-3.718,4.97,50.8919,57.63,73.9344,0.17024,74.322,2930.803633333333,50.86686666666666,57.61666666666667,-3.644666666666667,75.039,3,6.99603640809112,2.0042,0.025,0.013,-0.073,-0.717,0.286,-0.6633,1.8685,-1.3236,-0.4943,0.0454
M00516,2026-09-18 15:24:11,S2,False,AMP-05-003,Ampoule,Aqueous small-volume parenteral,Aqueous SVP,Substituted,Empty / air,gross,ANT-B (directional dipole),9,24.29,54.0,S11,2800.0,3200.0,0.01,40001,3163.4806,-2.4,-11.47,32.161,98.36,1.0,0.0,1.408,2995.0132,45.2734,66.21666666666667,-3.670666666666667,74.6641,3,5.502703816307044,168.4674,-13.1124,32.143,1.271,-73.2561,30.615,0.7996,-1.2729,-1.2437,-0.4684,-0.0777
M00517,2026-09-18 15:24:23,S2,False,EYE-09-003,Eyedrop,Aqueous ophthalmic + BAK preservative,Ophthalmic aqueous,Fresh,,none,ANT-B (directional dipole),4,25.21,56.7,S11,2800.0,3200.0,0.01,40001,3060.2886,-3.632,7.58,38.0111,80.51,72.6887,0.165,69.5794,3060.0869,38.779066666666665,78.91666666666667,-3.646333333333333,69.72019999999999,3,2.3357162477488846,0.2017,-0.768,1.593,0.014,-0.1408,0.086,1.6275,2.6972,-0.0577,-0.047,0.009
M00518,2026-09-18 15:24:36,S2,False,VIA-02-004,Vial,Dextrose 5% injectable,Dextrose injectable,Fresh,,none,"ANT-A (double-ridged horn, ETS 3115)",3,24.6,61.9,S11,2800.0,3200.0,0.01,40001,2950.0959,-3.513,-26.5,39.8581,74.01,71.0929,0.155,73.46,2957.751866666667,40.15776666666667,73.76666666666667,-3.7603333333333335,70.7941,3,3.547992773855898,-7.656,-0.2997,0.243,0.247,2.6659,2.158,1.5589,-7.4535,-4.4578,-0.0383,0.1025
M00519,2026-09-18 15:24:49,S2,False,VIA-01-004,Vial,Aqueous injectable (0.9% NaCl base),Saline injectable,Fresh,,none,ANT-B (directional dipole),10,24.23,68.7,S11,2800.0,3200.0,0.01,40001,2937.8891,-3.453,37.43,52.6056,55.85,74.5554,0.17,72.5257,2930.8251999999998,50.21966666666666,58.48666666666667,-3.6183333333333336,75.03383333333333,3,8.336984968200335,7.0639,2.3859,-2.637,0.165,-2.5081,0.847,0.8702,9.1447,2.3219,0.0104,0.1088
M00520,2026-09-22 14:30:00,S3,False,SYR-13-003,Syrup,Sorbitol sugar-free syrup,Sorbitol syrup,Fresh,,none,"ANT-A (double-ridged horn, ETS 3115)",7,24.0,58.0,S11,2800.0,3200.0,0.01,40001,2975.0628,-4.238,12.09,49.9511,59.56,55.0692,0.215,54.4147,2969.791533333333,50.919900000000005,58.34,-4.188666666666666,55.925333333333334,3,5.0048180689545285,5.2713,-0.9688,1.22,-0.049,-1.5106,1.053,0.0738,3.5227,4.0178,-0.1664,-0.0868
M00521,2026-09-22 14:30:12,S3,False,VIA-02-002,Vial,Dextrose 5% injectable,Dextrose injectable,Expired (24 mo),,subtle,ANT-B (directional dipole),8,23.87,47.2,S11,2800.0,3200.0,0.01,40001,2941.0157,-3.656,-7.24,46.7766,62.87,70.2362,0.15519,70.9565,2947.8617666666664,47.740133333333326,61.82333333333333,-3.4766666666666666,68.57863333333334,3,5.84986037810602,-6.8461,-0.9635,1.047,-0.179,2.3779,1.17,0.4257,-0.6986,-0.5187,-0.8616,0.101
M00522,2026-09-22 14:30:25,S3,False,EYE-10-002,Eyedrop,HPMC viscous artificial tears,Viscous ophthalmic,Heat-stressed 60C,,subtle,"ANT-A (double-ridged horn, ETS 3115)",10,24.43,67.9,S11,2800.0,3200.0,0.01,40001,3079.8723,-4.222,-11.69,31.3179,98.34,65.905,0.19535,66.9677,3077.0597999999995,32.44696666666667,94.92333333333333,-3.9743333333333335,68.88023333333334,3,3.262642001507381,2.8125,-1.1291,3.417,-0.248,-1.9125,0.862,-1.1341,-1.1986,-0.4772,-1.3205,0.1464
M00523,2026-09-22 14:30:38,S3,False,AMP-06-002,Ampoule,Propylene glycol cosolvent 40%,Cosolvent injectable,Freeze-thaw cycled,,subtle,"ANT-A (double-ridged horn, ETS 3115)",3,24.04,48.0,S11,2800.0,3200.0,0.01,40001,3084.4386,-3.965,-34.67,40.5352,76.09,38.6586,0.2202,41.8784,3091.9072,41.02533333333333,75.53333333333333,-4.282,38.61493333333333,3,4.781933739608016,-7.4686,-0.4901,0.557,0.317,3.2635,1.562,0.8601,-7.8096,-4.4578,-0.7179,0.0596
M00524,2026-09-22 14:30:50,S3,False,AMP-06-003,Ampoule,Propylene glycol cosolvent 40%,Cosolvent injectable,Expired (24 mo),,subtle,ANT-B (directional dipole),10,24.1,58.3,S11,2800.0,3200.0,0.01,40001,3075.4916,-4.051,3.8,48.3123,63.66,38.3836,0.22026,38.3537,3072.9187333333334,50.1393,61.31333333333333,-3.928666666666667,39.488400000000006,3,6.722757563926655,2.5729,-1.827,2.347,-0.122,-1.1347,0.383,-0.806,2.0859,2.3219,-0.8966,-0.0097
M00525,2026-09-22 14:31:03,S3,False,SYR-13-001,Syrup,Sorbitol sugar-free syrup,Sorbitol syrup,Expired (24 mo),,subtle,"ANT-A (double-ridged horn, ETS 3115)",3,24.03,60.2,S11,2800.0,3200.0,0.01,40001,2963.4171,-4.167,-11.48,52.25,56.72,54.5421,0.21526,57.7575,2968.5839,52.684400000000004,56.36000000000001,-3.955,56.27693333333334,3,8.7055236126266,-5.1668,-0.4344,0.36,-0.212,1.4806,0.594,-0.8894,-5.5677,-4.4578,-0.7484,-0.0319
M00526,2026-09-22 14:31:16,S3,False,AMP-08-001,Ampoule,Sesame oil vehicle (depot),Oil-based depot,Expired (24 mo),,subtle,"ANT-A (double-ridged horn, ETS 3115)",5,25.88,52.4,S11,2800.0,3200.0,0.01,40001,3173.2414,-2.469,-7.69,21.369,148.5,2.7673,0.00801,4.571,3173.7732666666666,22.3832,141.81333333333336,-2.472,4.353766666666666,3,1.9003076917523627,-0.5319,-1.0142,6.687,0.003,0.2172,0.28,0.1027,-3.5709,-0.9385,-0.9549,-0.0175
M00527,2026-09-22 14:31:28,S3,False,VIA-02-001,Vial,Dextrose 5% injectable,Dextrose injectable,Expired (24 mo),,subtle,"ANT-A (double-ridged horn, ETS 3115)",6,24.99,45.6,S11,2800.0,3200.0,0.01,40001,2968.3384,-3.542,24.67,40.6482,73.03,70.1857,0.15519,67.1381,2959.6769,39.059599999999996,75.86666666666666,-3.685333333333334,70.12873333333333,3,5.507539468764639,8.6615,1.5886,-2.837,0.143,-2.9906,1.573,0.8112,7.0774,7.2171,-1.01,0.1639
M00528,2026-09-22 14:31:41,S3,False,AMP-07-003,Ampoule,Ethanolic cosolvent 30%,Ethanolic injectable,Freeze-thaw cycled,,subtle,ANT-B (directional dipole),2,23.75,75.0,S11,2800.0,3200.0,0.01,40001,3100.2179,-4.174,-6.14,51.1086,60.66,28.0319,0.24022,27.7727,3108.5165,51.5277,60.35999999999999,-3.8446666666666665,24.233566666666665,3,8.836961850658808,-8.2986,-0.4191,0.3,-0.329,3.5391,0.939,0.802,0.5155,1.9516,-0.9756,-0.1837
M00529,2026-09-22 14:31:54,S3,False,AMP-07-004,Ampoule,Ethanolic cosolvent 30%,Ethanolic injectable,Substituted,Ethanol 95%,gross,"ANT-A (double-ridged horn, ETS 3115)",1,24.44,66.7,S11,2800.0,3200.0,0.01,40001,3130.1509,-5.098,-15.36,49.9471,62.67,21.4429,0.31,22.3439,3120.3013666666666,41.6603,74.92,-4.652666666666667,26.51953333333333,3,1.4298641835268862,9.8495,8.2868,-12.25,-0.445,-4.1756,6.888,0.2657,-1.954,-0.8647,-1.1248,0.1062
M00530,2026-09-22 14:32:07,S3,False,AMP-05-004,Ampoule,Aqueous small-volume parenteral,Aqueous SVP,Photodegraded,,subtle,"ANT-A (double-ridged horn, ETS 3115)",7,24.6,51.7,S11,2800.0,3200.0,0.01,40001,3012.2235,-3.855,17.74,35.3257,85.27,75.2116,0.17524,74.3556,3006.3537333333334,36.362,82.70666666666666,-3.937,77.1179,3,3.358901542667364,5.8698,-1.0363,2.563,0.082,-2.7623,1.748,-0.9004,4.2869,4.0178,-1.0581,0.1849
M00531,2026-09-22 14:32:19,S3,False,SYR-12-003,Syrup,Sucrose-based paediatric syrup 65% w/v,Sucrose syrup,Substituted,Ethanol 95%,gross,"ANT-A (double-ridged horn, ETS 3115)",4,24.8,63.9,S11,2800.0,3200.0,0.01,40001,3099.1147,-5.116,2.99,65.899,47.03,21.4155,0.31,20.9283,3016.9426333333336,55.7103,54.156666666666666,-4.471666666666667,42.32893333333333,3,2.215278073590952,82.1721,10.1887,-7.127,-0.644,-21.4006,37.093,1.1167,2.2096,-0.2063,-0.4114,-0.0767
M00532,2026-09-22 14:32:32,S3,False,AMP-07-001,Ampoule,Ethanolic cosolvent 30%,Ethanolic injectable,Expired (24 mo),,subtle,"ANT-A (double-ridged horn, ETS 3115)",7,24.04,49.9,S11,2800.0,3200.0,0.01,40001,3116.4661,-4.707,-1.45,41.7074,74.72,28.5526,0.24029,28.1557,3114.0538666666666,42.18503333333333,73.82666666666667,-4.559666666666667,29.188866666666666,3,2.2642032469134166,2.4122,-0.4776,0.893,-0.147,-1.0332,1.065,0.1224,1.0077,4.0178,-0.6372,-0.0007
M00533,2026-09-22 14:32:45,S3,False,AMP-08-004,Ampoule,Sesame oil vehicle (depot),Oil-based depot,Fresh,,none,"ANT-A (double-ridged horn, ETS 3115)",10,25.01,61.1,S11,2800.0,3200.0,0.01,40001,3177.9278,-2.482,10.36,22.1537,143.45,2.9839,0.008,2.6566,3175.6805666666664,22.1263,143.59,-2.47,3.5787666666666667,3,6.371474143660478,2.2472,0.0274,-0.14,-0.012,-0.9222,0.353,-0.7393,1.6289,-0.4772,-0.09,-0.019
M00534,2026-09-22 14:32:57,S3,False,VIA-01-001,Vial,Aqueous injectable (0.9% NaCl base),Saline injectable,Fresh,,none,"ANT-A (double-ridged horn, ETS 3115)",4,23.27,53.2,S11,2800.0,3200.0,0.01,40001,2950.8025,-3.897,7.35,40.7554,72.4,73.9195,0.17,73.6965,2950.086633333334,40.81,72.29,-3.9019999999999997,73.95043333333332,3,3.9960497448523045,0.7159,-0.0546,0.11,0.005,-0.2539,0.179,0.3526,0.5894,-0.2063,-0.2512,0.034
M00535,2026-09-22 14:33:10,S3,False,VIA-04-004,Vial,Buffered protein formulation,Biologic solution,Fresh,,none,ANT-B (directional dipole),1,23.87,62.1,S11,2800.0,3200.0,0.01,40001,2932.8038,-3.567,-12.82,48.5368,60.42,72.2519,0.16,74.7183,2939.141066666667,48.172599999999996,61.03,-3.545666666666667,72.47276666666666,3,6.684396895257918,-6.3373,0.3642,-0.61,-0.021,2.2455,0.948,0.2685,-4.3264,-0.9972,-0.0625,-0.0043
M00536,2026-09-22 14:33:23,S3,False,SYR-14-003,Syrup,"Suspension, antacid",Antacid suspension,Heat-stressed 60C,,subtle,"ANT-A (double-ridged horn, ETS 3115)",10,24.35,63.5,S11,2800.0,3200.0,0.01,40001,2955.5032,-4.724,-3.26,58.8527,50.22,58.6285,0.25045,59.188,2956.6801666666665,59.51773333333333,49.68,-4.269666666666667,58.855133333333335,3,6.802436622515,-1.177,-0.665,0.54,-0.454,0.3329,0.173,2.4849,-1.1712,-0.4772,-2.1985,-0.0592
M00537,2026-09-22 14:33:35,S3,False,VIA-03-002,Vial,Reconstituted lyophilised antibiotic,Reconstituted powder,Freeze-thaw cycled,,subtle,"ANT-A (double-ridged horn, ETS 3115)",1,24.64,44.1,S11,2800.0,3200.0,0.01,40001,2964.5897,-3.983,-8.6,41.6492,71.18,68.4812,0.18517,69.8007,2965.7019333333337,42.46866666666667,69.83999999999999,-4.0809999999999995,69.41096666666667,3,3.1864565340410076,-1.1122,-0.8195,1.34,0.098,0.3897,0.349,-2.8023,-2.8509,-0.8647,0.1824,-0.1737
M00538,2026-09-22 14:33:48,S3,False,VIA-04-003,Vial,Buffered protein formulation,Biologic solution,Expired (24 mo),,subtle,"ANT-A (double-ridged horn, ETS 3115)",9,24.55,49.0,S11,2800.0,3200.0,0.01,40001,2959.3351,-3.869,-3.29,39.5137,74.89,72.1324,0.16019,71.0828,2958.6337333333336,37.60166666666667,78.70666666666666,-3.825333333333333,71.32960000000001,3,2.608775203679463,0.7014,1.912,-3.817,-0.044,-0.2468,0.269,-0.1832,2.0707,1.242,-0.8913,0.0254
M00539,2026-09-22 14:34:01,S3,False,AMP-08-002,Ampoule,Sesame oil vehicle (depot),Oil-based depot,Expired (24 mo),,subtle,ANT-B (directional dipole),8,24.74,62.2,S11,2800.0,3200.0,0.01,40001,3153.014,-2.466,-8.74,31.3077,100.71,2.9841,0.00801,5.7151,3163.3352333333332,32.048633333333335,98.72333333333334,-2.4523333333333333,1.4929,3,11.492620770013234,-10.3212,-0.7409,1.987,-0.014,4.2222,0.898,-1.6192,-4.0166,-0.5187,-0.9087,-0.0044
M00540,2026-09-22 14:34:14,S3,False,AMP-05-003,Ampoule,Aqueous small-volume parenteral,Aqueous SVP,Expired (24 mo),,subtle,"ANT-A (double-ridged horn, ETS 3115)",10,23.95,62.8,S11,2800.0,3200.0,0.01,40001,3006.5112,-3.965,5.96,35.8164,83.94,76.1816,0.17521,77.0419,3005.7253333333333,35.70423333333333,84.21,-3.9103333333333334,77.41550000000001,3,4.26068180498541,0.7859,0.1122,-0.27,-0.055,-0.3736,0.184,0.7996,-1.2139,-0.4772,-0.7639,-0.07
M00541,2026-09-22 14:34:26,S3,False,VIA-02-002,Vial,Dextrose 5% injectable,Dextrose injectable,Heat-stressed 60C,,subtle,ANT-B (directional dipole),6,24.9,65.8,S11,2800.0,3200.0,0.01,40001,2944.8679,-3.489,6.91,47.602,61.86,69.9352,0.15528,69.6142,2947.8617666666664,47.740133333333326,61.82333333333333,-3.4766666666666666,68.57863333333334,3,5.84986037810602,-2.9939,-0.1381,0.037,-0.012,1.0356,0.512,0.4257,2.9561,-1.3236,-1.2913,-0.1397
M00542,2026-09-22 14:34:39,S3,False,AMP-06-002,Ampoule,Propylene glycol cosolvent 40%,Cosolvent injectable,Freeze-thaw cycled,,subtle,"ANT-A (double-ridged horn, ETS 3115)",2,24.9,67.2,S11,2800.0,3200.0,0.01,40001,3098.2456,-4.127,15.26,41.6698,74.35,38.5396,0.2202,35.8578,3091.9072,41.02533333333333,75.53333333333333,-4.282,38.61493333333333,3,4.781933739608016,6.3384,0.6445,-1.183,0.155,-2.7571,1.325,0.8601,5.5115,1.996,-0.6926,0.2478
M00543,2026-09-22 14:34:52,S3,False,SYR-12-002,Syrup,Sucrose-based paediatric syrup 65% w/v,Sucrose syrup,Heat-stressed 60C,,subtle,"ANT-A (double-ridged horn, ETS 3115)",8,26.18,56.1,S11,2800.0,3200.0,0.01,40001,3017.643,-4.548,8.41,53.641,56.26,42.6748,0.23542,42.1387,3013.720633333334,56.308400000000006,53.57333333333333,-4.443666666666666,43.20446666666667,3,3.3756423526986006,3.9224,-2.6674,2.687,-0.104,-1.0658,1.162,-0.7037,3.951,2.2515,-1.5176,0.0813
M00544,2026-09-22 14:35:04,S3,False,VIA-04-002,Vial,Buffered protein formulation,Biologic solution,Expired (24 mo),,subtle,ANT-B (directional dipole),8,24.56,76.9,S11,2800.0,3200.0,0.01,40001,2942.1478,-3.646,-7.38,46.0909,63.83,71.522,0.16019,71.4044,2946.0194666666666,48.63673333333333,60.576666666666675,-3.5573333333333337,70.0459,3,6.688132501926788,-3.8717,-2.5458,3.253,-0.089,1.3585,0.579,-0.7221,-1.7168,-0.5187,-0.7352,-0.1152
M00545,2026-09-22 14:35:17,S3,False,AMP-06-004,Ampoule,Propylene glycol cosolvent 40%,Cosolvent injectable,Heat-stressed 60C,,subtle,"ANT-A (double-ridged horn, ETS 3115)",4,23.91,57.3,S11,2800.0,3200.0,0.01,40001,3088.9066,-4.265,-24.87,39.9176,77.38,38.2551,0.2204,39.9213,3094.2628666666665,40.70586666666667,76.06666666666666,-4.290666666666667,37.5896,3,4.911327455315147,-5.3563,-0.7883,1.313,0.026,2.3317,1.091,0.392,-5.3343,-0.2063,-0.7179,0.104
M00546,2026-09-22 14:35:30,S3,False,AMP-06-001,Ampoule,Propylene glycol cosolvent 40%,Cosolvent injectable,Fresh,,none,ANT-B (directional dipole),9,24.69,53.7,S11,2800.0,3200.0,0.01,40001,3080.2879,-4.086,-4.71,49.1776,62.64,37.466,0.22,36.2579,3083.8266000000003,49.481433333333335,62.34,-3.8829999999999996,34.72483333333333,3,6.979905624004021,-3.5387,-0.3038,0.3,-0.203,1.5331,0.507,1.2262,0.8483,-1.2437,0.0512,-0.135
M00547,2026-09-22 14:35:42,S3,False,VIA-02-003,Vial,Dextrose 5% injectable,Dextrose injectable,Photodegraded,,subtle,"ANT-A (double-ridged horn, ETS 3115)",6,25.18,63.2,S11,2800.0,3200.0,0.01,40001,2968.9322,-3.462,19.6,40.2903,73.69,70.6302,0.15522,66.9343,2961.5673666666667,38.934733333333334,76.07,-3.7976666666666667,69.4726,3,3.6970261837500664,7.3648,1.3556,-2.38,0.336,-2.5383,1.992,2.307,7.9094,7.2171,-1.0972,-0.1699
M00548,2026-09-22 14:35:55,S3,False,VIA-03-002,Vial,Reconstituted lyophilised antibiotic,Reconstituted powder,Expired (24 mo),,subtle,ANT-B (directional dipole),1,25.54,50.4,S11,2800.0,3200.0,0.01,40001,2949.1034,-3.835,-12.99,50.6224,58.26,68.2371,0.18522,69.5115,2952.1005999999998,51.776199999999996,57.01666666666667,-3.779666666666667,68.45603333333334,3,3.9584438242825883,-2.9972,-1.1538,1.243,-0.055,1.0555,0.757,-2.8023,-2.3168,-0.9972,-0.5143,0.1505
M00549,2026-09-22 14:36:08,S3,False,EYE-09-002,Eyedrop,Aqueous ophthalmic + BAK preservative,Ophthalmic aqueous,Substituted,Empty / air,gross,"ANT-A (double-ridged horn, ETS 3115)",6,25.07,63.1,S11,2800.0,3200.0,0.01,40001,3181.0404,-2.4,7.56,21.2519,149.68,1.0,0.0,1.5974,3071.2416,30.780333333333335,99.83999999999999,-3.853666666666667,73.70293333333333,3,3.8298250782508076,109.7988,-9.5284,49.84,1.454,-72.1055,28.669,-2.4444,1.5301,7.2171,0.0322,-0.0774
M00550,2026-09-22 14:36:21,S3,False,AMP-07-003,Ampoule,Ethanolic cosolvent 30%,Ethanolic injectable,Expired (24 mo),,subtle,"ANT-A (double-ridged horn, ETS 3115)",3,24.46,69.5,S11,2800.0,3200.0,0.01,40001,3111.9929,-4.378,-12.13,40.3313,77.16,27.9528,0.24029,30.0721,3115.8472333333334,41.6099,74.89,-4.494,28.422266666666662,3,3.7144493324492736,-3.8543,-1.2786,2.27,0.116,1.6498,1.038,0.802,-4.8734,-4.4578,-1.0796,-0.2433
M00551,2026-09-22 14:36:33,S3,False,VIA-04-002,Vial,Buffered protein formulation,Biologic solution,Photodegraded,,subtle,"ANT-A (double-ridged horn, ETS 3115)",7,25.44,58.7,S11,2800.0,3200.0,0.01,40001,2966.4134,-3.604,29.55,39.9156,74.32,71.2815,0.16022,68.6093,2961.469833333333,37.91363333333333,78.12666666666667,-3.8386666666666667,70.3356,3,2.421726991907314,4.9436,2.002,-3.807,0.235,-1.7263,2.041,-0.7221,6.7864,4.0178,-1.8375,-0.2141
M00552,2026-09-22 14:36:46,S3,False,VIA-03-001,Vial,Reconstituted lyophilised antibiotic,Reconstituted powder,Fresh,,none,"ANT-A (double-ridged horn, ETS 3115)",10,26.09,61.4,S11,2800.0,3200.0,0.01,40001,2970.5838,-4.14,4.6,42.1456,70.48,67.5673,0.185,67.6991,2967.614133333334,42.806533333333334,69.33999999999999,-3.9659999999999997,68.74183333333333,3,5.136421926140071,2.9697,-0.6609,1.14,-0.174,-1.0427,0.578,1.2065,-0.3321,-0.4772,0.224,-0.2179
M00553,2026-09-22 14:36:59,S3,False,AMP-05-001,Ampoule,Aqueous small-volume parenteral,Aqueous SVP,Fresh,,none,"ANT-A (double-ridged horn, ETS 3115)",2,24.74,45.1,S11,2800.0,3200.0,0.01,40001,3015.3839,-3.82,9.74,35.7094,84.44,74.7926,0.175,72.8759,3008.1085000000003,36.2857,82.90333333333332,-3.8143333333333334,76.29453333333333,3,5.854424420043359,7.2754,-0.5763,1.537,-0.006,-3.4186,1.243,-0.6105,5.5004,1.996,-0.02,-0.1868
M00554,2026-09-22 14:37:11,S3,False,AMP-08-002,Ampoule,Sesame oil vehicle (depot),Oil-based depot,Fresh,,none,"ANT-A (double-ridged horn, ETS 3115)",5,24.75,64.9,S11,2800.0,3200.0,0.01,40001,3171.9654,-2.477,-10.52,21.7375,145.92,2.9877,0.008,5.0937,3172.689966666667,22.79103333333333,139.46333333333334,-2.474,4.797533333333333,3,2.3275452784709505,-0.7246,-1.0535,6.457,-0.003,0.2962,0.311,-1.6192,-3.579,-0.9385,-0.0088,0.1457
M00555,2026-09-22 14:37:24,S3,False,VIA-02-004,Vial,Dextrose 5% injectable,Dextrose injectable,Expired (24 mo),,subtle,"ANT-A (double-ridged horn, ETS 3115)",6,25.51,52.7,S11,2800.0,3200.0,0.01,40001,2965.4197,-3.437,27.67,37.6136,78.84,70.7751,0.15519,68.1418,2957.751866666667,40.15776666666667,73.76666666666667,-3.7603333333333335,70.7941,3,3.547992773855898,7.6678,-2.5442,5.073,0.323,-2.6523,2.161,1.5589,8.2041,7.2171,-1.3132,0.125
M00556,2026-09-22 14:37:37,S3,False,VIA-04-003,Vial,Buffered protein formulation,Biologic solution,Photodegraded,,subtle,"ANT-A (double-ridged horn, ETS 3115)",2,25.07,53.0,S11,2800.0,3200.0,0.01,40001,2959.3838,-3.835,10.28,38.2876,77.29,71.982,0.16022,71.0657,2958.6337333333336,37.60166666666667,78.70666666666666,-3.825333333333333,71.32960000000001,3,2.608775203679463,0.7501,0.6859,-1.417,-0.01,-0.2639,0.288,-0.1832,2.0821,1.996,-0.9847,-0.2682
M00557,2026-09-22 14:37:49,S3,False,VIA-03-004,Vial,Reconstituted lyophilised antibiotic,Reconstituted powder,Fresh,,none,"ANT-A (double-ridged horn, ETS 3115)",5,25.29,59.7,S11,2800.0,3200.0,0.01,40001,2968.4658,-4.141,-3.62,41.6445,71.28,67.3725,0.185,68.4402,2964.7493,42.90436666666667,69.14333333333333,-4.026,69.74486666666667,3,1.5596644286511203,3.7165,-1.2599,2.137,-0.115,-1.3047,2.383,-1.1552,-0.2614,-0.9385,0.1854,-0.0481
M00558,2026-09-22 14:38:02,S3,False,EYE-10-003,Eyedrop,HPMC viscous artificial tears,Viscous ophthalmic,Substituted,Under-fill (50% air),gross,"ANT-A (double-ridged horn, ETS 3115)",1,25.03,54.3,S11,2800.0,3200.0,0.01,40001,3127.6224,-4.268,-10.83,27.086,115.47,65.8496,0.195,35.3198,3081.4524333333334,31.8485,96.75999999999999,-4.264,65.897,3,0.8321338494097374,46.17,-4.7625,18.71,-0.004,-30.5772,55.484,1.9602,-1.5449,-0.8647,0.1088,0.1048
M00559,2026-09-22 14:38:15,S3,False,VIA-01-001,Vial,Aqueous injectable (0.9% NaCl base),Saline injectable,Expired (24 mo),,subtle,"ANT-A (double-ridged horn, ETS 3115)",10,24.34,43.6,S11,2800.0,3200.0,0.01,40001,2945.3268,-3.867,-20.45,40.7277,72.32,73.5467,0.1702,75.6286,2950.086633333334,40.81,72.29,-3.9019999999999997,73.95043333333332,3,3.9960497448523045,-4.7598,-0.0823,0.03,0.035,1.6782,1.191,0.3526,-4.8501,-0.4772,-1.4699,0.1568
M00560,2026-09-22 14:38:28,S3,False,AMP-05-003,Ampoule,Aqueous small-volume parenteral,Aqueous SVP,Heat-stressed 60C,,subtle,ANT-B (directional dipole),3,24.67,50.5,S11,2800.0,3200.0,0.01,40001,2996.0666,-3.782,0.68,45.558,65.76,75.9393,0.17531,74.1626,2995.0132,45.2734,66.21666666666667,-3.670666666666667,74.6641,3,5.502703816307044,1.0534,0.2846,-0.457,-0.111,-0.5015,0.191,0.7996,4.6015,6.0478,-0.9184,-0.1473
M00561,2026-09-22 14:38:40,S3,False,SYR-12-003,Syrup,Sucrose-based paediatric syrup 65% w/v,Sucrose syrup,Substituted,Under-fill (50% air),gross,"ANT-A (double-ridged horn, ETS 3115)",6,24.43,47.7,S11,2800.0,3200.0,0.01,40001,3097.2886,-4.369,9.51,37.9941,81.52,41.9613,0.235,21.3854,3016.9426333333336,55.7103,54.156666666666666,-4.471666666666667,42.32893333333333,3,2.215278073590952,80.346,-17.7162,27.363,0.103,-20.9435,36.269,1.1167,3.7938,7.2171,-0.3067,-0.0329
M00562,2026-09-22 14:38:53,S3,False,EYE-11-002,Eyedrop,Carbomer gel-forming drops,Gel-forming ophthalmic,Fresh,,none,ANT-B (directional dipole),4,24.32,68.6,S11,2800.0,3200.0,0.01,40001,3072.885,-3.963,-0.21,41.9273,73.29,61.2044,0.205,61.6381,3075.7427000000002,42.20536666666667,72.91666666666667,-3.987,59.66533333333333,3,1.9405959883499315,-2.8577,-0.2781,0.373,0.024,1.9728,1.473,-0.9302,-0.9632,-0.0577,-0.0124,0.0242
M00563,2026-09-22 14:39:06,S3,False,VIA-03-004,Vial,Reconstituted lyophilised antibiotic,Reconstituted powder,Heat-stressed 60C,,subtle,ANT-B (directional dipole),10,24.36,64.4,S11,2800.0,3200.0,0.01,40001,2951.2958,-3.806,-3.35,52.0171,56.74,67.4781,0.18533,68.7378,2958.4895666666666,52.056933333333326,56.833333333333336,-3.7289999999999996,66.21213333333334,3,3.1930280461239744,-7.1938,-0.0398,-0.093,-0.077,2.5257,2.253,-1.1552,1.011,2.3219,-1.7468,0.077
M00564,2026-09-22 14:39:18,S3,False,AMP-07-001,Ampoule,Ethanolic cosolvent 30%,Ethanolic injectable,Photodegraded,,subtle,"ANT-A (double-ridged horn, ETS 3115)",1,24.47,74.9,S11,2800.0,3200.0,0.01,40001,3112.8272,-4.582,2.6,41.9138,74.27,28.5028,0.24034,29.7141,3114.0538666666666,42.18503333333333,73.82666666666667,-4.559666666666667,29.188866666666666,3,2.2642032469134166,-1.2267,-0.2712,0.443,-0.022,0.5252,0.542,0.1224,-1.8523,-0.8647,-1.4652,-0.0672
M00565,2026-09-22 14:39:31,S3,False,EYE-10-003,Eyedrop,HPMC viscous artificial tears,Viscous ophthalmic,Substituted,Diluted 2x with water,gross,"ANT-A (double-ridged horn, ETS 3115)",9,24.96,57.9,S11,2800.0,3200.0,0.01,40001,3074.2403,-3.953,14.64,30.2833,101.52,71.6886,0.176,70.7981,3081.4524333333334,31.8485,96.75999999999999,-4.264,65.897,3,0.8321338494097374,-7.2121,-1.5652,4.76,0.311,4.9011,8.667,1.9602,2.5406,1.242,-0.1966,0.0827
M00566,2026-09-22 14:39:44,S3,False,SYR-13-002,Syrup,Sorbitol sugar-free syrup,Sorbitol syrup,Substituted,Under-fill (50% air),gross,ANT-B (directional dipole),8,25.54,45.3,S11,2800.0,3200.0,0.01,40001,3055.0698,-3.934,-12.28,46.4112,65.83,54.7206,0.215,28.0581,2966.1835333333333,61.44273333333334,48.29,-4.009666666666667,52.2768,3,3.172243909811173,88.8863,-15.0315,17.54,0.076,-24.2187,28.02,1.4525,-3.1125,-0.5187,0.9244,0.1453
M00567,2026-09-22 14:39:56,S3,False,VIA-04-001,Vial,Buffered protein formulation,Biologic solution,Substituted,Ethanol 95%,gross,"ANT-A (double-ridged horn, ETS 3115)",10,24.38,58.6,S11,2800.0,3200.0,0.01,40001,3111.2531,-5.229,-4.36,61.6444,50.47,21.4479,0.31,21.6441,2952.5370666666663,39.29656666666667,75.22,-3.6986666666666665,73.47703333333334,3,4.113929885563653,158.716,22.3478,-24.75,-1.53,-51.8329,38.58,0.2135,-0.3754,-0.4772,-0.0257,0.1132
M00568,2026-09-22 14:40:09,S3,False,VIA-03-001,Vial,Reconstituted lyophilised antibiotic,Reconstituted powder,Substituted,Empty / air,gross,"ANT-A (double-ridged horn, ETS 3115)",1,25.5,59.3,S11,2800.0,3200.0,0.01,40001,3186.3245,-2.4,7.77,21.6884,146.91,1.0,0.0,-0.2274,2967.614133333334,42.806533333333334,69.33999999999999,-3.9659999999999997,68.74183333333333,3,5.136421926140071,218.7104,-21.1181,77.57,1.566,-68.9692,42.58,1.2065,1.9274,-0.8647,1.1159,0.0747
M00569,2026-09-22 14:40:22,S3,False,AMP-08-004,Ampoule,Sesame oil vehicle (depot),Oil-based depot,Freeze-thaw cycled,,subtle,"ANT-A (double-ridged horn, ETS 3115)",4,25.23,45.8,S11,2800.0,3200.0,0.01,40001,3177.2072,-2.474,-0.39,22.4355,141.62,2.9813,0.00801,2.9504,3175.6805666666664,22.1263,143.59,-2.47,3.5787666666666667,3,6.371474143660478,1.5266,0.3092,-1.97,-0.004,-0.6284,0.24,-0.7393,1.524,-0.2063,-0.8621,0.131
M00570,2026-09-22 14:40:35,S3,False,VIA-02-001,Vial,Dextrose 5% injectable,Dextrose injectable,Fresh,,none,ANT-B (directional dipole),4,24.89,63.8,S11,2800.0,3200.0,0.01,40001,2948.8303,-3.638,17.93,49.7675,59.25,70.2954,0.155,68.2389,2945.6589,47.14966666666667,62.47666666666667,-3.5340000000000003,69.3435,3,6.037313550744153,3.1714,2.6178,-3.227,-0.104,-1.1046,0.525,0.8112,3.5088,-0.0577,-0.0472,-0.1394
M00571,2026-09-22 14:40:47,S3,False,SYR-12-001,Syrup,Sucrose-based paediatric syrup 65% w/v,Sucrose syrup,Substituted,Diluted 2x with water,gross,"ANT-A (double-ridged horn, ETS 3115)",8,24.6,68.7,S11,2800.0,3200.0,0.01,40001,2960.2946,-4.112,17.19,47.4129,62.44,59.8916,0.196,58.1305,3020.9702666666667,55.3294,54.61333333333334,-4.332666666666667,41.24103333333333,3,5.12499634861657,-60.6757,-7.9165,7.827,0.221,16.8895,11.839,3.8975,2.9491,2.2515,0.3551,0.0268
M00572,2026-09-22 14:41:00,S3,False,VIA-03-004,Vial,Reconstituted lyophilised antibiotic,Reconstituted powder,Heat-stressed 60C,,subtle,ANT-B (directional dipole),7,25.7,62.2,S11,2800.0,3200.0,0.01,40001,2946.291,-3.675,-16.09,51.9919,56.67,67.1524,0.18533,70.5067,2958.4895666666666,52.056933333333326,56.833333333333336,-3.7289999999999996,66.21213333333334,3,3.1930280461239744,-12.1986,-0.065,-0.163,0.054,4.2946,3.82,-1.1552,-5.2002,-6.291,-1.4972,0.0994
M00573,2026-09-22 14:41:13,S3,False,EYE-09-002,Eyedrop,Aqueous ophthalmic + BAK preservative,Ophthalmic aqueous,Freeze-thaw cycled,,subtle,ANT-B (directional dipole),1,25.19,60.1,S11,2800.0,3200.0,0.01,40001,3053.5184,-3.693,-13.89,39.7131,76.89,72.5377,0.16515,74.2791,3058.322666666667,39.650200000000005,77.2,-3.587666666666667,70.95246666666667,3,7.148076540114402,-4.8043,0.0629,-0.31,-0.105,3.3266,0.672,-2.4444,-1.4881,-0.9972,-0.3454,0.0214
M00574,2026-09-22 14:41:25,S3,False,EYE-11-002,Eyedrop,Carbomer gel-forming drops,Gel-forming ophthalmic,Photodegraded,,subtle,ANT-B (directional dipole),7,25.38,42.5,S11,2800.0,3200.0,0.01,40001,3075.363,-4.015,-1.13,41.4209,74.25,60.8851,0.20529,59.9263,3075.7427000000002,42.20536666666667,72.91666666666667,-3.987,59.66533333333333,3,1.9405959883499315,-0.3797,-0.7845,1.333,-0.028,0.261,0.196,-0.9302,2.1168,-6.291,-0.8503,-0.1959
M00575,2026-09-22 14:41:38,S3,False,SYR-12-001,Syrup,Sucrose-based paediatric syrup 65% w/v,Sucrose syrup,Expired (24 mo),,subtle,ANT-B (directional dipole),3,26.2,54.1,S11,2800.0,3200.0,0.01,40001,3012.6656,-3.91,28.78,64.8045,46.49,41.8779,0.23528,38.9917,3004.3220333333334,65.5994,45.82,-4.211666666666667,41.24796666666666,3,0.8780048652103091,8.3436,-0.7949,0.67,0.302,-2.2563,9.503,3.8975,8.043,6.0478,-0.6315,0.1705
M00576,2026-09-22 14:41:51,S3,False,VIA-03-003,Vial,Reconstituted lyophilised antibiotic,Reconstituted powder,Fresh,,none,ANT-B (directional dipole),1,24.64,58.8,S11,2800.0,3200.0,0.01,40001,2960.7035,-3.853,11.43,52.1819,56.74,67.7614,0.185,65.437,2960.3872333333334,50.44873333333334,58.73666666666667,-3.766,65.54873333333335,3,3.3440330475839035,0.3163,1.7332,-1.997,-0.087,-0.1117,0.095,-0.433,3.3231,-0.9972,0.0465,-0.2525
M00577,2026-09-22 14:42:03,S3,False,VIA-02-002,Vial,Dextrose 5% injectable,Dextrose injectable,Substituted,Distilled water,gross,ANT-B (directional dipole),9,24.85,53.8,S11,2800.0,3200.0,0.01,40001,2918.5206,-3.519,-7.25,48.1746,60.58,77.5412,0.157,78.9015,2947.8617666666664,47.740133333333326,61.82333333333333,-3.4766666666666666,68.57863333333334,3,5.84986037810602,-29.3412,0.4345,-1.243,-0.042,10.3229,5.016,0.4257,-3.8711,-1.2437,0.5482,0.1986
M00578,2026-09-22 14:42:16,S3,False,VIA-04-002,Vial,Buffered protein formulation,Biologic solution,Fresh,,none,ANT-B (directional dipole),9,24.4,61.1,S11,2800.0,3200.0,0.01,40001,2942.3454,-3.674,-2.31,50.024,58.82,71.6487,0.16,71.3347,2946.0194666666666,48.63673333333333,60.576666666666675,-3.5573333333333337,70.0459,3,6.688132501926788,-3.6741,1.3873,-1.757,-0.117,1.2888,0.549,-0.7221,-1.8209,-1.2437,-0.1494,-0.0455
M00579,2026-09-22 14:42:29,S3,False,AMP-08-001,Ampoule,Sesame oil vehicle (depot),Oil-based depot,Heat-stressed 60C,,subtle,"ANT-A (double-ridged horn, ETS 3115)",4,24.36,48.6,S11,2800.0,3200.0,0.01,40001,3177.1394,-2.472,1.95,22.131,143.56,2.7657,0.00801,2.9781,3173.7732666666666,22.3832,141.81333333333336,-2.472,4.353766666666666,3,1.9003076917523627,3.3661,-0.2522,1.747,0.0,-1.3757,1.771,0.1027,1.0527,-0.2063,-1.6742,-0.0279
M00580,2026-09-22 14:42:42,S3,False,EYE-09-002,Eyedrop,Aqueous ophthalmic + BAK preservative,Ophthalmic aqueous,Fresh,,none,"ANT-A (double-ridged horn, ETS 3115)",3,24.39,53.4,S11,2800.0,3200.0,0.01,40001,3070.683,-3.808,-3.12,31.765,96.67,72.8111,0.165,74.0864,3071.2416,30.780333333333335,99.83999999999999,-3.853666666666667,73.70293333333333,3,3.8298250782508076,-0.5586,0.9847,-3.17,0.046,0.3835,0.146,-2.4444,-1.1068,-4.4578,-0.0532,-0.0077
M00581,2026-09-22 14:42:54,S3,False,VIA-04-002,Vial,Buffered protein formulation,Biologic solution,Fresh,,none,ANT-B (directional dipole),7,25.06,49.1,S11,2800.0,3200.0,0.01,40001,2938.2664,-3.534,-28.02,46.5877,63.07,71.4792,0.16,72.7772,2946.0194666666666,48.63673333333333,60.576666666666675,-3.5573333333333337,70.0459,3,6.688132501926788,-7.7531,-2.049,2.493,0.023,2.7313,1.159,-0.7221,-6.5199,-6.291,-0.06,0.012
M00582,2026-09-22 14:43:07,S3,False,AMP-08-003,Ampoule,Sesame oil vehicle (depot),Oil-based depot,Heat-stressed 60C,,subtle,"ANT-A (double-ridged horn, ETS 3115)",9,23.14,63.1,S11,2800.0,3200.0,0.01,40001,3177.7839,-2.472,11.38,21.9143,145.01,3.4407,0.00801,2.7153,3173.7279333333336,22.4438,141.47,-2.4746666666666663,4.3728,3,2.761500217876818,4.056,-0.5295,3.54,0.003,-1.6575,1.469,0.0599,2.6664,1.242,-0.9215,-0.0782
M00583,2026-09-22 14:43:20,S3,False,AMP-07-002,Ampoule,Ethanolic cosolvent 30%,Ethanolic injectable,Heat-stressed 60C,,subtle,ANT-B (directional dipole),4,24.01,60.2,S11,2800.0,3200.0,0.01,40001,3099.9152,-4.331,16.01,54.091,57.31,27.9262,0.24043,27.9028,3104.3393999999994,51.07223333333334,60.85666666666666,-3.9113333333333333,26.016766666666665,3,8.776953820660259,-4.4242,3.0188,-3.547,-0.42,1.886,0.504,0.5334,1.6179,-0.0577,-1.1252,-0.1083
M00584,2026-09-22 14:43:32,S3,False,VIA-03-001,Vial,Reconstituted lyophilised antibiotic,Reconstituted powder,Substituted,Under-fill (50% air),gross,"ANT-A (double-ridged horn, ETS 3115)",3,24.51,59.0,S11,2800.0,3200.0,0.01,40001,3062.7942,-3.986,-15.11,32.339,94.71,67.953,0.185,36.9077,2967.614133333334,42.806533333333334,69.33999999999999,-3.9659999999999997,68.74183333333333,3,5.136421926140071,95.1801,-10.4675,25.37,-0.02,-31.8341,18.53,1.2065,-4.6597,-4.4578,0.9357,-0.1894
M00585,2026-09-22 14:43:45,S3,False,AMP-08-004,Ampoule,Sesame oil vehicle (depot),Oil-based depot,Substituted,Distilled water,gross,ANT-B (directional dipole),3,25.15,60.7,S11,2800.0,3200.0,0.01,40001,3003.7827,-3.301,22.14,43.5379,68.99,77.4578,0.157,71.9772,3159.328766666667,32.03653333333333,98.62333333333333,-2.4633333333333334,3.1184333333333334,3,3.8635392379702136,-155.5461,11.5014,-29.633,-0.838,68.8588,40.26,-0.7393,10.6118,6.0478,0.8599,-0.0383
M00586,2026-09-22 14:43:58,S3,False,VIA-04-003,Vial,Buffered protein formulation,Biologic solution,Expired (24 mo),,subtle,ANT-B (directional dipole),10,25.09,57.3,S11,2800.0,3200.0,0.01,40001,2945.9747,-3.646,11.56,50.494,58.34,71.9911,0.16019,70.0563,2943.010333333333,47.31043333333333,62.21666666666667,-3.5893333333333337,71.10520000000001,3,6.49001281534439,2.9644,3.1836,-3.877,-0.057,-1.0489,0.457,-0.1832,5.0137,2.3219,-1.1952,-0.1008
M00587,2026-09-22 14:44:10,S3,False,AMP-08-001,Ampoule,Sesame oil vehicle (depot),Oil-based depot,Expired (24 mo),,subtle,ANT-B (directional dipole),10,24.52,45.9,S11,2800.0,3200.0,0.01,40001,3161.101,-2.469,9.73,32.105,98.46,2.7673,0.00801,2.39,3163.2669,31.870566666666665,99.25333333333333,-2.4623333333333335,1.5051333333333332,3,3.2667594233428168,-2.1659,0.2344,-0.793,-0.007,0.8849,0.663,0.1027,1.9329,2.3219,-1.1975,0.0571
M00588,2026-09-22 14:44:23,S3,False,AMP-06-003,Ampoule,Propylene glycol cosolvent 40%,Cosolvent injectable,Substituted,Glycerol,gross,"ANT-A (double-ridged horn, ETS 3115)",6,25.17,53.1,S11,2800.0,3200.0,0.01,40001,3154.7151,-5.083,23.94,59.4199,53.09,14.791,0.42,12.0513,3090.130833333333,40.26176666666667,76.86,-4.378666666666667,39.38746666666666,3,2.604092234029727,64.5843,19.1581,-23.77,-0.704,-27.3362,24.801,-0.806,6.8226,7.2171,0.7133,0.0457
M00589,2026-09-22 14:44:36,S3,False,EYE-09-003,Eyedrop,Aqueous ophthalmic + BAK preservative,Ophthalmic aqueous,Substituted,Under-fill (50% air),gross,ANT-B (directional dipole),6,24.98,58.4,S11,2800.0,3200.0,0.01,40001,3108.99,-3.651,9.13,36.2049,85.87,72.7468,0.165,36.6714,3060.0869,38.779066666666665,78.91666666666667,-3.646333333333333,69.72019999999999,3,2.3357162477488846,48.9031,-2.5742,6.953,-0.005,-33.0488,20.937,1.6275,-0.662,-1.3236,1.4563,-0.052
M00590,2026-09-22 14:44:49,S3,False,VIA-04-001,Vial,Buffered protein formulation,Biologic solution,Freeze-thaw cycled,,subtle,ANT-B (directional dipole),5,24.52,64.2,S11,2800.0,3200.0,0.01,40001,2943.5134,-3.531,27.43,48.9033,60.19,72.0627,0.16014,70.9228,2941.772033333333,49.41329999999999,59.53333333333333,-3.6016666666666666,71.54116666666667,3,5.833655945745665,1.7414,-0.51,0.657,0.071,-0.6184,0.299,0.2135,5.8716,3.0499,-1.1773,0.0273
M00591,2026-09-22 14:45:01,S3,False,SYR-13-001,Syrup,Sorbitol sugar-free syrup,Sorbitol syrup,Photodegraded,,subtle,"ANT-A (double-ridged horn, ETS 3115)",1,23.58,64.8,S11,2800.0,3200.0,0.01,40001,2967.8358,-4.506,-3.27,51.0496,58.14,54.6188,0.2153,56.4845,2968.5839,52.684400000000004,56.36000000000001,-3.955,56.27693333333334,3,8.7055236126266,-0.7481,-1.6348,1.78,-0.551,0.2076,0.086,-0.8894,-0.0614,-0.8647,-1.5225,-0.072
M00592,2026-09-22 14:45:14,S3,False,SYR-14-001,Syrup,"Suspension, antacid",Antacid suspension,Fresh,,none,"ANT-A (double-ridged horn, ETS 3115)",10,23.81,55.8,S11,2800.0,3200.0,0.01,40001,2955.4386,-4.624,-11.55,56.1584,52.63,57.9543,0.25,59.2066,2959.8009,56.34246666666667,52.73,-4.541666666666667,57.95943333333333,3,3.6745936686931624,-4.3623,-0.1841,-0.1,-0.082,1.2472,1.187,1.2244,-2.596,-0.4772,0.0749,-0.0584
M00593,2026-09-22 14:45:27,S3,False,SYR-12-003,Syrup,Sucrose-based paediatric syrup 65% w/v,Sucrose syrup,Substituted,Diluted 2x with water,gross,ANT-B (directional dipole),9,23.71,50.2,S11,2800.0,3200.0,0.01,40001,2937.2329,-3.972,0.21,58.1327,50.53,59.9638,0.196,60.0941,3000.4796,66.6531,45.03333333333333,-4.068333333333333,42.29573333333334,3,5.188658509672827,-63.2467,-8.5204,5.497,0.096,17.7984,12.189,1.1167,1.5477,-1.2437,-0.7759,-0.1154
M00594,2026-09-22 14:45:39,S3,False,SYR-12-002,Syrup,Sucrose-based paediatric syrup 65% w/v,Sucrose syrup,Fresh,,none,"ANT-A (double-ridged horn, ETS 3115)",4,23.07,52.5,S11,2800.0,3200.0,0.01,40001,3018.2177,-4.243,18.16,52.4375,57.56,43.2326,0.235,41.983,3013.720633333334,56.308400000000006,53.57333333333333,-4.443666666666666,43.20446666666667,3,3.3756423526986006,4.4971,-3.8709,3.987,0.201,-1.2215,1.332,-0.7037,5.2353,-0.2063,-0.1487,0.0533
M00595,2026-09-22 14:45:52,S3,False,SYR-14-003,Syrup,"Suspension, antacid",Antacid suspension,Fresh,,none,ANT-B (directional dipole),6,24.52,60.0,S11,2800.0,3200.0,0.01,40001,2944.5269,-4.11,8.52,69.9942,42.07,58.699,0.25,57.67,2946.3830333333335,66.51326666666667,44.30666666666667,-4.038666666666667,57.14176666666666,3,6.152910509939971,-1.8561,3.4809,-2.237,-0.071,0.5282,0.302,2.4849,2.0634,-1.3236,-0.0471,0.0842
M00596,2026-09-22 14:46:05,S3,False,VIA-04-001,Vial,Buffered protein formulation,Biologic solution,Heat-stressed 60C,,subtle,ANT-B (directional dipole),9,24.48,57.1,S11,2800.0,3200.0,0.01,40001,2940.1666,-3.601,11.82,50.9237,57.74,72.0068,0.16029,72.1044,2941.772033333333,49.41329999999999,59.53333333333333,-3.6016666666666666,71.54116666666667,3,5.833655945745665,-1.6054,1.5104,-1.793,0.001,0.5632,0.275,0.2135,3.1554,-1.2437,-2.1322,0.1926
M00597,2026-09-22 14:46:17,S3,False,AMP-08-001,Ampoule,Sesame oil vehicle (depot),Oil-based depot,Heat-stressed 60C,,subtle,ANT-B (directional dipole),10,23.97,68.5,S11,2800.0,3200.0,0.01,40001,3163.571,-2.463,16.33,32.4376,97.53,2.7657,0.00801,1.3794,3163.2669,31.870566666666665,99.25333333333333,-2.4623333333333335,1.5051333333333332,3,3.2667594233428168,0.3041,0.567,-1.723,-0.001,-0.1257,0.093,0.1027,5.3779,2.3219,-2.0983,-0.0211
M00598,2026-09-22 14:46:30,S3,False,VIA-02-004,Vial,Dextrose 5% injectable,Dextrose injectable,Substituted,Empty / air,gross,"ANT-A (double-ridged horn, ETS 3115)",2,25.2,66.2,S11,2800.0,3200.0,0.01,40001,3185.206,-2.4,2.19,21.0906,151.03,1.0,0.0,0.1077,2957.751866666667,40.15776666666667,73.76666666666667,-3.7603333333333335,70.7941,3,3.547992773855898,227.4541,-19.0672,77.263,1.36,-70.6864,64.108,1.5589,1.3633,1.996,0.3054,-0.0216
M00599,2026-09-22 14:46:43,S3,False,AMP-07-003,Ampoule,Ethanolic cosolvent 30%,Ethanolic injectable,Heat-stressed 60C,,subtle,ANT-B (directional dipole),6,24.76,48.6,S11,2800.0,3200.0,0.01,40001,3095.4783,-4.227,-11.82,50.7805,60.96,27.9053,0.24043,29.813,3108.5165,51.5277,60.35999999999999,-3.8446666666666665,24.233566666666665,3,8.836961850658808,-13.0382,-0.7472,0.6,-0.382,5.5794,1.475,0.802,-4.7915,-1.3236,-0.7221,-0.1625
M00600,2026-09-22 14:46:56,S3,False,VIA-02-002,Vial,Dextrose 5% injectable,Dextrose injectable,Fresh,,none,ANT-B (directional dipole),4,25.44,58.7,S11,2800.0,3200.0,0.01,40001,2942.5806,-3.609,9.03,49.2595,59.74,69.925,0.155,70.4106,2947.8617666666664,47.740133333333326,61.82333333333333,-3.4766666666666666,68.57863333333334,3,5.84986037810602,-5.2812,1.5194,-2.083,-0.132,1.832,0.903,0.4257,-0.6876,-0.0577,0.0716,-0.1757
M00601,2026-09-22 14:47:08,S3,False,AMP-07-004,Ampoule,Ethanolic cosolvent 30%,Ethanolic injectable,Fresh,,none,ANT-B (directional dipole),9,24.23,48.7,S11,2800.0,3200.0,0.01,40001,3101.468,-4.223,-4.66,52.3072,59.29,26.8973,0.24,27.2361,3106.392533333333,52.5505,59.13333333333333,-4.080333333333333,25.130366666666664,3,3.4500218265010516,-4.9245,-0.2433,0.157,-0.143,2.1057,1.427,0.2657,-2.0189,-1.2437,0.0762,0.1785
M00602,2026-09-22 14:47:21,S3,False,SYR-13-001,Syrup,Sorbitol sugar-free syrup,Sorbitol syrup,Expired (24 mo),,subtle,"ANT-A (double-ridged horn, ETS 3115)",9,24.99,51.9,S11,2800.0,3200.0,0.01,40001,2975.4146,-4.163,12.61,51.6056,57.66,54.353,0.21526,54.3144,2968.5839,52.684400000000004,56.36000000000001,-3.955,56.27693333333334,3,8.7055236126266,6.8307,-1.0788,1.3,-0.208,-1.9625,0.785,-0.8894,5.4567,1.242,-0.6092,0.1281
M00603,2026-09-22 14:47:34,S3,False,AMP-05-002,Ampoule,Aqueous small-volume parenteral,Aqueous SVP,Heat-stressed 60C,,subtle,ANT-B (directional dipole),2,24.9,53.0,S11,2800.0,3200.0,0.01,40001,2994.1794,-3.789,1.57,45.673,65.56,74.9535,0.17531,75.0529,2998.8361,44.1175,68.0,-3.679,72.86026666666667,3,2.832117742962081,-4.6567,1.5555,-2.44,-0.11,2.1926,1.644,-0.1511,0.2875,1.9516,-0.9976,-0.0912
M00604,2026-09-22 14:47:46,S3,False,EYE-11-001,Eyedrop,Carbomer gel-forming drops,Gel-forming ophthalmic,Substituted,Ethanol 95%,gross,ANT-B (directional dipole),7,25.14,66.6,S11,2800.0,3200.0,0.01,40001,3129.6391,-4.595,-9.5,49.2657,63.53,21.3891,0.31,23.4468,3074.5050666666666,42.94053333333333,71.68,-3.829,60.52916666666666,3,6.864686481794751,55.134,6.3252,-8.15,-0.766,-37.0824,8.032,-1.1781,-2.9077,-6.291,0.303,0.0714
M00605,2026-09-22 14:47:59,S3,False,AMP-05-001,Ampoule,Aqueous small-volume parenteral,Aqueous SVP,Heat-stressed 60C,,subtle,"ANT-A (double-ridged horn, ETS 3115)",8,24.37,55.5,S11,2800.0,3200.0,0.01,40001,3008.8726,-4.022,-5.56,35.4392,84.9,74.7582,0.17531,75.9295,3008.1085000000003,36.2857,82.90333333333332,-3.8143333333333334,76.29453333333333,3,5.854424420043359,0.7641,-0.8465,1.997,-0.208,-0.365,0.131,-0.6105,-0.2728,2.2515,-1.1605,0.142
M00606,2026-09-22 14:48:12,S3,False,SYR-12-001,Syrup,Sucrose-based paediatric syrup 65% w/v,Sucrose syrup,Expired (24 mo),,subtle,"ANT-A (double-ridged horn, ETS 3115)",1,24.62,63.0,S11,2800.0,3200.0,0.01,40001,3019.4528,-4.466,-1.36,55.7815,54.13,42.1173,0.23528,41.6488,3020.9702666666667,55.3294,54.61333333333334,-4.332666666666667,41.24103333333333,3,5.12499634861657,-1.5175,0.4521,-0.483,-0.133,0.4078,0.296,3.8975,-0.7909,-0.8647,-0.6192,0.0703
M00607,2026-09-22 14:48:24,S3,False,EYE-10-002,Eyedrop,HPMC viscous artificial tears,Viscous ophthalmic,Expired (24 mo),,subtle,ANT-B (directional dipole),1,24.71,52.2,S11,2800.0,3200.0,0.01,40001,3067.8373,-3.9,5.51,39.0375,78.59,65.8782,0.19523,63.6317,3066.851666666667,41.4506,74.0,-3.7143333333333337,64.3171,3,8.52828603081171,0.9856,-2.4131,4.59,-0.186,-0.6854,0.116,-1.1341,3.444,-0.9972,-0.946,0.0132
M00608,2026-09-22 14:48:37,S3,False,VIA-02-001,Vial,Dextrose 5% injectable,Dextrose injectable,Photodegraded,,subtle,"ANT-A (double-ridged horn, ETS 3115)",2,24.62,59.9,S11,2800.0,3200.0,0.01,40001,2962.7729,-3.827,2.42,38.3057,77.35,70.2647,0.15522,69.0545,2959.6769,39.059599999999996,75.86666666666666,-3.685333333333334,70.12873333333333,3,5.507539468764639,3.096,-0.7539,1.483,-0.142,-1.0742,0.562,0.8112,1.5292,1.996,-0.8201,0.183
M00609,2026-09-22 14:48:50,S3,False,VIA-03-002,Vial,Reconstituted lyophilised antibiotic,Reconstituted powder,Heat-stressed 60C,,subtle,"ANT-A (double-ridged horn, ETS 3115)",2,24.34,45.4,S11,2800.0,3200.0,0.01,40001,2965.9541,-4.154,1.68,42.2058,70.27,68.4937,0.18533,69.3212,2965.7019333333337,42.46866666666667,69.83999999999999,-4.0809999999999995,69.41096666666667,3,3.1864565340410076,0.2522,-0.2629,0.43,-0.073,-0.0898,0.079,-2.8023,0.3964,1.996,-1.7599,-0.0788
M00610,2026-09-22 14:49:03,S3,False,VIA-03-004,Vial,Reconstituted lyophilised antibiotic,Reconstituted powder,Substituted,Diluted 2x with water,gross,ANT-B (directional dipole),4,24.93,63.3,S11,2800.0,3200.0,0.01,40001,2937.6215,-3.706,-4.24,49.3394,59.54,72.4908,0.171,73.5922,2958.4895666666666,52.056933333333326,56.833333333333336,-3.7289999999999996,66.21213333333334,3,3.1930280461239744,-20.8681,-2.7175,2.707,0.023,7.3801,6.536,-1.1552,-0.5752,-0.0577,0.507,0.009
M00611,2026-09-22 14:49:15,S3,False,AMP-08-001,Ampoule,Sesame oil vehicle (depot),Oil-based depot,Photodegraded,,subtle,ANT-B (directional dipole),8,24.88,52.1,S11,2800.0,3200.0,0.01,40001,3159.9329,-2.466,-0.84,31.8387,99.25,2.7668,0.00801,2.8687,3163.2669,31.870566666666665,99.25333333333333,-2.4623333333333335,1.5051333333333332,3,3.2667594233428168,-3.334,-0.0319,-0.003,-0.004,1.3636,1.021,0.1027,0.8201,-0.5187,-1.273,0.076
M00612,2026-09-22 14:49:28,S3,False,EYE-11-002,Eyedrop,Carbomer gel-forming drops,Gel-forming ophthalmic,Fresh,,none,ANT-B (directional dipole),4,24.71,56.9,S11,2800.0,3200.0,0.01,40001,3071.2089,-3.984,-15.29,40.7856,75.3,61.1177,0.205,62.7983,3075.7427000000002,42.20536666666667,72.91666666666667,-3.987,59.66533333333333,3,1.9405959883499315,-4.5338,-1.4198,2.383,0.003,3.133,2.336,-0.9302,-2.9199,-0.0577,0.0623,0.1064
M00613,2026-09-22 14:49:41,S3,False,VIA-02-001,Vial,Dextrose 5% injectable,Dextrose injectable,Fresh,,none,ANT-B (directional dipole),5,24.6,50.8,S11,2800.0,3200.0,0.01,40001,2950.533,-3.558,15.76,46.8139,63.03,70.369,0.155,67.6497,2945.6589,47.14966666666667,62.47666666666667,-3.5340000000000003,69.3435,3,6.037313550744153,4.8741,-0.3358,0.553,-0.024,-1.6938,0.807,0.8112,5.358,3.0499,-0.094,-0.0296
M00614,2026-09-22 14:49:53,S3,False,AMP-05-002,Ampoule,Aqueous small-volume parenteral,Aqueous SVP,Substituted,Glycerol,gross,"ANT-A (double-ridged horn, ETS 3115)",7,23.97,60.0,S11,2800.0,3200.0,0.01,40001,3150.3899,-5.875,15.08,60.3215,52.23,14.8551,0.42,13.7646,3009.5727666666667,36.064766666666664,83.47333333333333,-3.9596666666666667,75.60163333333334,3,3.013810493931699,140.8171,24.2567,-31.243,-1.915,-61.837,46.724,-0.1511,1.4487,4.0178,1.26,-0.0602
M00615,2026-09-22 14:50:06,S3,False,SYR-14-003,Syrup,"Suspension, antacid",Antacid suspension,Photodegraded,,subtle,ANT-B (directional dipole),3,24.9,54.3,S11,2800.0,3200.0,0.01,40001,2946.5808,-4.239,7.31,66.9914,43.98,58.5368,0.25035,57.0815,2946.3830333333335,66.51326666666667,44.30666666666667,-4.038666666666667,57.14176666666666,3,6.152910509939971,0.1978,0.4781,-0.327,-0.2,-0.0603,0.032,2.4849,4.7315,6.0478,-1.1999,0.0569
M00616,2026-09-22 14:50:19,S3,False,AMP-08-003,Ampoule,Sesame oil vehicle (depot),Oil-based depot,Heat-stressed 60C,,subtle,ANT-B (directional dipole),6,24.88,47.6,S11,2800.0,3200.0,0.01,40001,3150.0236,-2.462,-22.91,32.482,96.98,3.4407,0.00801,6.9512,3159.2879,32.9908,95.78333333333335,-2.464,3.1336333333333335,3,1.667770298932061,-9.2643,-0.5088,1.197,0.002,3.8176,5.555,0.0599,-6.294,-1.3236,-2.1429,-0.1894
M00617,2026-09-22 14:50:31,S3,False,SYR-13-003,Syrup,Sorbitol sugar-free syrup,Sorbitol syrup,Fresh,,none,ANT-B (directional dipole),7,24.07,60.2,S11,2800.0,3200.0,0.01,40001,2948.8296,-3.86,-21.19,59.045,49.94,55.0557,0.215,57.2614,2954.9108666666666,63.07136666666667,46.85666666666666,-3.827666666666667,55.511300000000006,3,8.458686743421389,-6.0813,-4.0264,3.083,-0.032,1.7501,0.719,0.0738,-6.4323,-6.291,-0.0738,-0.1614
M00618,2026-09-22 14:50:44,S3,False,SYR-12-003,Syrup,Sucrose-based paediatric syrup 65% w/v,Sucrose syrup,Fresh,,none,ANT-B (directional dipole),8,25.42,59.1,S11,2800.0,3200.0,0.01,40001,3005.7526,-4.229,25.83,67.2852,44.67,41.811,0.235,40.8597,3000.4796,66.6531,45.03333333333333,-4.068333333333333,42.29573333333334,3,5.188658509672827,5.273,0.6321,-0.363,-0.161,-1.436,1.016,1.1167,3.816,-0.5187,0.1776,0.0337
M00619,2026-09-22 14:50:57,S3,False,EYE-09-002,Eyedrop,Aqueous ophthalmic + BAK preservative,Ophthalmic aqueous,Heat-stressed 60C,,subtle,"ANT-A (double-ridged horn, ETS 3115)",4,25.6,60.6,S11,2800.0,3200.0,0.01,40001,3075.9049,-3.794,15.36,29.7427,103.42,72.3656,0.1653,70.4796,3071.2416,30.780333333333335,99.83999999999999,-3.853666666666667,73.70293333333333,3,3.8298250782508076,4.6633,-1.0376,3.58,0.06,-3.2233,1.218,-2.4444,4.7454,-0.2063,-1.2186,-0.1075
M00620,2026-09-22 14:51:10,S3,False,SYR-14-002,Syrup,"Suspension, antacid",Antacid suspension,Heat-stressed 60C,,subtle,ANT-B (directional dipole),1,24.88,56.7,S11,2800.0,3200.0,0.01,40001,2947.4583,-4.254,4.25,68.831,42.82,57.3388,0.25045,56.8304,2946.7635333333333,65.11370000000001,45.36000000000001,-4.318333333333334,57.029333333333334,3,1.2711594326966795,0.6948,3.7173,-2.54,0.064,-0.1989,0.547,-0.1467,2.4863,-0.9972,-1.0345,0.0232
M00621,2026-09-22 14:51:22,S3,False,AMP-08-001,Ampoule,Sesame oil vehicle (depot),Oil-based depot,Fresh,,none,ANT-B (directional dipole),10,23.13,56.8,S11,2800.0,3200.0,0.01,40001,3161.6449,-2.464,2.99,32.4751,97.36,2.7706,0.008,2.1672,3163.2669,31.870566666666665,99.25333333333333,-2.4623333333333335,1.5051333333333332,3,3.2667594233428168,-1.622,0.6045,-1.893,-0.002,0.6621,0.497,0.1027,1.384,2.3219,0.0621,-0.1016
M00622,2026-09-22 14:51:35,S3,False,VIA-04-004,Vial,Buffered protein formulation,Biologic solution,Heat-stressed 60C,,subtle,"ANT-A (double-ridged horn, ETS 3115)",5,25.49,61.2,S11,2800.0,3200.0,0.01,40001,2947.9243,-3.663,-12.6,40.6594,72.5,71.7027,0.16029,75.1078,2955.7576000000004,39.0161,75.77,-3.828,72.34143333333333,3,3.86097443270468,-7.8333,1.6433,-3.27,0.165,2.7664,2.029,0.2685,-5.5974,-0.9385,-1.5631,0.0671
M00623,2026-09-22 14:51:48,S3,False,SYR-12-001,Syrup,Sucrose-based paediatric syrup 65% w/v,Sucrose syrup,Substituted,Diluted 2x with water,gross,"ANT-A (double-ridged horn, ETS 3115)",1,25.12,56.1,S11,2800.0,3200.0,0.01,40001,2956.055,-4.179,-1.85,51.5951,57.29,59.7796,0.196,59.3498,3020.9702666666667,55.3294,54.61333333333334,-4.332666666666667,41.24103333333333,3,5.12499634861657,-64.9153,-3.7343,2.677,0.154,18.1088,12.666,3.8975,-0.574,-0.8647,-0.6277,-0.0967
M00624,2026-09-22 14:52:00,S3,False,AMP-05-002,Ampoule,Aqueous small-volume parenteral,Aqueous SVP,Expired (24 mo),,subtle,ANT-B (directional dipole),2,24.26,61.7,S11,2800.0,3200.0,0.01,40001,2992.6404,-3.835,0.24,44.1467,67.79,75.1711,0.17521,75.7802,2998.8361,44.1175,68.0,-3.679,72.86026666666667,3,2.832117742962081,-6.1957,0.0292,-0.21,-0.156,2.9199,2.188,-0.1511,-1.1357,1.9516,-0.7491,0.0033
M00625,2026-09-22 14:52:13,S3,False,AMP-05-003,Ampoule,Aqueous small-volume parenteral,Aqueous SVP,Fresh,,none,ANT-B (directional dipole),10,25.54,56.4,S11,2800.0,3200.0,0.01,40001,2999.1118,-3.615,12.34,45.4225,66.03,75.8396,0.175,72.7295,2995.0132,45.2734,66.21666666666667,-3.670666666666667,74.6641,3,5.502703816307044,4.0986,0.1491,-0.187,0.056,-1.9346,0.745,0.7996,6.3207,2.3219,-0.1888,0.2376
M00626,2026-09-22 14:52:26,S3,False,SYR-13-002,Syrup,Sorbitol sugar-free syrup,Sorbitol syrup,Substituted,Distilled water,gross,"ANT-A (double-ridged horn, ETS 3115)",1,24.34,65.8,S11,2800.0,3200.0,0.01,40001,2902.5821,-3.748,-9.63,41.2841,70.31,77.6847,0.157,75.8785,2981.788966666667,50.7285,58.79666666666666,-4.341666666666667,52.5036,3,4.200795829760327,-79.2069,-9.4444,11.513,0.594,23.3749,18.855,1.4525,-4.7413,-0.8647,-0.1649,0.1201
M00627,2026-09-22 14:52:38,S3,False,VIA-04-003,Vial,Buffered protein formulation,Biologic solution,Fresh,,none,ANT-B (directional dipole),9,24.63,50.4,S11,2800.0,3200.0,0.01,40001,2946.7871,-3.553,16.8,48.7461,60.45,72.1983,0.16,69.7708,2943.010333333333,47.31043333333333,62.21666666666667,-3.5893333333333337,71.10520000000001,3,6.49001281534439,3.7768,1.4357,-1.767,0.036,-1.3344,0.582,-0.1832,5.2829,-1.2437,-0.1453,-0.026
M00628,2026-09-22 14:52:51,S3,False,EYE-09-002,Eyedrop,Aqueous ophthalmic + BAK preservative,Ophthalmic aqueous,Fresh,,none,"ANT-A (double-ridged horn, ETS 3115)",7,24.21,60.7,S11,2800.0,3200.0,0.01,40001,3076.4328,-3.796,23.41,29.333,104.88,72.8598,0.165,70.116,3071.2416,30.780333333333335,99.83999999999999,-3.853666666666667,73.70293333333333,3,3.8298250782508076,5.1912,-1.4473,5.04,0.058,-3.5869,1.355,-2.4444,4.3766,4.0178,0.0281,0.2466
M00629,2026-09-22 14:53:04,S3,False,SYR-13-002,Syrup,Sorbitol sugar-free syrup,Sorbitol syrup,Photodegraded,,subtle,ANT-B (directional dipole),8,24.84,54.1,S11,2800.0,3200.0,0.01,40001,2966.3161,-4.003,3.31,61.5479,48.2,54.7821,0.2153,52.2381,2966.1835333333333,61.44273333333334,48.29,-4.009666666666667,52.2768,3,3.172243909811173,0.1326,0.1052,-0.09,0.007,-0.0387,0.042,1.4525,1.3122,-0.5187,-0.8594,0.0598
M00630,2026-09-22 14:53:17,S3,False,VIA-02-004,Vial,Dextrose 5% injectable,Dextrose injectable,Heat-stressed 60C,,subtle,ANT-B (directional dipole),6,24.54,54.9,S11,2800.0,3200.0,0.01,40001,2941.2864,-3.581,-7.53,47.524,61.89,70.9818,0.15528,70.862,2946.0145333333335,49.27976666666666,59.800000000000004,-3.5096666666666665,69.21756666666667,3,4.01818709162895,-4.7281,-1.7558,2.09,-0.071,1.6444,1.177,1.5589,0.8914,-1.3236,-1.161,0.0081
M00631,2026-09-22 14:53:29,S3,False,VIA-01-003,Vial,Aqueous injectable (0.9% NaCl base),Saline injectable,Expired (24 mo),,subtle,"ANT-A (double-ridged horn, ETS 3115)",3,24.49,52.7,S11,2800.0,3200.0,0.01,40001,2944.0852,-4.004,-8.23,38.4014,76.67,74.728,0.1702,76.0682,2943.611066666667,40.9355,71.91666666666667,-3.792333333333333,76.24063333333334,3,6.074375574767549,0.4741,-2.5341,4.753,-0.212,-0.1724,0.078,-0.7191,-2.5472,-4.4578,-1.0518,0.0384
M00632,2026-09-22 14:53:42,S3,False,AMP-05-004,Ampoule,Aqueous small-volume parenteral,Aqueous SVP,Heat-stressed 60C,,subtle,ANT-B (directional dipole),4,23.88,72.7,S11,2800.0,3200.0,0.01,40001,2993.0522,-3.764,12.81,47.5152,62.99,75.3746,0.17531,75.5855,2996.229633333334,44.40656666666666,67.59333333333333,-3.6653333333333333,74.08966666666667,3,5.017573069057528,-3.1774,3.1086,-4.603,-0.099,1.4958,0.633,-0.9004,1.9502,-0.0577,-0.9725,0.1636
M00633,2026-09-22 14:53:55,S3,False,AMP-08-003,Ampoule,Sesame oil vehicle (depot),Oil-based depot,Heat-stressed 60C,,subtle,ANT-B (directional dipole),1,24.03,60.6,S11,2800.0,3200.0,0.01,40001,3162.4702,-2.464,21.26,31.667,99.87,3.4407,0.00801,1.8295,3159.2879,32.9908,95.78333333333335,-2.464,3.1336333333333335,3,1.667770298932061,3.1823,-1.3238,4.087,0.0,-1.3041,1.908,0.0599,4.525,-0.9972,-0.5164,-0.1883
M00634,2026-09-22 14:54:07,S3,False,VIA-03-004,Vial,Reconstituted lyophilised antibiotic,Reconstituted powder,Heat-stressed 60C,,subtle,ANT-B (directional dipole),7,24.58,70.6,S11,2800.0,3200.0,0.01,40001,2942.8528,-3.714,-24.18,51.7343,56.88,67.4244,0.18533,71.7271,2958.4895666666666,52.056933333333326,56.833333333333336,-3.7289999999999996,66.21213333333334,3,3.1930280461239744,-15.6368,-0.3226,0.047,0.015,5.515,4.897,-1.1552,-7.5367,-6.291,-1.7464,0.0273
M00635,2026-09-22 14:54:20,S3,False,AMP-07-003,Ampoule,Ethanolic cosolvent 30%,Ethanolic injectable,Substituted,Glycerol,gross,ANT-B (directional dipole),8,25.09,52.6,S11,2800.0,3200.0,0.01,40001,3129.6088,-5.206,-4.23,67.1127,46.63,14.7954,0.42,15.327,3108.5165,51.5277,60.35999999999999,-3.8446666666666665,24.233566666666665,3,8.836961850658808,21.0923,15.585,-13.73,-1.361,-8.9066,2.387,0.802,-1.3716,-0.5187,-1.0364,0.0977
M00636,2026-09-22 14:54:33,S3,False,SYR-14-001,Syrup,"Suspension, antacid",Antacid suspension,Substituted,Distilled water,gross,ANT-B (directional dipole),6,24.32,54.5,S11,2800.0,3200.0,0.01,40001,2873.9406,-3.609,-2.92,50.4977,56.91,77.6907,0.157,78.6688,2944.604033333333,64.75643333333333,45.47666666666667,-4.192333333333333,57.6481,3,1.5092290228238854,-70.6634,-14.2587,11.433,0.583,21.0207,46.821,1.2244,-1.5988,-1.3236,0.9731,0.0013
M00637,2026-09-22 14:54:45,S3,False,VIA-01-003,Vial,Aqueous injectable (0.9% NaCl base),Saline injectable,Expired (24 mo),,subtle,"ANT-A (double-ridged horn, ETS 3115)",1,23.94,68.4,S11,2800.0,3200.0,0.01,40001,2944.8414,-3.892,-9.92,38.6591,76.17,74.8751,0.1702,75.8004,2943.611066666667,40.9355,71.91666666666667,-3.792333333333333,76.24063333333334,3,6.074375574767549,1.2303,-2.2764,4.253,-0.1,-0.4402,0.203,-0.7191,-1.019,-0.8647,-1.4894,0.1202
M00638,2026-09-22 14:54:58,S3,False,AMP-05-004,Ampoule,Aqueous small-volume parenteral,Aqueous SVP,Expired (24 mo),,subtle,"ANT-A (double-ridged horn, ETS 3115)",1,24.61,53.7,S11,2800.0,3200.0,0.01,40001,3012.3839,-3.834,8.2,36.2402,83.12,75.2224,0.17521,74.2803,3006.3537333333334,36.362,82.70666666666666,-3.937,77.1179,3,3.358901542667364,6.0302,-0.1218,0.413,0.103,-2.8376,1.795,-0.9004,4.5112,-0.8647,-0.8384,-0.0755
M00639,2026-09-22 14:55:11,S3,False,EYE-11-002,Eyedrop,Carbomer gel-forming drops,Gel-forming ophthalmic,Substituted,Ethanol 95%,gross,ANT-B (directional dipole),6,25.2,40.0,S11,2800.0,3200.0,0.01,40001,3133.4635,-4.917,6.51,47.7657,65.6,21.3845,0.31,20.9477,3075.7427000000002,42.20536666666667,72.91666666666667,-3.987,59.66533333333333,3,1.9405959883499315,57.7208,5.5603,-7.317,-0.93,-38.7176,29.744,-0.9302,1.1233,-1.3236,-0.1084,0.1351
M00640,2026-09-22 14:55:24,S3,False,VIA-01-002,Vial,Aqueous injectable (0.9% NaCl base),Saline injectable,Photodegraded,,subtle,"ANT-A (double-ridged horn, ETS 3115)",2,25.08,57.9,S11,2800.0,3200.0,0.01,40001,2945.543,-4.004,-1.73,40.8264,72.15,73.9176,0.17024,75.5521,2946.3349,41.778933333333335,70.64666666666666,-3.9616666666666664,75.27243333333332,3,1.7026404552928778,-0.7919,-0.9525,1.503,-0.042,0.2797,0.465,-0.6633,-0.7608,1.996,-1.1992,-0.1477
M00641,2026-09-22 14:55:36,S3,False,VIA-04-002,Vial,Buffered protein formulation,Biologic solution,Fresh,,none,ANT-B (directional dipole),1,25.1,48.9,S11,2800.0,3200.0,0.01,40001,2943.6081,-3.621,1.08,48.0699,61.24,71.4699,0.16,70.8894,2946.0194666666666,48.63673333333333,60.576666666666675,-3.5573333333333337,70.0459,3,6.688132501926788,-2.4114,-0.5668,0.663,-0.064,0.8435,0.361,-0.7221,-1.5489,-0.9972,0.0935,0.2031
M00642,2026-09-22 14:55:49,S3,False,AMP-07-001,Ampoule,Ethanolic cosolvent 30%,Ethanolic injectable,Photodegraded,,subtle,ANT-B (directional dipole),10,23.98,49.5,S11,2800.0,3200.0,0.01,40001,3105.4342,-3.887,34.77,51.4145,60.4,28.5534,0.24034,25.5381,3104.5512333333336,53.32176666666667,58.24333333333334,-3.9156666666666666,25.92246666666667,3,7.085919800797684,0.883,-1.9073,2.157,0.029,-0.3844,0.125,0.1224,7.75,2.3219,-1.3241,0.0508
M00643,2026-09-22 14:56:02,S3,False,EYE-11-003,Eyedrop,Carbomer gel-forming drops,Gel-forming ophthalmic,Fresh,,none,"ANT-A (double-ridged horn, ETS 3115)",6,24.13,60.5,S11,2800.0,3200.0,0.01,40001,3097.2135,-3.783,24.77,32.8302,94.34,61.4291,0.205,56.6108,3090.2464999999997,32.57293333333334,94.94333333333333,-4.125,61.3906,3,5.017370118896931,6.967,0.2573,-0.603,0.342,-4.7798,1.389,-0.9366,7.3612,7.2171,0.0442,0.0065
M00644,2026-09-22 14:56:14,S3,False,EYE-09-001,Eyedrop,Aqueous ophthalmic + BAK preservative,Ophthalmic aqueous,Substituted,Empty / air,gross,"ANT-A (double-ridged horn, ETS 3115)",3,25.16,59.8,S11,2800.0,3200.0,0.01,40001,3177.4075,-2.4,-21.95,21.0776,150.75,1.0,0.0,3.8642,3072.0003999999994,29.982033333333334,102.54333333333334,-3.8043333333333336,73.17653333333334,3,2.834366791719126,105.4071,-8.9044,48.207,1.404,-69.3123,37.189,0.4017,-5.0097,-4.4578,0.06,-0.0445
M00645,2026-09-22 14:56:27,S3,False,VIA-02-002,Vial,Dextrose 5% injectable,Dextrose injectable,Fresh,,none,ANT-B (directional dipole),10,24.72,58.1,S11,2800.0,3200.0,0.01,40001,2945.6657,-3.629,6.16,47.1281,62.5,70.1063,0.155,69.3369,2947.8617666666664,47.740133333333326,61.82333333333333,-3.4766666666666666,68.57863333333334,3,5.84986037810602,-2.1961,-0.612,0.677,-0.152,0.7583,0.375,0.4257,2.938,2.3219,-0.1807,0.0589
M00646,2026-09-22 14:56:40,S3,False,AMP-06-004,Ampoule,Propylene glycol cosolvent 40%,Cosolvent injectable,Freeze-thaw cycled,,subtle,"ANT-A (double-ridged horn, ETS 3115)",6,25.46,62.6,S11,2800.0,3200.0,0.01,40001,3107.4237,-3.309,39.67,40.7058,76.34,38.0777,0.2202,31.9,3094.2628666666665,40.70586666666667,76.06666666666666,-4.290666666666667,37.5896,3,4.911327455315147,13.1608,-0.0001,0.273,0.982,-5.6896,2.68,0.392,12.8464,7.2171,-0.6393,-0.0379
M00647,2026-09-22 14:56:52,S3,False,VIA-01-004,Vial,Aqueous injectable (0.9% NaCl base),Saline injectable,Expired (24 mo),,subtle,"ANT-A (double-ridged horn, ETS 3115)",7,23.84,63.2,S11,2800.0,3200.0,0.01,40001,2953.9441,-3.357,42.9,43.2189,68.35,74.5695,0.1702,72.5929,2946.515266666667,40.158433333333335,73.38333333333333,-3.894,75.2094,3,3.0051414780895436,7.4288,3.0605,-5.033,0.537,-2.6165,2.472,0.8702,10.324,4.0178,-1.0272,-0.128
M00648,2026-09-22 14:57:05,S3,False,VIA-03-001,Vial,Reconstituted lyophilised antibiotic,Reconstituted powder,Substituted,Ethanol 95%,gross,"ANT-A (double-ridged horn, ETS 3115)",5,24.12,46.3,S11,2800.0,3200.0,0.01,40001,3112.2218,-5.164,-2.93,59.4543,52.35,21.4681,0.31,21.5177,2967.614133333334,42.806533333333334,69.33999999999999,-3.9659999999999997,68.74183333333333,3,5.136421926140071,144.6077,16.6478,-16.99,-1.198,-47.2241,28.153,1.2065,0.0211,-0.9385,-0.9983,0.0524
M00649,2026-09-22 14:57:18,S3,False,SYR-12-002,Syrup,Sucrose-based paediatric syrup 65% w/v,Sucrose syrup,Substituted,Glycerol,gross,ANT-B (directional dipole),5,24.25,53.6,S11,2800.0,3200.0,0.01,40001,3111.8255,-4.854,15.43,96.4646,32.26,14.84,0.42,13.5518,3000.8172,64.25143333333334,46.71666666666667,-4.163,42.201433333333334,3,1.319799534020082,111.0083,32.2132,-14.457,-0.691,-28.6496,84.11,-0.7037,6.6428,3.0499,-0.6258,-0.1161
M00650,2026-09-22 14:57:31,S3,False,AMP-07-004,Ampoule,Ethanolic cosolvent 30%,Ethanolic injectable,Expired (24 mo),,subtle,ANT-B (directional dipole),10,24.84,57.6,S11,2800.0,3200.0,0.01,40001,3106.2036,-4.082,9.44,52.0767,59.65,26.806,0.24029,25.2094,3106.392533333333,52.5505,59.13333333333333,-4.080333333333333,25.130366666666664,3,3.4500218265010516,-0.1889,-0.4738,0.517,-0.002,0.079,0.055,0.2657,3.249,2.3219,-0.4774,-0.0111
M00651,2026-09-22 14:57:43,S3,False,VIA-01-002,Vial,Aqueous injectable (0.9% NaCl base),Saline injectable,Fresh,,none,ANT-B (directional dipole),9,25.7,60.9,S11,2800.0,3200.0,0.01,40001,2939.2658,-3.499,23.31,48.1944,60.99,73.8564,0.17,72.0406,2930.803633333333,50.86686666666666,57.61666666666667,-3.644666666666667,75.039,3,6.99603640809112,8.4622,-2.6725,3.373,0.146,-2.9984,1.21,-0.6633,7.6625,-1.2437,-0.1183,0.1116
M00652,2026-09-22 14:57:56,S3,False,EYE-10-002,Eyedrop,HPMC viscous artificial tears,Viscous ophthalmic,Expired (24 mo),,subtle,ANT-B (directional dipole),4,25.38,64.1,S11,2800.0,3200.0,0.01,40001,3068.9546,-3.841,13.34,41.3844,74.16,65.721,0.19523,62.8738,3066.851666666667,41.4506,74.0,-3.7143333333333337,64.3171,3,8.52828603081171,2.1029,-0.0662,0.16,-0.127,-1.4433,0.247,-1.1341,4.4828,-0.0577,-0.9775,-0.1034
M00653,2026-09-22 14:58:09,S3,False,VIA-01-002,Vial,Aqueous injectable (0.9% NaCl base),Saline injectable,Expired (24 mo),,subtle,"ANT-A (double-ridged horn, ETS 3115)",3,24.88,61.6,S11,2800.0,3200.0,0.01,40001,2942.9728,-3.98,-11.47,42.6741,68.96,73.985,0.1702,76.4625,2946.3349,41.778933333333335,70.64666666666666,-3.9616666666666664,75.27243333333332,3,1.7026404552928778,-3.3621,0.8952,-1.687,-0.018,1.1901,1.975,-0.6633,-2.9729,-4.4578,-1.4847,-0.0273
M00654,2026-09-22 14:58:21,S3,False,EYE-11-002,Eyedrop,Carbomer gel-forming drops,Gel-forming ophthalmic,Expired (24 mo),,subtle,ANT-B (directional dipole),3,25.44,61.8,S11,2800.0,3200.0,0.01,40001,3078.4538,-3.819,16.39,43.9547,70.04,60.8838,0.20525,57.7971,3075.7427000000002,42.20536666666667,72.91666666666667,-3.987,59.66533333333333,3,1.9405959883499315,2.7111,1.7493,-2.877,0.168,-1.8682,1.397,-0.9302,4.9659,6.0478,-0.9908,0.1844
M00655,2026-09-22 14:58:34,S3,False,VIA-03-002,Vial,Reconstituted lyophilised antibiotic,Reconstituted powder,Substituted,Glycerol,gross,ANT-B (directional dipole),7,24.28,59.3,S11,2800.0,3200.0,0.01,40001,3108.0533,-4.845,-30.6,79.0002,39.34,14.8383,0.42,17.5849,2952.1005999999998,51.776199999999996,57.01666666666667,-3.779666666666667,68.45603333333334,3,3.9584438242825883,155.9527,27.224,-17.677,-1.065,-50.8711,39.397,-2.8023,-7.4177,-6.291,0.6083,0.0195
M00656,2026-09-22 14:58:47,S3,False,AMP-08-001,Ampoule,Sesame oil vehicle (depot),Oil-based depot,Photodegraded,,subtle,ANT-B (directional dipole),2,23.86,55.1,S11,2800.0,3200.0,0.01,40001,3156.097,-2.464,-6.75,32.3631,97.52,2.7668,0.00801,4.4445,3163.2669,31.870566666666665,99.25333333333333,-2.4623333333333335,1.5051333333333332,3,3.2667594233428168,-7.1699,0.4925,-1.733,-0.002,2.9394,2.195,0.1027,-3.5118,1.9516,-0.787,0.0859
M00657,2026-09-22 14:58:59,S3,False,VIA-01-002,Vial,Aqueous injectable (0.9% NaCl base),Saline injectable,Expired (24 mo),,subtle,ANT-B (directional dipole),10,25.15,59.1,S11,2800.0,3200.0,0.01,40001,2935.922,-3.67,20.61,49.5534,59.25,73.9131,0.1702,73.22,2930.803633333333,50.86686666666666,57.61666666666667,-3.644666666666667,75.039,3,6.99603640809112,5.1184,-1.3135,1.633,-0.025,-1.819,0.732,-0.6633,5.7628,2.3219,-1.3067,0.0171
M00658,2026-09-22 14:59:12,S3,False,AMP-08-002,Ampoule,Sesame oil vehicle (depot),Oil-based depot,Heat-stressed 60C,,subtle,"ANT-A (double-ridged horn, ETS 3115)",7,24.1,51.8,S11,2800.0,3200.0,0.01,40001,3180.2401,-2.468,11.31,22.3212,142.48,2.9823,0.00801,1.7152,3172.689966666667,22.79103333333333,139.46333333333334,-2.474,4.797533333333333,3,2.3275452784709505,7.5501,-0.4698,3.017,0.006,-3.0823,3.244,-1.6192,6.1504,4.0178,-1.3759,0.0447
M00659,2026-09-22 14:59:25,S3,False,EYE-09-001,Eyedrop,Aqueous ophthalmic + BAK preservative,Ophthalmic aqueous,Expired (24 mo),,subtle,ANT-B (directional dipole),4,24.54,44.1,S11,2800.0,3200.0,0.01,40001,3050.4029,-3.494,-21.85,38.613,79.0,71.7182,0.1652,76.4524,3059.865,38.950266666666664,78.58,-3.5749999999999997,69.88656666666667,3,7.856359159305232,-9.4621,-0.3373,0.42,0.081,6.5658,1.204,0.4017,-7.1814,-0.0577,-1.5871,0.0915
M00660,2026-09-22 14:59:38,S3,False,EYE-10-003,Eyedrop,HPMC viscous artificial tears,Viscous ophthalmic,Heat-stressed 60C,,subtle,ANT-B (directional dipole),9,25.63,55.7,S11,2800.0,3200.0,0.01,40001,3064.9181,-3.936,3.51,41.2369,74.32,65.589,0.19535,65.6159,3066.2057666666665,40.86986666666667,75.16333333333334,-3.7533333333333334,64.74943333333333,3,6.528731848018948,-1.2877,0.367,-0.843,-0.183,0.8665,0.197,1.9602,1.549,-1.2437,-0.8576,0.1344
M00661,2026-09-22 14:59:50,S3,False,VIA-04-002,Vial,Buffered protein formulation,Biologic solution,Photodegraded,,subtle,"ANT-A (double-ridged horn, ETS 3115)",2,24.09,59.6,S11,2800.0,3200.0,0.01,40001,2960.0759,-3.882,8.78,37.7084,78.5,71.6288,0.16022,70.823,2961.469833333333,37.91363333333333,78.12666666666667,-3.8386666666666667,70.3356,3,2.421726991907314,-1.3939,-0.2052,0.373,-0.043,0.4874,0.576,-0.7221,0.8467,1.996,-1.3354,-0.139
M00662,2026-09-22 15:00:03,S3,False,AMP-07-003,Ampoule,Ethanolic cosolvent 30%,Ethanolic injectable,Expired (24 mo),,subtle,ANT-B (directional dipole),4,24.19,58.1,S11,2800.0,3200.0,0.01,40001,3098.0307,-4.078,-2.23,51.3523,60.33,27.9797,0.24029,28.7131,3108.5165,51.5277,60.35999999999999,-3.8446666666666665,24.233566666666665,3,8.836961850658808,-10.4858,-0.1754,-0.03,-0.233,4.4795,1.187,0.802,-2.6653,-0.0577,-0.3921,0.1058
M00663,2026-09-22 15:00:16,S3,False,SYR-12-002,Syrup,Sucrose-based paediatric syrup 65% w/v,Sucrose syrup,Heat-stressed 60C,,subtle,"ANT-A (double-ridged horn, ETS 3115)",7,24.03,48.4,S11,2800.0,3200.0,0.01,40001,3019.6831,-4.118,24.55,56.2579,53.68,43.0062,0.23542,41.5865,3013.720633333334,56.308400000000006,53.57333333333333,-4.443666666666666,43.20446666666667,3,3.3756423526986006,5.9625,-0.0505,0.107,0.326,-1.618,1.766,-0.7037,7.0963,4.0178,-1.47,0.1474
M00664,2026-09-22 15:00:28,S3,False,VIA-01-003,Vial,Aqueous injectable (0.9% NaCl base),Saline injectable,Fresh,,none,ANT-B (directional dipole),8,23.74,58.2,S11,2800.0,3200.0,0.01,40001,2932.2126,-3.762,12.18,48.3275,60.67,75.0182,0.17,74.533,2935.1155,49.16716666666667,59.71666666666667,-3.6523333333333334,73.5083,3,5.238887417190923,-2.9029,-0.8397,0.953,-0.11,1.0247,0.554,-0.7191,1.2838,-0.5187,0.1194,0.1949
M00665,2026-09-22 15:00:41,S3,False,AMP-07-004,Ampoule,Ethanolic cosolvent 30%,Ethanolic injectable,Fresh,,none,"ANT-A (double-ridged horn, ETS 3115)",10,24.5,50.2,S11,2800.0,3200.0,0.01,40001,3118.8065,-4.584,-5.85,43.0943,72.37,26.871,0.24,27.1564,3120.3013666666666,41.6603,74.92,-4.652666666666667,26.51953333333333,3,1.4298641835268862,-1.4949,1.434,-2.55,0.069,0.6369,1.045,0.2657,-1.7433,-0.4772,0.0815,0.0152
M00666,2026-09-22 15:00:54,S3,False,VIA-01-001,Vial,Aqueous injectable (0.9% NaCl base),Saline injectable,Expired (24 mo),,subtle,"ANT-A (double-ridged horn, ETS 3115)",5,24.03,52.6,S11,2800.0,3200.0,0.01,40001,2951.957,-3.89,9.92,41.3391,71.41,73.6307,0.1702,73.2906,2950.086633333334,40.81,72.29,-3.9019999999999997,73.95043333333332,3,3.9960497448523045,1.8704,0.5291,-0.88,0.012,-0.6598,0.468,0.3526,2.3047,-0.9385,-1.6499,0.051
M00667,2026-09-22 15:01:06,S3,False,EYE-10-003,Eyedrop,HPMC viscous artificial tears,Viscous ophthalmic,Heat-stressed 60C,,subtle,"ANT-A (double-ridged horn, ETS 3115)",10,24.57,60.0,S11,2800.0,3200.0,0.01,40001,3082.3761,-4.273,12.88,32.1046,96.01,65.839,0.19535,65.2716,3081.4524333333334,31.8485,96.75999999999999,-4.264,65.897,3,0.8321338494097374,0.9237,0.2561,-0.75,-0.009,-0.6254,1.11,1.9602,3.7173,-0.4772,-1.9646,-0.0234
M00668,2026-09-22 15:01:19,S3,False,VIA-03-001,Vial,Reconstituted lyophilised antibiotic,Reconstituted powder,Fresh,,none,ANT-B (directional dipole),7,24.64,64.1,S11,2800.0,3200.0,0.01,40001,2946.5561,-3.662,-22.69,50.6536,58.17,67.9193,0.185,70.4128,2956.3107,52.3683,56.47666666666667,-3.7916666666666665,66.97486666666667,3,2.1657838049998444,-9.7546,-1.7147,1.693,0.13,3.4379,4.504,1.2065,-7.201,-6.291,0.0173,0.1692
M00669,2026-09-22 15:01:32,S3,False,VIA-02-001,Vial,Dextrose 5% injectable,Dextrose injectable,Heat-stressed 60C,,subtle,ANT-B (directional dipole),4,24.35,65.2,S11,2800.0,3200.0,0.01,40001,2947.3692,-3.595,12.47,50.1721,58.75,70.3055,0.15528,68.7454,2945.6589,47.14966666666667,62.47666666666667,-3.5340000000000003,69.3435,3,6.037313550744153,1.7103,3.0224,-3.727,-0.061,-0.5981,0.283,0.8112,3.1443,-0.0577,-1.007,-0.2475
M00670,2026-09-22 15:01:45,S3,False,AMP-08-001,Ampoule,Sesame oil vehicle (depot),Oil-based depot,Fresh,,none,"ANT-A (double-ridged horn, ETS 3115)",5,24.27,64.2,S11,2800.0,3200.0,0.01,40001,3175.2491,-2.477,-2.46,22.0375,144.08,2.7706,0.008,3.7498,3173.7732666666666,22.3832,141.81333333333336,-2.472,4.353766666666666,3,1.9003076917523627,1.4758,-0.3457,2.267,-0.005,-0.604,0.777,0.1027,-2.4523,-0.9385,-0.0131,-0.0621
M00671,2026-09-22 15:01:57,S3,False,VIA-03-003,Vial,Reconstituted lyophilised antibiotic,Reconstituted powder,Heat-stressed 60C,,subtle,ANT-B (directional dipole),2,24.93,59.8,S11,2800.0,3200.0,0.01,40001,2959.7116,-3.791,18.58,50.7001,58.38,67.5702,0.18533,65.7835,2960.3872333333334,50.44873333333334,58.73666666666667,-3.766,65.54873333333335,3,3.3440330475839035,-0.6756,0.2514,-0.357,-0.025,0.2348,0.202,-0.433,2.9525,1.9516,-1.3772,0.0153
M00672,2026-09-22 15:02:10,S3,False,VIA-02-001,Vial,Dextrose 5% injectable,Dextrose injectable,Fresh,,none,"ANT-A (double-ridged horn, ETS 3115)",5,24.76,53.8,S11,2800.0,3200.0,0.01,40001,2963.533,-3.8,7.78,37.4606,79.11,70.3294,0.155,68.7921,2959.6769,39.059599999999996,75.86666666666666,-3.685333333333334,70.12873333333333,3,5.507539468764639,3.8561,-1.599,3.243,-0.115,-1.3366,0.7,0.8112,1.732,-0.9385,0.0494,0.0563
M00673,2026-09-22 15:02:23,S3,False,EYE-10-003,Eyedrop,HPMC viscous artificial tears,Viscous ophthalmic,Expired (24 mo),,subtle,ANT-B (directional dipole),10,25.37,45.3,S11,2800.0,3200.0,0.01,40001,3066.8126,-3.856,12.28,43.0618,71.22,65.6911,0.19523,64.3275,3066.2057666666665,40.86986666666667,75.16333333333334,-3.7533333333333334,64.74943333333333,3,6.528731848018948,0.6068,2.1919,-3.943,-0.103,-0.4219,0.093,1.9602,3.6679,2.3219,-0.854,0.0605
M00674,2026-09-22 15:02:35,S3,False,VIA-01-002,Vial,Aqueous injectable (0.9% NaCl base),Saline injectable,Fresh,,none,"ANT-A (double-ridged horn, ETS 3115)",7,24.11,53.5,S11,2800.0,3200.0,0.01,40001,2950.7854,-3.884,22.29,42.2471,69.85,74.278,0.17,73.7026,2946.3349,41.778933333333335,70.64666666666666,-3.9616666666666664,75.27243333333332,3,1.7026404552928778,4.4505,0.4682,-0.797,0.078,-1.5698,2.614,-0.6633,4.0755,4.0178,0.0367,0.053
M00675,2026-09-22 15:02:48,S3,False,VIA-03-004,Vial,Reconstituted lyophilised antibiotic,Reconstituted powder,Substituted,Diluted 2x with water,gross,"ANT-A (double-ridged horn, ETS 3115)",6,24.64,53.6,S11,2800.0,3200.0,0.01,40001,2962.0691,-3.604,26.29,40.8202,72.56,72.5659,0.171,70.6883,2964.7493,42.90436666666667,69.14333333333333,-4.026,69.74486666666667,3,1.5596644286511203,-2.6802,-2.0842,3.417,0.422,0.9434,1.718,-1.1552,7.7003,7.2171,0.7504,-0.1006
M00676,2026-09-22 15:03:01,S3,False,AMP-05-002,Ampoule,Aqueous small-volume parenteral,Aqueous SVP,Heat-stressed 60C,,subtle,ANT-B (directional dipole),4,25.1,66.1,S11,2800.0,3200.0,0.01,40001,2994.9589,-3.796,-3.37,44.5544,67.22,74.8973,0.17531,74.685,2998.8361,44.1175,68.0,-3.679,72.86026666666667,3,2.832117742962081,-3.8772,0.4369,-0.78,-0.117,1.8247,1.369,-0.1511,1.3914,-0.0577,-1.6042,0.0723
M00677,2026-09-22 15:03:13,S3,False,AMP-05-001,Ampoule,Aqueous small-volume parenteral,Aqueous SVP,Expired (24 mo),,subtle,"ANT-A (double-ridged horn, ETS 3115)",1,25.36,51.2,S11,2800.0,3200.0,0.01,40001,3007.2204,-4.087,-8.73,34.7794,86.47,74.5372,0.17521,76.7075,3008.1085000000003,36.2857,82.90333333333332,-3.8143333333333334,76.29453333333333,3,5.854424420043359,-0.8881,-1.5063,3.567,-0.273,0.413,0.152,-0.6105,-3.0252,-0.8647,-0.3055,-0.0852
M00678,2026-09-22 15:03:26,S3,False,VIA-02-002,Vial,Dextrose 5% injectable,Dextrose injectable,Fresh,,none,ANT-B (directional dipole),2,25.13,53.9,S11,2800.0,3200.0,0.01,40001,2952.5234,-3.325,13.34,49.8384,59.24,70.004,0.155,66.9622,2947.8617666666664,47.740133333333326,61.82333333333333,-3.4766666666666666,68.57863333333334,3,5.84986037810602,4.6616,2.0983,-2.583,0.152,-1.6164,0.797,0.4257,9.469,1.9516,-0.1255,0.0355
M00679,2026-09-22 15:03:39,S3,False,AMP-07-001,Ampoule,Ethanolic cosolvent 30%,Ethanolic injectable,Heat-stressed 60C,,subtle,ANT-B (directional dipole),6,24.42,53.9,S11,2800.0,3200.0,0.01,40001,3096.497,-4.293,6.15,51.8245,59.75,28.4966,0.24043,29.3737,3104.5512333333336,53.32176666666667,58.24333333333334,-3.9156666666666666,25.92246666666667,3,7.085919800797684,-8.0542,-1.4973,1.507,-0.377,3.4512,1.137,0.1224,-0.4348,-1.3236,-2.2099,0.053
M00680,2026-09-22 15:03:52,S3,False,VIA-02-004,Vial,Dextrose 5% injectable,Dextrose injectable,Expired (24 mo),,subtle,ANT-B (directional dipole),8,24.81,64.6,S11,2800.0,3200.0,0.01,40001,2938.8737,-3.695,2.3,48.4071,60.71,70.9551,0.15519,71.7052,2946.0145333333335,49.27976666666666,59.800000000000004,-3.5096666666666665,69.21756666666667,3,4.01818709162895,-7.1408,-0.8727,0.91,-0.185,2.4876,1.777,1.5589,-1.09,-0.5187,-1.4756,-0.1851
M00681,2026-09-22 15:04:04,S3,False,EYE-09-001,Eyedrop,Aqueous ophthalmic + BAK preservative,Ophthalmic aqueous,Fresh,,none,ANT-B (directional dipole),5,25.16,50.0,S11,2800.0,3200.0,0.01,40001,3065.5658,-3.617,18.33,42.1613,72.71,71.6435,0.165,65.9377,3059.865,38.950266666666664,78.58,-3.5749999999999997,69.88656666666667,3,7.856359159305232,5.7008,3.211,-5.87,-0.042,-3.9489,0.726,0.4017,6.4139,3.0499,0.0416,-0.076
M00682,2026-09-22 15:04:17,S3,False,VIA-02-002,Vial,Dextrose 5% injectable,Dextrose injectable,Photodegraded,,subtle,"ANT-A (double-ridged horn, ETS 3115)",9,24.51,52.4,S11,2800.0,3200.0,0.01,40001,2960.5793,-3.812,6.55,39.2558,75.42,70.0605,0.15522,69.8128,2958.4364333333338,38.30213333333333,77.33999999999999,-3.7336666666666667,70.55883333333334,3,5.615358601490375,2.1429,0.9537,-1.92,-0.078,-0.746,0.382,0.4257,2.2302,1.242,-0.7903,-0.1147
M00683,2026-09-22 15:04:30,S3,False,EYE-09-001,Eyedrop,Aqueous ophthalmic + BAK preservative,Ophthalmic aqueous,Expired (24 mo),,subtle,ANT-B (directional dipole),5,24.02,55.3,S11,2800.0,3200.0,0.01,40001,3057.636,-3.678,-6.47,39.2545,77.89,71.8534,0.1652,71.4171,3059.865,38.950266666666664,78.58,-3.5749999999999997,69.88656666666667,3,7.856359159305232,-2.229,0.3042,-0.69,-0.103,1.5305,0.284,0.4017,-0.3054,3.0499,-1.0548,0.1085
M00684,2026-09-22 15:04:42,S3,False,EYE-11-003,Eyedrop,Carbomer gel-forming drops,Gel-forming ophthalmic,Photodegraded,,subtle,"ANT-A (double-ridged horn, ETS 3115)",4,24.21,59.9,S11,2800.0,3200.0,0.01,40001,3092.8078,-4.219,18.8,33.4519,92.46,61.3263,0.20529,59.6261,3090.2464999999997,32.57293333333334,94.94333333333333,-4.125,61.3906,3,5.017370118896931,2.5613,0.879,-2.483,-0.094,-1.7645,0.51,-0.9366,3.9471,-0.2063,-0.9439,-0.1457
M00685,2026-09-22 15:04:55,S3,False,AMP-07-001,Ampoule,Ethanolic cosolvent 30%,Ethanolic injectable,Fresh,,none,"ANT-A (double-ridged horn, ETS 3115)",4,24.86,51.5,S11,2800.0,3200.0,0.01,40001,3116.0831,-4.573,-5.35,42.1056,74.01,28.5023,0.24,28.3195,3114.0538666666666,42.18503333333333,73.82666666666667,-4.559666666666667,29.188866666666666,3,2.2642032469134166,2.0292,-0.0794,0.183,-0.013,-0.8694,0.896,0.1224,-0.0948,-0.2063,0.0118,-0.0469
M00686,2026-09-22 15:05:08,S3,False,AMP-08-001,Ampoule,Sesame oil vehicle (depot),Oil-based depot,Expired (24 mo),,subtle,"ANT-A (double-ridged horn, ETS 3115)",2,24.71,51.4,S11,2800.0,3200.0,0.01,40001,3180.5842,-2.476,6.74,22.4693,141.55,2.7673,0.00801,1.5753,3173.7732666666666,22.3832,141.81333333333336,-2.472,4.353766666666666,3,1.9003076917523627,6.8109,0.0861,-0.263,-0.004,-2.7785,3.584,0.1027,3.2495,1.996,-0.6376,0.1876
M00687,2026-09-22 15:05:20,S3,False,AMP-07-003,Ampoule,Ethanolic cosolvent 30%,Ethanolic injectable,Fresh,,none,"ANT-A (double-ridged horn, ETS 3115)",10,25.37,48.0,S11,2800.0,3200.0,0.01,40001,3116.8541,-4.66,-9.43,42.0227,74.17,27.8949,0.24,27.9899,3115.8472333333334,41.6099,74.89,-4.494,28.422266666666662,3,3.7144493324492736,1.0069,0.4128,-0.72,-0.166,-0.4324,0.271,0.802,-1.5773,-0.4772,-0.0105,0.1181
M00688,2026-09-22 15:05:33,S3,False,VIA-02-003,Vial,Dextrose 5% injectable,Dextrose injectable,Photodegraded,,subtle,"ANT-A (double-ridged horn, ETS 3115)",1,24.34,60.4,S11,2800.0,3200.0,0.01,40001,2959.5534,-3.862,-4.14,39.7112,74.53,70.8438,0.15522,70.168,2961.5673666666667,38.934733333333334,76.07,-3.7976666666666667,69.4726,3,3.6970261837500664,-2.014,0.7765,-1.54,-0.064,0.6954,0.545,2.307,-0.5311,-0.8647,-1.5573,-0.037
M00689,2026-09-22 15:05:46,S3,False,VIA-02-003,Vial,Dextrose 5% injectable,Dextrose injectable,Expired (24 mo),,subtle,ANT-B (directional dipole),10,24.85,62.8,S11,2800.0,3200.0,0.01,40001,2939.4847,-3.484,-20.34,50.0182,58.77,70.7285,0.15519,71.4915,2945.010733333333,47.578833333333336,61.93333333333334,-3.558,69.56843333333333,3,5.7612525463941955,-5.526,2.4394,-3.163,0.074,1.9231,0.959,2.307,-5.1606,2.3219,-1.0947,0.0089
M00690,2026-09-22 15:05:59,S3,False,EYE-10-003,Eyedrop,HPMC viscous artificial tears,Viscous ophthalmic,Heat-stressed 60C,,subtle,ANT-B (directional dipole),3,23.83,67.6,S11,2800.0,3200.0,0.01,40001,3072.7988,-3.544,30.57,42.7064,71.95,66.0161,0.19535,60.2724,3066.2057666666665,40.86986666666667,75.16333333333334,-3.7533333333333334,64.74943333333333,3,6.528731848018948,6.593,1.8365,-3.213,0.209,-4.477,1.01,1.9602,10.4692,6.0478,-1.2021,0.0836
M00691,2026-09-22 15:06:11,S3,False,SYR-14-002,Syrup,"Suspension, antacid",Antacid suspension,Fresh,,none,ANT-B (directional dipole),9,23.69,61.0,S11,2800.0,3200.0,0.01,40001,2945.2499,-4.409,-4.05,67.6595,43.53,57.6881,0.25,57.4627,2946.7635333333333,65.11370000000001,45.36000000000001,-4.318333333333334,57.029333333333334,3,1.2711594326966795,-1.5136,2.5458,-1.83,-0.091,0.4334,1.191,-0.1467,0.3316,-1.2437,-0.0559,0.207
M00692,2026-09-22 15:06:24,S3,False,AMP-08-003,Ampoule,Sesame oil vehicle (depot),Oil-based depot,Heat-stressed 60C,,subtle,"ANT-A (double-ridged horn, ETS 3115)",7,24.65,61.9,S11,2800.0,3200.0,0.01,40001,3178.1807,-2.469,7.91,23.2493,136.7,3.4407,0.00801,2.5535,3173.7279333333336,22.4438,141.47,-2.4746666666666663,4.3728,3,2.761500217876818,4.4528,0.8055,-4.77,0.006,-1.8193,1.612,0.0599,3.2712,4.0178,-1.2074,-0.0003
M00693,2026-09-22 15:06:37,S3,False,AMP-06-001,Ampoule,Propylene glycol cosolvent 40%,Cosolvent injectable,Substituted,Ethanol 95%,gross,ANT-B (directional dipole),6,25.1,53.6,S11,2800.0,3200.0,0.01,40001,3114.3325,-4.737,-8.39,57.9906,53.7,21.3919,0.31,21.6595,3083.8266000000003,49.481433333333335,62.34,-3.8829999999999996,34.72483333333333,3,6.979905624004021,30.5059,8.5092,-8.64,-0.854,-13.0653,4.371,1.2262,-1.8222,-1.3236,-0.5357,0.0469
M00694,2026-09-22 15:06:49,S3,False,AMP-05-001,Ampoule,Aqueous small-volume parenteral,Aqueous SVP,Heat-stressed 60C,,subtle,ANT-B (directional dipole),3,24.35,55.8,S11,2800.0,3200.0,0.01,40001,2996.5211,-3.645,5.26,42.1652,71.07,74.7637,0.17531,73.9484,2995.553933333333,45.292766666666665,66.16666666666667,-3.642,74.41343333333333,3,7.624725378880016,0.9672,-3.1276,4.903,-0.003,-0.465,0.127,-0.6105,4.1981,6.0478,-1.2712,0.0004
M00695,2026-09-22 15:07:02,S3,False,VIA-03-003,Vial,Reconstituted lyophilised antibiotic,Reconstituted powder,Freeze-thaw cycled,,subtle,ANT-B (directional dipole),1,24.45,64.5,S11,2800.0,3200.0,0.01,40001,2959.1303,-3.788,10.85,50.1328,59.03,67.7483,0.18517,65.9868,2960.3872333333334,50.44873333333334,58.73666666666667,-3.766,65.54873333333335,3,3.3440330475839035,-1.2569,-0.3159,0.293,-0.022,0.4381,0.376,-0.433,2.4854,-0.9972,-1.0184,0.0404
M00696,2026-09-22 15:07:15,S3,False,AMP-06-002,Ampoule,Propylene glycol cosolvent 40%,Cosolvent injectable,Substituted,Distilled water,gross,"ANT-A (double-ridged horn, ETS 3115)",4,25.3,58.7,S11,2800.0,3200.0,0.01,40001,3007.5388,-3.881,-3.71,33.6246,89.44,77.416,0.157,76.942,3091.9072,41.02533333333333,75.53333333333333,-4.282,38.61493333333333,3,4.781933739608016,-84.3684,-7.4007,13.907,0.401,38.3271,17.643,0.8601,0.9708,-0.2063,-1.3802,0.0889
M00697,2026-09-22 15:07:27,S3,False,VIA-02-002,Vial,Dextrose 5% injectable,Dextrose injectable,Expired (24 mo),,subtle,ANT-B (directional dipole),10,24.3,57.8,S11,2800.0,3200.0,0.01,40001,2935.4148,-3.528,-19.8,48.0764,61.06,70.1273,0.15519,72.9176,2947.8617666666664,47.740133333333326,61.82333333333333,-3.4766666666666666,68.57863333333334,3,5.84986037810602,-12.447,0.3363,-0.763,-0.051,4.339,2.128,0.4257,-6.306,2.3219,-0.9944,-0.0738
M00698,2026-09-22 15:07:40,S3,False,SYR-14-001,Syrup,"Suspension, antacid",Antacid suspension,Fresh,,none,ANT-B (directional dipole),1,25.4,53.8,S11,2800.0,3200.0,0.01,40001,2941.8703,-4.211,-3.53,66.3818,44.32,57.6248,0.25,58.433,2944.604033333333,64.75643333333333,45.47666666666667,-4.192333333333333,57.6481,3,1.5092290228238854,-2.7337,1.6254,-1.157,-0.019,0.7849,1.811,1.2244,-1.1091,-0.9972,-0.0073,0.0681
M00699,2026-09-22 15:07:53,S3,False,VIA-02-003,Vial,Dextrose 5% injectable,Dextrose injectable,Substituted,Glycerol,gross,ANT-B (directional dipole),6,24.73,60.3,S11,2800.0,3200.0,0.01,40001,3128.5986,-4.66,22.41,84.8881,36.86,14.8144,0.42,11.236,2945.010733333333,47.578833333333336,61.93333333333334,-3.558,69.56843333333333,3,5.7612525463941955,183.5879,37.3093,-25.073,-1.102,-58.3324,31.866,2.307,8.7298,-1.3236,0.7598,0.0557
M00700,2026-09-22 15:08:06,S3,False,SYR-14-003,Syrup,"Suspension, antacid",Antacid suspension,Substituted,Glycerol,gross,"ANT-A (double-ridged horn, ETS 3115)",1,24.36,51.5,S11,2800.0,3200.0,0.01,40001,3119.6699,-5.545,-15.03,85.5502,36.47,14.8343,0.42,15.7563,2956.6801666666665,59.51773333333333,49.68,-4.269666666666667,58.855133333333335,3,6.802436622515,162.9897,26.0325,-13.21,-1.275,-43.0988,23.96,2.4849,-5.3521,-0.8647,-0.7753,0.14
M00701,2026-09-22 15:08:18,S3,False,SYR-13-003,Syrup,Sorbitol sugar-free syrup,Sorbitol syrup,Heat-stressed 60C,,subtle,ANT-B (directional dipole),4,24.06,55.3,S11,2800.0,3200.0,0.01,40001,2950.1858,-4.037,-20.43,63.5515,46.42,54.9582,0.21539,56.8686,2954.9108666666666,63.07136666666667,46.85666666666666,-3.827666666666667,55.511300000000006,3,8.458686743421389,-4.7251,0.4801,-0.437,-0.209,1.3573,0.559,0.0738,-4.2111,-0.0577,-1.4468,0.0061
M00702,2026-09-22 15:08:31,S3,False,SYR-13-003,Syrup,Sorbitol sugar-free syrup,Sorbitol syrup,Freeze-thaw cycled,,subtle,"ANT-A (double-ridged horn, ETS 3115)",4,25.27,65.5,S11,2800.0,3200.0,0.01,40001,2974.6065,-4.32,7.15,52.0806,57.12,54.7707,0.21519,54.545,2969.791533333333,50.919900000000005,58.34,-4.188666666666666,55.925333333333334,3,5.0048180689545285,4.815,1.1607,-1.22,-0.131,-1.3803,0.962,0.0738,2.7166,-0.2063,-1.0062,0.0539
M00703,2026-09-22 15:08:44,S3,False,EYE-10-003,Eyedrop,HPMC viscous artificial tears,Viscous ophthalmic,Heat-stressed 60C,,subtle,"ANT-A (double-ridged horn, ETS 3115)",5,24.8,65.0,S11,2800.0,3200.0,0.01,40001,3077.4002,-4.193,-5.43,34.1991,89.98,65.7865,0.19535,68.6464,3081.4524333333334,31.8485,96.75999999999999,-4.264,65.897,3,0.8321338494097374,-4.0522,2.3506,-6.78,0.071,2.7494,4.87,1.9602,-1.9675,-0.9385,-1.3766,0.0178
M00704,2026-09-22 15:08:56,S3,False,AMP-05-002,Ampoule,Aqueous small-volume parenteral,Aqueous SVP,Expired (24 mo),,subtle,"ANT-A (double-ridged horn, ETS 3115)",4,26.23,57.4,S11,2800.0,3200.0,0.01,40001,3008.376,-3.982,-16.99,34.8647,86.29,74.638,0.17521,76.1632,3009.5727666666667,36.064766666666664,83.47333333333333,-3.9596666666666667,75.60163333333334,3,3.013810493931699,-1.1968,-1.2001,2.817,-0.022,0.5616,0.397,-0.1511,-2.8885,-0.2063,-0.9986,0.0496
M00705,2026-09-22 15:09:09,S3,False,EYE-10-001,Eyedrop,HPMC viscous artificial tears,Viscous ophthalmic,Expired (24 mo),,subtle,ANT-B (directional dipole),4,24.36,56.1,S11,2800.0,3200.0,0.01,40001,3054.6201,-3.76,-23.57,42.2311,72.33,66.7741,0.19523,72.6608,3064.583166666667,40.65003333333333,75.46333333333332,-3.8313333333333333,65.85106666666667,3,5.6774751873817335,-9.9631,1.5811,-3.133,0.071,6.8097,1.755,0.1182,-7.2293,-0.0577,-1.2618,0.0079
M00706,2026-09-22 15:09:22,S3,False,AMP-08-003,Ampoule,Sesame oil vehicle (depot),Oil-based depot,Fresh,,none,ANT-B (directional dipole),4,25.3,63.5,S11,2800.0,3200.0,0.01,40001,3157.9814,-2.467,-3.48,33.5749,94.06,3.4469,0.008,3.6696,3159.2879,32.9908,95.78333333333335,-2.464,3.1336333333333335,3,1.667770298932061,-1.3065,0.5841,-1.723,-0.003,0.536,0.783,0.0599,-0.873,-0.0577,0.0212,0.1983
M00707,2026-09-22 15:09:34,S3,False,SYR-14-002,Syrup,"Suspension, antacid",Antacid suspension,Fresh,,none,ANT-B (directional dipole),7,24.19,49.7,S11,2800.0,3200.0,0.01,40001,2937.0898,-4.042,-26.13,64.6988,45.4,57.5841,0.25,59.8113,2946.7635333333333,65.11370000000001,45.36000000000001,-4.318333333333334,57.029333333333334,3,1.2711594326966795,-9.6737,-0.4149,0.04,0.276,2.782,7.61,-0.1467,-8.1496,-6.291,0.1383,-0.0279
M00708,2026-09-22 15:09:47,S3,False,VIA-03-002,Vial,Reconstituted lyophilised antibiotic,Reconstituted powder,Substituted,Ethanol 95%,gross,"ANT-A (double-ridged horn, ETS 3115)",6,24.9,57.7,S11,2800.0,3200.0,0.01,40001,3120.6137,-3.935,27.39,64.6584,48.26,21.4076,0.31,18.9771,2965.7019333333337,42.46866666666667,69.83999999999999,-4.0809999999999995,69.41096666666667,3,3.1864565340410076,154.9118,22.1897,-21.58,0.146,-50.4339,48.616,-2.8023,10.763,7.2171,-0.4229,-0.165
M00709,2026-09-22 15:10:00,S3,False,VIA-02-001,Vial,Dextrose 5% injectable,Dextrose injectable,Heat-stressed 60C,,subtle,"ANT-A (double-ridged horn, ETS 3115)",10,24.59,67.2,S11,2800.0,3200.0,0.01,40001,2960.5467,-3.755,-0.46,37.7373,78.45,70.2449,0.15528,69.8241,2959.6769,39.059599999999996,75.86666666666666,-3.685333333333334,70.12873333333333,3,5.507539468764639,0.8698,-1.3223,2.583,-0.07,-0.3046,0.158,0.8112,-0.0586,-0.4772,-1.4418,0.1096
M00710,2026-09-22 15:10:13,S3,False,VIA-02-001,Vial,Dextrose 5% injectable,Dextrose injectable,Fresh,,none,"ANT-A (double-ridged horn, ETS 3115)",2,25.43,36.6,S11,2800.0,3200.0,0.01,40001,2966.362,-3.701,7.31,37.0196,80.13,70.1583,0.155,67.8174,2959.6769,39.059599999999996,75.86666666666666,-3.685333333333334,70.12873333333333,3,5.507539468764639,6.6851,-2.04,4.263,-0.016,-2.3113,1.214,0.8112,4.1999,1.996,-0.2026,0.179
M00711,2026-09-22 15:10:25,S3,False,SYR-14-002,Syrup,"Suspension, antacid",Antacid suspension,Expired (24 mo),,subtle,"ANT-A (double-ridged horn, ETS 3115)",1,25.28,50.5,S11,2800.0,3200.0,0.01,40001,2961.4461,-4.476,-4.18,55.9359,52.94,57.2911,0.2503,57.4887,2962.2616666666668,57.2963,51.71,-4.25,57.26213333333334,3,7.751373463027962,-0.8156,-1.3604,1.23,-0.226,0.2266,0.105,-0.1467,0.3144,-0.8647,-1.3547,0.0435
M00712,2026-09-22 15:10:38,S3,False,SYR-14-002,Syrup,"Suspension, antacid",Antacid suspension,Fresh,,none,ANT-B (directional dipole),6,24.42,54.6,S11,2800.0,3200.0,0.01,40001,2942.206,-4.172,-16.38,63.0312,46.68,57.5373,0.25,58.3365,2946.7635333333333,65.11370000000001,45.36000000000001,-4.318333333333334,57.029333333333334,3,1.2711594326966795,-4.5575,-2.0825,1.32,0.146,1.3072,3.585,-0.1467,-2.7048,-1.3236,-0.2935,-0.0876
M00713,2026-09-22 15:10:51,S3,False,VIA-01-004,Vial,Aqueous injectable (0.9% NaCl base),Saline injectable,Photodegraded,,subtle,"ANT-A (double-ridged horn, ETS 3115)",5,24.54,60.6,S11,2800.0,3200.0,0.01,40001,2943.192,-3.961,-9.68,40.1432,73.32,74.3667,0.17024,76.3847,2946.515266666667,40.158433333333335,73.38333333333333,-3.894,75.2094,3,3.0051414780895436,-3.3233,-0.0152,-0.063,-0.067,1.1753,1.106,0.8702,-1.1974,-0.9385,-1.0493,0.0787
M00714,2026-09-22 15:11:03,S3,False,VIA-01-004,Vial,Aqueous injectable (0.9% NaCl base),Saline injectable,Heat-stressed 60C,,subtle,ANT-B (directional dipole),6,25.43,65.3,S11,2800.0,3200.0,0.01,40001,2921.5661,-3.58,-25.66,48.5776,60.14,74.0987,0.17031,78.3295,2930.8251999999998,50.21966666666666,58.48666666666667,-3.6183333333333336,75.03383333333333,3,8.336984968200335,-9.2591,-1.6421,1.653,0.038,3.2957,1.111,0.8702,-6.5453,-1.3236,-1.8378,0.014
M00715,2026-09-22 15:11:16,S3,False,AMP-06-004,Ampoule,Propylene glycol cosolvent 40%,Cosolvent injectable,Heat-stressed 60C,,subtle,ANT-B (directional dipole),6,24.62,58.4,S11,2800.0,3200.0,0.01,40001,3071.6365,-3.938,-18.37,49.531,62.01,38.1582,0.2204,40.0453,3078.955,49.89116666666666,61.74333333333334,-3.9756666666666667,36.84493333333333,3,6.260758193701545,-7.3185,-0.3602,0.267,0.038,3.2004,1.169,0.392,-4.9547,-1.3236,-1.3828,-0.0792
M00716,2026-09-22 15:11:29,S3,False,AMP-07-004,Ampoule,Ethanolic cosolvent 30%,Ethanolic injectable,Fresh,,none,"ANT-A (double-ridged horn, ETS 3115)",4,24.79,53.0,S11,2800.0,3200.0,0.01,40001,3119.7433,-4.703,1.54,43.1635,72.28,26.8433,0.24,26.757,3120.3013666666666,41.6603,74.92,-4.652666666666667,26.51953333333333,3,1.4298641835268862,-0.5581,1.5032,-2.64,-0.05,0.2375,0.39,0.2657,-0.4094,-0.2063,-0.3336,-0.0311
M00717,2026-09-22 15:11:41,S3,False,VIA-04-001,Vial,Buffered protein formulation,Biologic solution,Substituted,Empty / air,gross,ANT-B (directional dipole),6,25.08,75.7,S11,2800.0,3200.0,0.01,40001,3171.5586,-2.4,26.36,30.2624,104.8,1.0,0.0,-0.9956,2941.772033333333,49.41329999999999,59.53333333333333,-3.6016666666666666,71.54116666666667,3,5.833655945745665,229.7866,-19.1509,45.267,1.202,-72.5368,39.39,0.2135,6.1993,-1.3236,0.6488,-0.003
M00718,2026-09-22 15:11:54,S3,False,AMP-06-002,Ampoule,Propylene glycol cosolvent 40%,Cosolvent injectable,Fresh,,none,ANT-B (directional dipole),4,24.79,65.7,S11,2800.0,3200.0,0.01,40001,3075.6346,-4.051,-4.78,52.2207,58.9,38.5886,0.22,38.2911,3075.3802666666666,48.393100000000004,63.60666666666666,-4.078666666666667,38.4041,3,3.4248635627326345,0.2543,3.8276,-4.707,0.028,-0.113,0.074,0.8601,-0.7051,-0.0577,0.2338,0.0454
M00719,2026-09-22 15:12:07,S3,False,AMP-05-003,Ampoule,Aqueous small-volume parenteral,Aqueous SVP,Fresh,,none,ANT-B (directional dipole),3,26.2,54.1,S11,2800.0,3200.0,0.01,40001,2996.7396,-3.743,8.95,46.5789,64.34,75.6577,0.175,73.8455,2995.0132,45.2734,66.21666666666667,-3.670666666666667,74.6641,3,5.502703816307044,1.7264,1.3055,-1.877,-0.072,-0.8186,0.314,0.7996,3.639,6.0478,-0.0801,0.0526
M00720,2026-09-22 15:12:20,S3,False,VIA-02-003,Vial,Dextrose 5% injectable,Dextrose injectable,Fresh,,none,ANT-B (directional dipole),3,25.0,52.6,S11,2800.0,3200.0,0.01,40001,2956.0956,-3.286,30.45,47.1155,62.74,70.7753,0.155,65.7317,2945.010733333333,47.578833333333336,61.93333333333334,-3.558,69.56843333333333,3,5.7612525463941955,11.0849,-0.4633,0.807,0.272,-3.8367,1.924,2.307,10.5783,6.0478,0.0451,-0.1258
M00721,2026-09-22 15:12:32,S3,False,VIA-03-002,Vial,Reconstituted lyophilised antibiotic,Reconstituted powder,Substituted,Diluted 2x with water,gross,ANT-B (directional dipole),2,25.59,55.9,S11,2800.0,3200.0,0.01,40001,2934.7933,-3.692,-6.84,48.9693,59.93,72.8219,0.171,74.6047,2952.1005999999998,51.776199999999996,57.01666666666667,-3.779666666666667,68.45603333333334,3,3.9584438242825883,-17.3073,-2.8069,2.913,0.088,6.1487,4.372,-2.8023,-3.4859,1.9516,-0.7431,0.075
M00722,2026-09-22 15:12:45,S3,False,AMP-08-004,Ampoule,Sesame oil vehicle (depot),Oil-based depot,Fresh,,none,"ANT-A (double-ridged horn, ETS 3115)",1,25.32,67.1,S11,2800.0,3200.0,0.01,40001,3174.4585,-2.476,-16.58,23.37,135.83,2.9839,0.008,4.073,3175.6805666666664,22.1263,143.59,-2.47,3.5787666666666667,3,6.371474143660478,-1.2221,1.2437,-7.76,-0.006,0.4942,0.192,-0.7393,-1.8475,-0.8647,0.0021,-0.104
M00723,2026-09-22 15:12:58,S3,False,VIA-03-003,Vial,Reconstituted lyophilised antibiotic,Reconstituted powder,Expired (24 mo),,subtle,"ANT-A (double-ridged horn, ETS 3115)",9,24.86,53.0,S11,2800.0,3200.0,0.01,40001,2975.2203,-4.073,11.47,42.064,70.73,67.6277,0.18522,66.0822,2970.9085,40.67933333333333,73.05333333333333,-3.967,67.5883,3,4.7629304792323435,4.3118,1.3847,-2.323,-0.106,-1.5061,0.905,-0.433,1.8434,1.242,-0.9798,0.0363
M00724,2026-09-22 15:13:10,S3,False,EYE-11-003,Eyedrop,Carbomer gel-forming drops,Gel-forming ophthalmic,Freeze-thaw cycled,,subtle,"ANT-A (double-ridged horn, ETS 3115)",3,24.84,53.7,S11,2800.0,3200.0,0.01,40001,3079.0785,-3.517,-34.46,33.7689,91.18,61.2173,0.20518,69.1057,3090.2464999999997,32.57293333333334,94.94333333333333,-4.125,61.3906,3,5.017370118896931,-11.168,1.196,-3.763,0.608,7.7151,2.226,-0.9366,-10.2611,-4.4578,-0.6174,-0.1511
M00725,2026-09-22 15:13:23,S3,False,SYR-13-002,Syrup,Sorbitol sugar-free syrup,Sorbitol syrup,Heat-stressed 60C,,subtle,ANT-B (directional dipole),6,24.88,54.4,S11,2800.0,3200.0,0.01,40001,2965.0515,-4.009,6.66,61.7949,47.98,54.751,0.21539,52.5984,2966.1835333333333,61.44273333333334,48.29,-4.009666666666667,52.2768,3,3.172243909811173,-1.132,0.3522,-0.31,0.001,0.3216,0.357,1.4525,-0.1268,-1.3236,-0.5908,-0.1396
M00726,2026-09-22 15:13:36,S3,False,SYR-12-001,Syrup,Sucrose-based paediatric syrup 65% w/v,Sucrose syrup,Heat-stressed 60C,,subtle,"ANT-A (double-ridged horn, ETS 3115)",8,23.66,54.0,S11,2800.0,3200.0,0.01,40001,3022.8181,-4.501,11.87,55.7394,54.23,42.2362,0.23542,40.7402,3020.9702666666667,55.3294,54.61333333333334,-4.332666666666667,41.24103333333333,3,5.12499634861657,1.8478,0.41,-0.383,-0.168,-0.5008,0.361,3.8975,3.4923,2.2515,-1.2074,0.1816
M00727,2026-09-22 15:13:48,S3,False,VIA-04-003,Vial,Buffered protein formulation,Biologic solution,Substituted,Distilled water,gross,"ANT-A (double-ridged horn, ETS 3115)",7,24.84,44.0,S11,2800.0,3200.0,0.01,40001,2948.9382,-3.663,21.42,38.5714,76.45,77.5451,0.157,74.7482,2958.6337333333336,37.60166666666667,78.70666666666666,-3.825333333333333,71.32960000000001,3,2.608775203679463,-9.6955,0.9697,-2.257,0.162,3.4186,3.716,-0.1832,5.8149,4.0178,0.0455,0.0986
M00728,2026-09-22 15:14:01,S3,False,SYR-14-001,Syrup,"Suspension, antacid",Antacid suspension,Expired (24 mo),,subtle,ANT-B (directional dipole),5,24.6,67.8,S11,2800.0,3200.0,0.01,40001,2944.9759,-4.243,4.02,63.6849,46.24,57.7205,0.2503,57.5412,2944.604033333333,64.75643333333333,45.47666666666667,-4.192333333333333,57.6481,3,1.5092290228238854,0.3719,-1.0715,0.763,-0.051,-0.1069,0.246,1.2244,3.8986,3.0499,-1.3558,-0.1479
M00729,2026-09-22 15:14:14,S3,False,VIA-04-003,Vial,Buffered protein formulation,Biologic solution,Fresh,,none,ANT-B (directional dipole),10,24.41,59.3,S11,2800.0,3200.0,0.01,40001,2946.7041,-3.586,10.28,49.1899,59.9,72.2558,0.16,69.8,2943.010333333333,47.31043333333333,62.21666666666667,-3.5893333333333337,71.10520000000001,3,6.49001281534439,3.6938,1.8795,-2.317,0.003,-1.3052,0.569,-0.1832,5.3556,2.3219,-0.0771,-0.0887
M00730,2026-09-22 15:14:27,S3,False,SYR-14-002,Syrup,"Suspension, antacid",Antacid suspension,Fresh,,none,"ANT-A (double-ridged horn, ETS 3115)",2,24.46,46.2,S11,2800.0,3200.0,0.01,40001,2955.8549,-4.324,-9.19,56.3868,52.42,57.5296,0.25,59.0872,2962.2616666666668,57.2963,51.71,-4.25,57.26213333333334,3,7.751373463027962,-6.4068,-0.9095,0.71,-0.074,1.8251,0.827,-0.1467,-5.4701,1.996,-0.1566,-0.126
M00731,2026-09-22 15:14:39,S3,False,AMP-07-003,Ampoule,Ethanolic cosolvent 30%,Ethanolic injectable,Fresh,,none,ANT-B (directional dipole),9,24.21,60.5,S11,2800.0,3200.0,0.01,40001,3103.3608,-4.168,18.73,52.8577,58.71,28.0116,0.24,26.425,3108.5165,51.5277,60.35999999999999,-3.8446666666666665,24.233566666666665,3,8.836961850658808,-5.1557,1.33,-1.65,-0.323,2.1914,0.583,0.802,2.5853,-1.2437,0.009,-0.1421
M00732,2026-09-22 15:14:52,S3,False,EYE-10-003,Eyedrop,HPMC viscous artificial tears,Viscous ophthalmic,Substituted,Empty / air,gross,"ANT-A (double-ridged horn, ETS 3115)",2,25.0,52.6,S11,2800.0,3200.0,0.01,40001,3186.5262,-2.4,8.95,22.0857,144.28,1.0,0.0,-1.7777,3081.4524333333334,31.8485,96.75999999999999,-4.264,65.897,3,0.8321338494097374,105.0738,-9.7628,47.52,1.864,-67.6747,126.27,1.9602,2.9452,1.996,-0.3413,-0.0379
M00733,2026-09-22 15:15:05,S3,False,AMP-08-001,Ampoule,Sesame oil vehicle (depot),Oil-based depot,Heat-stressed 60C,,subtle,"ANT-A (double-ridged horn, ETS 3115)",9,24.69,49.8,S11,2800.0,3200.0,0.01,40001,3179.3391,-2.476,13.78,22.9482,138.54,2.7657,0.00801,2.0818,3173.7732666666666,22.3832,141.81333333333336,-2.472,4.353766666666666,3,1.9003076917523627,5.5658,0.565,-3.273,-0.004,-2.272,2.929,0.1027,3.3743,1.242,-1.7737,-0.0502
M00734,2026-09-22 15:15:17,S3,False,VIA-04-002,Vial,Buffered protein formulation,Biologic solution,Fresh,,none,"ANT-A (double-ridged horn, ETS 3115)",10,25.69,57.1,S11,2800.0,3200.0,0.01,40001,2958.5526,-3.769,-12.89,38.1206,77.61,71.317,0.16,71.3573,2961.469833333333,37.91363333333333,78.12666666666667,-3.8386666666666667,70.3356,3,2.421726991907314,-2.9172,0.207,-0.517,0.07,1.0217,1.205,-0.7221,-3.0824,-0.4772,0.158,-0.102
M00735,2026-09-22 15:15:30,S3,False,AMP-05-004,Ampoule,Aqueous small-volume parenteral,Aqueous SVP,Freeze-thaw cycled,,subtle,"ANT-A (double-ridged horn, ETS 3115)",1,25.03,53.6,S11,2800.0,3200.0,0.01,40001,3008.5342,-4.036,6.86,36.3309,82.81,75.1325,0.17516,76.0888,3006.3537333333334,36.362,82.70666666666666,-3.937,77.1179,3,3.358901542667364,2.1805,-0.0311,0.103,-0.099,-1.0291,0.649,-0.9004,-0.2825,-0.8647,-0.1494,-0.0124
M00736,2026-09-22 15:15:43,S3,False,SYR-12-003,Syrup,Sucrose-based paediatric syrup 65% w/v,Sucrose syrup,Heat-stressed 60C,,subtle,"ANT-A (double-ridged horn, ETS 3115)",7,24.44,56.8,S11,2800.0,3200.0,0.01,40001,3020.4828,-4.33,14.7,58.3151,51.8,41.8834,0.23542,41.3704,3016.9426333333336,55.7103,54.156666666666666,-4.471666666666667,42.32893333333333,3,2.215278073590952,3.5402,2.6048,-2.357,0.142,-0.9585,1.598,1.1167,4.0459,4.0178,-1.6528,0.0411
M00737,2026-09-22 15:15:55,S3,False,SYR-13-003,Syrup,Sorbitol sugar-free syrup,Sorbitol syrup,Expired (24 mo),,subtle,ANT-B (directional dipole),5,24.68,62.0,S11,2800.0,3200.0,0.01,40001,2957.8986,-4.175,4.12,59.4298,49.77,54.8694,0.21526,54.645,2954.9108666666666,63.07136666666667,46.85666666666666,-3.827666666666667,55.511300000000006,3,8.458686743421389,2.9877,-3.6416,2.913,-0.347,-0.8663,0.353,0.0738,2.6652,3.0499,-1.1449,0.2305
M00738,2026-09-22 15:16:08,S3,False,SYR-13-001,Syrup,Sorbitol sugar-free syrup,Sorbitol syrup,Freeze-thaw cycled,,subtle,ANT-B (directional dipole),4,24.51,60.9,S11,2800.0,3200.0,0.01,40001,2951.0396,-4.106,-1.07,60.8197,48.52,54.4644,0.21519,56.6216,2957.7574999999997,60.4115,49.026666666666664,-3.8206666666666664,54.6927,3,8.585649627721924,-6.7179,0.4082,-0.507,-0.285,1.9289,0.782,-0.8894,-1.8679,-0.0577,-0.839,0.0438
M00739,2026-09-22 15:16:21,S3,False,VIA-01-003,Vial,Aqueous injectable (0.9% NaCl base),Saline injectable,Freeze-thaw cycled,,subtle,"ANT-A (double-ridged horn, ETS 3115)",9,24.37,59.3,S11,2800.0,3200.0,0.01,40001,2952.7851,-3.737,18.28,41.666,70.87,74.7831,0.17015,72.9997,2943.611066666667,40.9355,71.91666666666667,-3.792333333333333,76.24063333333334,3,6.074375574767549,9.174,0.7305,-1.047,0.055,-3.2409,1.51,-0.7191,6.3353,1.242,-1.0452,0.0053
M00740,2026-09-22 15:16:34,S3,False,VIA-02-001,Vial,Dextrose 5% injectable,Dextrose injectable,Heat-stressed 60C,,subtle,"ANT-A (double-ridged horn, ETS 3115)",8,24.66,48.8,S11,2800.0,3200.0,0.01,40001,2962.1441,-3.801,3.06,40.2559,73.58,70.2285,0.15528,69.2717,2959.6769,39.059599999999996,75.86666666666666,-3.685333333333334,70.12873333333333,3,5.507539468764639,2.4672,1.1963,-2.287,-0.116,-0.857,0.448,0.8112,2.5228,2.2515,-2.3909,0.0279
M00741,2026-09-22 15:16:46,S3,False,EYE-11-002,Eyedrop,Carbomer gel-forming drops,Gel-forming ophthalmic,Fresh,,none,"ANT-A (double-ridged horn, ETS 3115)",5,25.28,62.6,S11,2800.0,3200.0,0.01,40001,3096.6285,-4.109,20.79,32.5969,95.0,60.9938,0.205,57.0104,3089.0609,33.1141,93.30333333333333,-4.155,62.207033333333335,3,5.3602363725864945,7.5676,-0.5172,1.697,0.046,-5.1966,1.412,-0.9302,5.0908,-0.9385,0.2076,0.1875
M00742,2026-09-22 15:16:59,S3,False,VIA-03-003,Vial,Reconstituted lyophilised antibiotic,Reconstituted powder,Fresh,,none,ANT-B (directional dipole),3,24.34,61.9,S11,2800.0,3200.0,0.01,40001,2962.4421,-3.724,26.5,51.4634,57.56,67.8355,0.185,64.8304,2960.3872333333334,50.44873333333334,58.73666666666667,-3.766,65.54873333333335,3,3.3440330475839035,2.0549,1.0147,-1.177,0.042,-0.7183,0.614,-0.433,4.8463,6.0478,0.0266,0.1901
M00743,2026-09-22 15:17:12,S3,False,VIA-02-004,Vial,Dextrose 5% injectable,Dextrose injectable,Substituted,Distilled water,gross,ANT-B (directional dipole),1,24.56,60.2,S11,2800.0,3200.0,0.01,40001,2925.8024,-3.584,18.03,47.2788,61.88,77.6233,0.157,76.3096,2946.0145333333335,49.27976666666666,59.800000000000004,-3.5096666666666665,69.21756666666667,3,4.01818709162895,-20.2121,-2.001,2.08,-0.074,7.092,5.03,1.5589,2.2976,-0.9972,0.5175,0.3486
M00744,2026-09-22 15:17:24,S3,False,SYR-14-003,Syrup,"Suspension, antacid",Antacid suspension,Freeze-thaw cycled,,subtle,"ANT-A (double-ridged horn, ETS 3115)",8,22.97,58.9,S11,2800.0,3200.0,0.01,40001,2962.0083,-4.431,12.14,59.1543,50.07,58.974,0.25023,57.3285,2956.6801666666665,59.51773333333333,49.68,-4.269666666666667,58.855133333333335,3,6.802436622515,5.3281,-0.3634,0.39,-0.161,-1.5266,0.783,2.4849,5.0213,2.2515,-0.7749,0.0412
M00745,2026-09-22 15:17:37,S3,False,AMP-07-003,Ampoule,Ethanolic cosolvent 30%,Ethanolic injectable,Heat-stressed 60C,,subtle,ANT-B (directional dipole),3,24.01,63.8,S11,2800.0,3200.0,0.01,40001,3108.6434,-3.869,25.03,52.62,59.08,27.9805,0.24043,24.1688,3108.5165,51.5277,60.35999999999999,-3.8446666666666665,24.233566666666665,3,8.836961850658808,0.1269,1.0923,-1.28,-0.024,-0.0648,0.014,0.802,8.4765,6.0478,-0.9529,0.1393
M00746,2026-09-22 15:17:50,S3,False,AMP-06-004,Ampoule,Propylene glycol cosolvent 40%,Cosolvent injectable,Expired (24 mo),,subtle,ANT-B (directional dipole),7,24.71,60.2,S11,2800.0,3200.0,0.01,40001,3074.769,-4.109,-1.22,48.6103,63.25,38.169,0.22026,38.6703,3078.955,49.89116666666666,61.74333333333334,-3.9756666666666667,36.84493333333333,3,6.260758193701545,-4.186,-1.2809,1.507,-0.133,1.8254,0.669,0.392,-2.6716,-6.291,-0.5905,0.0018
M00747,2026-09-22 15:18:02,S3,False,EYE-09-001,Eyedrop,Aqueous ophthalmic + BAK preservative,Ophthalmic aqueous,Expired (24 mo),,subtle,"ANT-A (double-ridged horn, ETS 3115)",5,24.85,55.8,S11,2800.0,3200.0,0.01,40001,3078.0015,-3.881,21.97,30.1818,101.98,71.6387,0.1652,69.0366,3072.0003999999994,29.982033333333334,102.54333333333334,-3.8043333333333336,73.17653333333334,3,2.834366791719126,6.0011,0.1998,-0.563,-0.077,-4.1399,2.117,0.4017,2.4473,-0.9385,-0.619,0.0648
M00748,2026-09-22 15:18:15,S3,False,VIA-02-001,Vial,Dextrose 5% injectable,Dextrose injectable,Substituted,Ethanol 95%,gross,"ANT-A (double-ridged horn, ETS 3115)",8,24.97,59.2,S11,2800.0,3200.0,0.01,40001,3116.9081,-5.013,5.48,59.7494,52.17,21.402,0.31,19.7153,2959.6769,39.059599999999996,75.86666666666666,-3.685333333333334,70.12873333333333,3,5.507539468764639,157.2312,20.6898,-23.697,-1.328,-50.4134,28.548,0.8112,3.786,2.2515,0.4099,0.0505
M00749,2026-09-22 15:18:28,S3,False,AMP-05-002,Ampoule,Aqueous small-volume parenteral,Aqueous SVP,Substituted,Under-fill (50% air),gross,"ANT-A (double-ridged horn, ETS 3115)",9,24.58,57.6,S11,2800.0,3200.0,0.01,40001,3095.1987,-3.816,18.42,28.9949,106.75,75.1751,0.175,36.9963,3009.5727666666667,36.064766666666664,83.47333333333333,-3.9596666666666667,75.60163333333334,3,3.013810493931699,85.6259,-7.0699,23.277,0.144,-38.6053,28.411,-0.1511,5.5778,1.242,0.0581,0.0349
M00750,2026-09-22 15:18:41,S3,False,SYR-14-001,Syrup,"Suspension, antacid",Antacid suspension,Fresh,,none,"ANT-A (double-ridged horn, ETS 3115)",2,25.06,61.5,S11,2800.0,3200.0,0.01,40001,2959.721,-4.839,3.65,56.8132,52.1,57.6946,0.25,57.981,2959.8009,56.34246666666667,52.73,-4.541666666666667,57.95943333333333,3,3.6745936686931624,-0.0799,0.4707,-0.63,-0.297,0.0216,0.022,1.2244,0.5669,1.996,0.0507,0.1642
M00751,2026-09-22 15:18:53,S3,False,VIA-04-002,Vial,Buffered protein formulation,Biologic solution,Substituted,Distilled water,gross,ANT-B (directional dipole),7,24.0,57.2,S11,2800.0,3200.0,0.01,40001,2922.2347,-3.514,-14.49,48.1621,60.67,77.78,0.157,78.5051,2946.0194666666666,48.63673333333333,60.576666666666675,-3.5573333333333337,70.0459,3,6.688132501926788,-23.7848,-0.4746,0.093,0.043,8.4592,3.556,-0.7221,-6.4489,-6.291,1.3281,-0.046
M00752,2026-09-22 15:19:06,S3,False,VIA-03-001,Vial,Reconstituted lyophilised antibiotic,Reconstituted powder,Heat-stressed 60C,,subtle,ANT-B (directional dipole),3,24.54,60.5,S11,2800.0,3200.0,0.01,40001,2956.5679,-3.815,8.56,52.2819,56.55,67.822,0.18533,66.8841,2956.3107,52.3683,56.47666666666667,-3.7916666666666665,66.97486666666667,3,2.1657838049998444,0.2572,-0.0864,0.073,-0.023,-0.0908,0.119,1.2065,3.5841,6.0478,-0.8522,-0.0127
M00753,2026-09-22 15:19:19,S3,False,VIA-02-001,Vial,Dextrose 5% injectable,Dextrose injectable,Heat-stressed 60C,,subtle,ANT-B (directional dipole),6,24.87,62.1,S11,2800.0,3200.0,0.01,40001,2942.3757,-3.604,-5.66,45.1896,65.11,70.1731,0.15528,70.482,2945.6589,47.14966666666667,62.47666666666667,-3.5340000000000003,69.3435,3,6.037313550744153,-3.2832,-1.9601,2.633,-0.07,1.1385,0.544,0.8112,-1.0603,-1.3236,-2.4454,0.0248
M00754,2026-09-22 15:19:31,S3,False,VIA-03-003,Vial,Reconstituted lyophilised antibiotic,Reconstituted powder,Fresh,,none,"ANT-A (double-ridged horn, ETS 3115)",9,24.43,59.7,S11,2800.0,3200.0,0.01,40001,2973.9937,-4.202,8.85,43.0438,69.09,67.813,0.185,66.5092,2970.9085,40.67933333333333,73.05333333333333,-3.967,67.5883,3,4.7629304792323435,3.0852,2.3645,-3.963,-0.235,-1.0791,0.648,-0.433,0.2763,1.242,-0.0422,-0.0397
M00755,2026-09-22 15:19:44,S3,False,AMP-06-003,Ampoule,Propylene glycol cosolvent 40%,Cosolvent injectable,Fresh,,none,"ANT-A (double-ridged horn, ETS 3115)",10,23.86,47.8,S11,2800.0,3200.0,0.01,40001,3087.1994,-4.322,-1.16,39.7726,77.62,38.4628,0.22,40.6681,3090.130833333333,40.26176666666667,76.86,-4.378666666666667,39.38746666666666,3,2.604092234029727,-2.9314,-0.4892,0.76,0.057,1.2806,1.126,-0.806,-3.8486,-0.4772,-0.0867,-0.0008
M00756,2026-09-22 15:19:57,S3,False,EYE-10-003,Eyedrop,HPMC viscous artificial tears,Viscous ophthalmic,Fresh,,none,"ANT-A (double-ridged horn, ETS 3115)",4,24.95,50.8,S11,2800.0,3200.0,0.01,40001,3084.6261,-4.15,3.95,33.5095,92.05,65.8682,0.195,63.751,3081.4524333333334,31.8485,96.75999999999999,-4.264,65.897,3,0.8321338494097374,3.1737,1.661,-4.71,0.114,-2.146,3.814,1.9602,3.7731,-0.2063,0.1964,0.054
M00757,2026-09-22 15:20:09,S3,False,EYE-09-001,Eyedrop,Aqueous ophthalmic + BAK preservative,Ophthalmic aqueous,Fresh,,none,ANT-B (directional dipole),7,23.93,54.6,S11,2800.0,3200.0,0.01,40001,3052.3389,-3.554,-17.1,38.9343,78.4,71.9611,0.165,75.1011,3059.865,38.950266666666664,78.58,-3.5749999999999997,69.88656666666667,3,7.856359159305232,-7.5261,-0.016,-0.18,0.021,5.2145,0.958,0.4017,-6.4644,-6.291,-0.0058,0.0747
M00758,2026-09-22 15:20:22,S3,False,AMP-08-002,Ampoule,Sesame oil vehicle (depot),Oil-based depot,Fresh,,none,ANT-B (directional dipole),3,24.51,54.1,S11,2800.0,3200.0,0.01,40001,3169.8304,-2.445,40.44,32.6825,96.99,2.9877,0.008,-1.1708,3163.3352333333332,32.048633333333335,98.72333333333334,-2.4523333333333333,1.4929,3,11.492620770013234,6.4952,0.6339,-1.733,0.007,-2.6637,0.565,-1.6192,12.2055,6.0478,-0.1343,-0.1756
M00759,2026-09-22 15:20:35,S3,False,SYR-13-002,Syrup,Sorbitol sugar-free syrup,Sorbitol syrup,Fresh,,none,ANT-B (directional dipole),2,25.12,59.4,S11,2800.0,3200.0,0.01,40001,2963.575,-3.961,-7.63,61.1209,48.49,54.804,0.215,53.0196,2966.1835333333333,61.44273333333334,48.29,-4.009666666666667,52.2768,3,3.172243909811173,-2.6085,-0.3218,0.2,0.049,0.7428,0.822,1.4525,-2.2746,1.9516,0.1925,-0.0727
M00760,2026-09-22 15:20:48,S3,False,AMP-06-004,Ampoule,Propylene glycol cosolvent 40%,Cosolvent injectable,Expired (24 mo),,subtle,ANT-B (directional dipole),9,24.89,50.1,S11,2800.0,3200.0,0.01,40001,3081.4011,-4.015,21.51,46.9521,65.63,38.1441,0.22026,35.7729,3078.955,49.89116666666666,61.74333333333334,-3.9756666666666667,36.84493333333333,3,6.260758193701545,2.4461,-2.9391,3.887,-0.039,-1.072,0.391,0.392,4.0096,-1.2437,-0.7837,0.0903
M00761,2026-09-22 15:21:00,S3,False,EYE-10-002,Eyedrop,HPMC viscous artificial tears,Viscous ophthalmic,Substituted,Distilled water,gross,ANT-B (directional dipole),10,24.75,67.7,S11,2800.0,3200.0,0.01,40001,3051.197,-3.575,11.72,40.1548,75.99,77.5707,0.157,75.0184,3066.851666666667,41.4506,74.0,-3.7143333333333337,64.3171,3,8.52828603081171,-15.6547,-1.2958,1.99,0.139,10.7013,1.836,-1.1341,2.8267,2.3219,-0.1915,-0.0458
M00762,2026-09-22 15:21:13,S3,False,AMP-07-001,Ampoule,Ethanolic cosolvent 30%,Ethanolic injectable,Freeze-thaw cycled,,subtle,"ANT-A (double-ridged horn, ETS 3115)",10,24.91,58.7,S11,2800.0,3200.0,0.01,40001,3114.7154,-4.476,-2.46,43.0006,72.43,28.4722,0.24022,28.9048,3114.0538666666666,42.18503333333333,73.82666666666667,-4.559666666666667,29.188866666666666,3,2.2642032469134166,0.6615,0.8156,-1.397,0.084,-0.2841,0.292,0.1224,-1.2441,-0.4772,-0.2393,-0.0843
M00763,2026-09-22 15:21:26,S3,False,AMP-08-003,Ampoule,Sesame oil vehicle (depot),Oil-based depot,Substituted,Diluted 2x with water,gross,"ANT-A (double-ridged horn, ETS 3115)",6,24.39,54.0,S11,2800.0,3200.0,0.01,40001,3094.962,-3.129,21.75,27.0882,114.25,40.5624,0.0825,37.8448,3173.7279333333336,22.4438,141.47,-2.4746666666666663,4.3728,3,2.761500217876818,-78.7659,4.6444,-27.22,-0.654,33.472,28.523,0.0599,4.3299,7.2171,0.9676,0.0167
M00764,2026-09-22 15:21:38,S3,False,VIA-02-001,Vial,Dextrose 5% injectable,Dextrose injectable,Heat-stressed 60C,,subtle,ANT-B (directional dipole),8,24.74,54.8,S11,2800.0,3200.0,0.01,40001,2939.5905,-3.641,-2.23,48.6952,60.37,70.2077,0.15528,71.4545,2945.6589,47.14966666666667,62.47666666666667,-3.5340000000000003,69.3435,3,6.037313550744153,-6.0684,1.5455,-2.107,-0.107,2.111,1.005,0.8112,-3.8511,-0.5187,-2.111,-0.2056
M00765,2026-09-22 15:21:51,S3,False,VIA-03-002,Vial,Reconstituted lyophilised antibiotic,Reconstituted powder,Fresh,,none,"ANT-A (double-ridged horn, ETS 3115)",2,24.03,61.0,S11,2800.0,3200.0,0.01,40001,2968.951,-4.095,6.97,41.4806,71.57,68.6916,0.185,68.2703,2965.7019333333337,42.46866666666667,69.83999999999999,-4.0809999999999995,69.41096666666667,3,3.1864565340410076,3.2491,-0.9881,1.73,-0.014,-1.1407,1.02,-2.8023,2.2032,1.996,0.0335,-0.122
M00766,2026-09-22 15:22:04,S3,False,AMP-07-001,Ampoule,Ethanolic cosolvent 30%,Ethanolic injectable,Heat-stressed 60C,,subtle,"ANT-A (double-ridged horn, ETS 3115)",6,25.41,63.6,S11,2800.0,3200.0,0.01,40001,3120.1266,-4.277,21.72,42.5945,73.25,28.3955,0.24043,26.5936,3114.0538666666666,42.18503333333333,73.82666666666667,-4.559666666666667,29.188866666666666,3,2.2642032469134166,6.0727,0.4095,-0.577,0.283,-2.5953,2.682,0.1224,5.0041,7.2171,-1.2698,-0.069
M00767,2026-09-22 15:22:16,S3,False,VIA-03-002,Vial,Reconstituted lyophilised antibiotic,Reconstituted powder,Expired (24 mo),,subtle,"ANT-A (double-ridged horn, ETS 3115)",10,24.83,57.5,S11,2800.0,3200.0,0.01,40001,2968.9388,-4.121,-0.83,42.2028,70.35,68.4141,0.18522,68.2746,2965.7019333333337,42.46866666666667,69.83999999999999,-4.0809999999999995,69.41096666666667,3,3.1864565340410076,3.2369,-0.2659,0.51,-0.04,-1.1364,1.016,-2.8023,1.8135,-0.4772,-0.5194,0.0229
M00768,2026-09-22 15:22:29,S3,False,VIA-04-003,Vial,Buffered protein formulation,Biologic solution,Freeze-thaw cycled,,subtle,ANT-B (directional dipole),10,25.05,73.1,S11,2800.0,3200.0,0.01,40001,2951.3225,-3.37,32.59,46.1619,63.93,72.0234,0.16014,68.1812,2943.010333333333,47.31043333333333,62.21666666666667,-3.5893333333333337,71.10520000000001,3,6.49001281534439,8.3122,-1.1485,1.713,0.219,-2.924,1.281,-0.1832,10.1576,2.3219,-1.2462,0.2449
M00769,2026-09-22 15:22:42,S3,False,VIA-01-002,Vial,Aqueous injectable (0.9% NaCl base),Saline injectable,Expired (24 mo),,subtle,ANT-B (directional dipole),1,25.08,62.5,S11,2800.0,3200.0,0.01,40001,2925.9272,-3.658,-27.63,46.9114,62.37,73.9311,0.1702,76.7694,2930.803633333333,50.86686666666666,57.61666666666667,-3.644666666666667,75.039,3,6.99603640809112,-4.8764,-3.9555,4.753,-0.013,1.7304,0.697,-0.6633,-4.1927,-0.9972,-1.3941,0.1165
M00770,2026-09-22 15:22:55,S3,False,EYE-10-002,Eyedrop,HPMC viscous artificial tears,Viscous ophthalmic,Expired (24 mo),,subtle,"ANT-A (double-ridged horn, ETS 3115)",2,24.52,49.3,S11,2800.0,3200.0,0.01,40001,3082.9478,-4.343,11.6,31.7083,97.23,65.9244,0.19523,64.8849,3077.0597999999995,32.44696666666667,94.92333333333333,-3.9743333333333335,68.88023333333334,3,3.262642001507381,5.888,-0.7387,2.307,-0.369,-3.9953,1.805,-1.1341,1.7393,1.996,-1.0537,0.0452
M00771,2026-09-22 15:23:07,S3,False,AMP-05-002,Ampoule,Aqueous small-volume parenteral,Aqueous SVP,Freeze-thaw cycled,,subtle,ANT-B (directional dipole),10,23.86,55.2,S11,2800.0,3200.0,0.01,40001,3000.8622,-3.518,29.54,46.8005,64.12,75.2992,0.17516,71.9076,2998.8361,44.1175,68.0,-3.679,72.86026666666667,3,2.832117742962081,2.0261,2.683,-3.88,0.161,-0.9527,0.715,-0.1511,7.7641,2.3219,-1.0821,-0.0714
M00772,2026-09-22 15:23:20,S3,False,VIA-04-001,Vial,Buffered protein formulation,Biologic solution,Fresh,,none,ANT-B (directional dipole),1,24.53,62.8,S11,2800.0,3200.0,0.01,40001,2942.4025,-3.513,18.88,46.69,63.02,72.1248,0.16,71.3146,2941.772033333333,49.41329999999999,59.53333333333333,-3.6016666666666666,71.54116666666667,3,5.833655945745665,0.6305,-2.7233,3.487,0.089,-0.2266,0.108,0.2135,3.7461,-0.9972,0.1114,-0.0697
M00773,2026-09-22 15:23:33,S3,False,EYE-10-003,Eyedrop,HPMC viscous artificial tears,Viscous ophthalmic,Fresh,,none,ANT-B (directional dipole),2,24.98,71.7,S11,2800.0,3200.0,0.01,40001,3064.837,-3.914,0.98,39.3547,77.88,65.8615,0.195,65.6711,3066.2057666666665,40.86986666666667,75.16333333333334,-3.7533333333333334,64.74943333333333,3,6.528731848018948,-1.3688,-1.5152,2.717,-0.161,0.9217,0.21,1.9602,1.1269,1.9516,-0.0338,0.0627
M00774,2026-09-22 15:23:45,S3,False,VIA-01-003,Vial,Aqueous injectable (0.9% NaCl base),Saline injectable,Fresh,,none,ANT-B (directional dipole),10,25.18,57.1,S11,2800.0,3200.0,0.01,40001,2941.0297,-3.455,42.96,50.796,57.9,74.6327,0.17,71.4201,2935.1155,49.16716666666667,59.71666666666667,-3.6523333333333334,73.5083,3,5.238887417190923,5.9142,1.6288,-1.817,0.197,-2.0882,1.129,-0.7191,9.4369,2.3219,-0.2133,0.1074
M00775,2026-09-22 15:23:58,S3,False,SYR-12-002,Syrup,Sucrose-based paediatric syrup 65% w/v,Sucrose syrup,Substituted,Distilled water,gross,ANT-B (directional dipole),1,24.26,45.8,S11,2800.0,3200.0,0.01,40001,2874.448,-3.696,-5.21,50.7903,56.59,77.7056,0.157,78.9398,3000.8172,64.25143333333334,46.71666666666667,-4.163,42.201433333333334,3,1.319799534020082,-126.3692,-13.4611,9.873,0.467,36.7384,95.749,-0.7037,-2.6101,-0.9972,-0.9328,-0.0112
M00776,2026-09-22 15:24:11,S3,False,VIA-04-002,Vial,Buffered protein formulation,Biologic solution,Expired (24 mo),,subtle,ANT-B (directional dipole),4,24.77,61.8,S11,2800.0,3200.0,0.01,40001,2944.5462,-3.637,2.84,45.8436,64.23,71.4683,0.16019,70.5589,2946.0194666666666,48.63673333333333,60.576666666666675,-3.5573333333333337,70.0459,3,6.688132501926788,-1.4733,-2.7931,3.653,-0.08,0.513,0.22,-0.7221,0.629,-0.0577,-0.8874,-0.0601
M00777,2026-09-22 15:24:23,S3,False,SYR-12-001,Syrup,Sucrose-based paediatric syrup 65% w/v,Sucrose syrup,Heat-stressed 60C,,subtle,"ANT-A (double-ridged horn, ETS 3115)",8,24.08,64.7,S11,2800.0,3200.0,0.01,40001,3020.9565,-4.498,1.95,57.0628,52.94,42.1729,0.23542,41.2424,3020.9702666666667,55.3294,54.61333333333334,-4.332666666666667,41.24103333333333,3,5.12499634861657,-0.0138,1.7334,-1.673,-0.165,0.0014,0.003,3.8975,1.7982,2.2515,-1.2947,-0.1334
M00778,2026-09-22 15:24:36,S3,False,AMP-06-003,Ampoule,Propylene glycol cosolvent 40%,Cosolvent injectable,Substituted,Glycerol,gross,ANT-B (directional dipole),4,24.67,57.4,S11,2800.0,3200.0,0.01,40001,3127.7409,-5.258,-0.19,69.1583,45.23,14.8175,0.42,16.0403,3072.9187333333334,50.1393,61.31333333333333,-3.928666666666667,39.488400000000006,3,6.722757563926655,54.8222,19.019,-16.083,-1.329,-23.4481,8.155,-0.806,-1.7365,-0.0577,-0.2414,-0.038
M00779,2026-09-22 15:24:49,S3,False,SYR-14-001,Syrup,"Suspension, antacid",Antacid suspension,Fresh,,none,"ANT-A (double-ridged horn, ETS 3115)",8,24.31,66.3,S11,2800.0,3200.0,0.01,40001,2958.6954,-4.653,-8.43,57.1883,51.74,57.851,0.25,58.274,2959.8009,56.34246666666667,52.73,-4.541666666666667,57.95943333333333,3,3.6745936686931624,-1.1055,0.8458,-0.99,-0.111,0.3146,0.301,1.2244,0.1231,2.2515,0.1063,0.0819
M00780,2026-09-24 14:30:00,S4,False,VIA-02-003,Vial,Dextrose 5% injectable,Dextrose injectable,Heat-stressed 60C,,subtle,ANT-B (directional dipole),2,24.51,66.3,S11,2800.0,3200.0,0.01,40001,2946.3718,-3.675,6.73,46.8535,62.88,70.7713,0.15528,69.0916,2945.010733333333,47.578833333333336,61.93333333333334,-3.558,69.56843333333333,3,5.7612525463941955,1.3611,-0.7253,0.947,-0.117,-0.4768,0.236,2.307,1.7357,1.9516,-0.7637,-0.2096
M00781,2026-09-24 14:30:12,S4,False,AMP-08-002,Ampoule,Sesame oil vehicle (depot),Oil-based depot,Substituted,Distilled water,gross,ANT-B (directional dipole),2,25.29,67.9,S11,2800.0,3200.0,0.01,40001,2988.0209,-3.637,-3.14,42.3078,70.63,77.4182,0.157,79.5612,3163.3352333333332,32.048633333333335,98.72333333333334,-2.4523333333333333,1.4929,3,11.492620770013234,-175.3143,10.2592,-28.093,-1.185,78.0683,15.255,-1.6192,0.3057,1.9516,-0.0669,-0.1568
M00782,2026-09-24 14:30:25,S4,False,AMP-08-003,Ampoule,Sesame oil vehicle (depot),Oil-based depot,Substituted,Under-fill (50% air),gross,"ANT-A (double-ridged horn, ETS 3115)",9,23.86,54.4,S11,2800.0,3200.0,0.01,40001,3181.5975,-2.479,1.71,22.0358,144.38,3.4469,0.008,1.1635,3173.7279333333336,22.4438,141.47,-2.4746666666666663,4.3728,3,2.761500217876818,7.8696,-0.408,2.91,-0.004,-3.2093,2.85,0.0599,2.3897,1.242,0.3893,-0.1391
M00783,2026-09-24 14:30:38,S4,False,VIA-03-003,Vial,Reconstituted lyophilised antibiotic,Reconstituted powder,Heat-stressed 60C,,subtle,"ANT-A (double-ridged horn, ETS 3115)",10,24.28,66.1,S11,2800.0,3200.0,0.01,40001,2974.5416,-4.238,20.66,42.9031,69.33,67.7285,0.18533,66.3184,2970.9085,40.67933333333333,73.05333333333333,-3.967,67.5883,3,4.7629304792323435,3.6331,2.2238,-3.723,-0.271,-1.2699,0.763,-0.433,1.6835,-0.4772,-1.1258,-0.053
M00784,2026-09-24 14:30:50,S4,False,AMP-05-002,Ampoule,Aqueous small-volume parenteral,Aqueous SVP,Heat-stressed 60C,,subtle,"ANT-A (double-ridged horn, ETS 3115)",4,25.18,53.4,S11,2800.0,3200.0,0.01,40001,3006.3247,-3.922,-8.98,35.375,84.98,74.8764,0.17531,77.1298,3009.5727666666667,36.064766666666664,83.47333333333333,-3.9596666666666667,75.60163333333334,3,3.013810493931699,-3.2481,-0.6898,1.507,0.038,1.5282,1.078,-0.1511,-3.7003,-0.2063,-1.5474,-0.1352
M00785,2026-09-24 14:31:03,S4,False,SYR-13-001,Syrup,Sorbitol sugar-free syrup,Sorbitol syrup,Fresh,,none,"ANT-A (double-ridged horn, ETS 3115)",7,24.45,58.7,S11,2800.0,3200.0,0.01,40001,2976.8543,-4.028,26.8,50.7911,58.61,54.5255,0.215,53.904,2968.5839,52.684400000000004,56.36000000000001,-3.955,56.27693333333334,3,8.7055236126266,8.2704,-1.8933,2.25,-0.073,-2.3729,0.95,-0.8894,6.7752,4.0178,0.2431,0.0116
M00786,2026-09-24 14:31:16,S4,False,VIA-02-003,Vial,Dextrose 5% injectable,Dextrose injectable,Expired (24 mo),,subtle,ANT-B (directional dipole),2,23.7,64.8,S11,2800.0,3200.0,0.01,40001,2945.9191,-3.602,1.65,47.9404,61.45,71.0205,0.15519,69.2488,2945.010733333333,47.578833333333336,61.93333333333334,-3.558,69.56843333333333,3,5.7612525463941955,0.9084,0.3616,-0.483,-0.044,-0.3196,0.158,2.307,1.3273,1.9516,-0.3397,0.0309
M00787,2026-09-24 14:31:28,S4,False,AMP-06-003,Ampoule,Propylene glycol cosolvent 40%,Cosolvent injectable,Expired (24 mo),,subtle,ANT-B (directional dipole),9,24.29,51.8,S11,2800.0,3200.0,0.01,40001,3072.9775,-4.27,-0.19,50.6696,60.65,38.3566,0.22026,39.4561,3072.9187333333334,50.1393,61.31333333333333,-3.928666666666667,39.488400000000006,3,6.722757563926655,0.0588,0.5303,-0.663,-0.341,-0.0323,0.009,-0.806,-0.3472,-1.2437,-1.1482,0.0989
M00788,2026-09-24 14:31:41,S4,False,VIA-01-004,Vial,Aqueous injectable (0.9% NaCl base),Saline injectable,Heat-stressed 60C,,subtle,"ANT-A (double-ridged horn, ETS 3115)",9,23.92,57.9,S11,2800.0,3200.0,0.01,40001,2946.5886,-3.902,8.32,39.3308,74.92,74.5034,0.17031,75.1824,2946.515266666667,40.158433333333335,73.38333333333333,-3.894,75.2094,3,3.0051414780895436,0.0733,-0.8276,1.537,-0.008,-0.027,0.024,0.8702,3.5762,1.242,-1.7428,-0.2105
M00789,2026-09-24 14:31:54,S4,False,SYR-14-003,Syrup,"Suspension, antacid",Antacid suspension,Freeze-thaw cycled,,subtle,ANT-B (directional dipole),7,23.74,77.9,S11,2800.0,3200.0,0.01,40001,2935.5956,-4.15,-19.14,67.3785,43.57,58.8101,0.25023,60.2435,2946.3830333333335,66.51326666666667,44.30666666666667,-4.038666666666667,57.14176666666666,3,6.152910509939971,-10.7874,0.8652,-0.737,-0.111,3.1017,1.753,2.4849,-5.4806,-6.291,-0.7407,-0.2223
M00790,2026-09-24 14:32:07,S4,False,SYR-12-003,Syrup,Sucrose-based paediatric syrup 65% w/v,Sucrose syrup,Substituted,Empty / air,gross,"ANT-A (double-ridged horn, ETS 3115)",2,24.82,67.8,S11,2800.0,3200.0,0.01,40001,3187.0511,-2.4,7.46,22.3905,142.34,1.0,0.0,-0.1644,3016.9426333333336,55.7103,54.156666666666666,-4.471666666666667,42.32893333333333,3,2.215278073590952,170.1085,-33.3198,88.183,2.072,-42.4933,76.789,1.1167,4.0295,1.996,0.0223,-0.1175
M00791,2026-09-24 14:32:19,S4,False,SYR-12-001,Syrup,Sucrose-based paediatric syrup 65% w/v,Sucrose syrup,Freeze-thaw cycled,,subtle,"ANT-A (double-ridged horn, ETS 3115)",1,24.49,40.6,S11,2800.0,3200.0,0.01,40001,3019.5095,-4.51,-2.41,56.817,53.14,42.1496,0.23521,41.6334,3020.9702666666667,55.3294,54.61333333333334,-4.332666666666667,41.24103333333333,3,5.12499634861657,-1.4608,1.4876,-1.473,-0.177,0.3924,0.285,3.8975,-0.6111,-0.8647,-0.6858,0.1339
M00792,2026-09-24 14:32:32,S4,False,AMP-07-001,Ampoule,Ethanolic cosolvent 30%,Ethanolic injectable,Fresh,,none,ANT-B (directional dipole),4,23.16,50.3,S11,2800.0,3200.0,0.01,40001,3097.8165,-4.257,-10.87,52.5855,58.91,28.6771,0.24,28.8053,3104.5512333333336,53.32176666666667,58.24333333333334,-3.9156666666666666,25.92246666666667,3,7.085919800797684,-6.7347,-0.7363,0.667,-0.341,2.8828,0.95,0.1224,-1.2155,-0.0577,0.218,0.1421
M00793,2026-09-24 14:32:45,S4,False,VIA-02-002,Vial,Dextrose 5% injectable,Dextrose injectable,Photodegraded,,subtle,"ANT-A (double-ridged horn, ETS 3115)",9,24.03,62.8,S11,2800.0,3200.0,0.01,40001,2964.1134,-3.533,12.44,37.4537,79.14,70.1819,0.15522,68.5919,2958.4364333333338,38.30213333333333,77.33999999999999,-3.7336666666666667,70.55883333333334,3,5.615358601490375,5.677,-0.8484,1.8,0.201,-1.9669,1.011,0.4257,6.3411,1.242,-0.9998,-0.1302
M00794,2026-09-24 14:32:57,S4,False,SYR-12-001,Syrup,Sucrose-based paediatric syrup 65% w/v,Sucrose syrup,Heat-stressed 60C,,subtle,"ANT-A (double-ridged horn, ETS 3115)",3,24.07,49.8,S11,2800.0,3200.0,0.01,40001,3011.8635,-4.167,-16.09,57.8301,52.08,42.1748,0.23542,43.709,3020.9702666666667,55.3294,54.61333333333334,-4.332666666666667,41.24103333333333,3,5.12499634861657,-9.1068,2.5007,-2.533,0.166,2.468,1.777,3.8975,-6.8131,-4.4578,-1.8967,-0.0059
M00795,2026-09-24 14:33:10,S4,False,SYR-12-001,Syrup,Sucrose-based paediatric syrup 65% w/v,Sucrose syrup,Fresh,,none,"ANT-A (double-ridged horn, ETS 3115)",6,24.24,70.6,S11,2800.0,3200.0,0.01,40001,3029.9114,-3.701,29.23,58.0618,52.18,42.2249,0.235,38.8349,3020.9702666666667,55.3294,54.61333333333334,-4.332666666666667,41.24103333333333,3,5.12499634861657,8.9411,2.7324,-2.433,0.632,-2.4061,1.745,3.8975,9.6691,7.2171,-0.0705,-0.0805
M00796,2026-09-24 14:33:23,S4,False,AMP-08-001,Ampoule,Sesame oil vehicle (depot),Oil-based depot,Fresh,,none,"ANT-A (double-ridged horn, ETS 3115)",7,24.97,57.0,S11,2800.0,3200.0,0.01,40001,3184.3208,-2.465,18.59,22.6144,140.81,2.7706,0.008,0.0587,3173.7732666666666,22.3832,141.81333333333336,-2.472,4.353766666666666,3,1.9003076917523627,10.5475,0.2312,-1.003,0.007,-4.2951,5.55,0.1027,6.698,4.0178,-0.0296,-0.1242
M00797,2026-09-24 14:33:35,S4,False,AMP-07-001,Ampoule,Ethanolic cosolvent 30%,Ethanolic injectable,Expired (24 mo),,subtle,"ANT-A (double-ridged horn, ETS 3115)",9,23.97,50.1,S11,2800.0,3200.0,0.01,40001,3114.1483,-4.678,-7.24,42.0111,74.13,28.5593,0.24029,29.1477,3114.0538666666666,42.18503333333333,73.82666666666667,-4.559666666666667,29.188866666666666,3,2.2642032469134166,0.0944,-0.1739,0.303,-0.118,-0.0412,0.042,0.1224,-0.9751,1.242,-0.9208,-0.0365
M00798,2026-09-24 14:33:48,S4,False,EYE-11-002,Eyedrop,Carbomer gel-forming drops,Gel-forming ophthalmic,Heat-stressed 60C,,subtle,ANT-B (directional dipole),9,25.05,66.0,S11,2800.0,3200.0,0.01,40001,3078.6409,-3.86,19.4,42.6366,72.21,60.9324,0.20537,57.6684,3075.7427000000002,42.20536666666667,72.91666666666667,-3.987,59.66533333333333,3,1.9405959883499315,2.8982,0.4312,-0.707,0.127,-1.9969,1.493,-0.9302,5.7365,-1.2437,-1.2504,-0.07
M00799,2026-09-24 14:34:01,S4,False,AMP-07-004,Ampoule,Ethanolic cosolvent 30%,Ethanolic injectable,Photodegraded,,subtle,"ANT-A (double-ridged horn, ETS 3115)",3,24.66,58.5,S11,2800.0,3200.0,0.01,40001,3116.1708,-4.327,-0.63,42.3119,73.65,26.8185,0.24034,28.282,3120.3013666666666,41.6603,74.92,-4.652666666666667,26.51953333333333,3,1.4298641835268862,-4.1306,0.6516,-1.27,0.326,1.7625,2.889,0.2657,-3.1071,-4.4578,-1.2854,-0.0118
M00800,2026-09-24 14:34:14,S4,False,AMP-07-001,Ampoule,Ethanolic cosolvent 30%,Ethanolic injectable,Photodegraded,,subtle,"ANT-A (double-ridged horn, ETS 3115)",7,24.4,37.1,S11,2800.0,3200.0,0.01,40001,3117.1592,-4.66,8.07,43.1248,72.28,28.5103,0.24034,27.8595,3114.0538666666666,42.18503333333333,73.82666666666667,-4.559666666666667,29.188866666666666,3,2.2642032469134166,3.1053,0.9398,-1.547,-0.1,-1.3294,1.371,0.1224,1.3598,4.0178,-0.427,0.0319
M00801,2026-09-24 14:34:26,S4,False,AMP-08-002,Ampoule,Sesame oil vehicle (depot),Oil-based depot,Fresh,,none,"ANT-A (double-ridged horn, ETS 3115)",2,24.75,57.2,S11,2800.0,3200.0,0.01,40001,3178.0037,-2.475,12.94,22.1549,143.44,2.9877,0.008,2.6257,3172.689966666667,22.79103333333333,139.46333333333334,-2.474,4.797533333333333,3,2.3275452784709505,5.3137,-0.6361,3.977,-0.001,-2.1718,2.283,-1.6192,2.5446,1.996,0.0119,0.0398
M00802,2026-09-24 14:34:39,S4,False,AMP-06-004,Ampoule,Propylene glycol cosolvent 40%,Cosolvent injectable,Fresh,,none,"ANT-A (double-ridged horn, ETS 3115)",2,24.85,67.7,S11,2800.0,3200.0,0.01,40001,3097.1825,-4.512,10.28,38.4225,80.61,38.1949,0.22,36.3185,3094.2628666666665,40.70586666666667,76.06666666666666,-4.290666666666667,37.5896,3,4.911327455315147,2.9196,-2.2834,4.543,-0.221,-1.2711,0.594,0.392,2.0431,1.996,-0.0078,0.1568
M00803,2026-09-24 14:34:52,S4,False,VIA-02-001,Vial,Dextrose 5% injectable,Dextrose injectable,Expired (24 mo),,subtle,"ANT-A (double-ridged horn, ETS 3115)",3,25.26,47.9,S11,2800.0,3200.0,0.01,40001,2960.0003,-3.884,-2.68,37.8478,78.21,70.1182,0.15519,70.0132,2959.6769,39.059599999999996,75.86666666666666,-3.685333333333334,70.12873333333333,3,5.507539468764639,0.3234,-1.2118,2.343,-0.199,-0.1155,0.059,0.8112,-2.042,-4.4578,-0.5265,0.2682
M00804,2026-09-24 14:35:04,S4,False,AMP-05-002,Ampoule,Aqueous small-volume parenteral,Aqueous SVP,Heat-stressed 60C,,subtle,ANT-B (directional dipole),2,24.88,52.9,S11,2800.0,3200.0,0.01,40001,2989.3556,-3.591,-4.67,42.1391,70.94,74.9577,0.17531,77.3363,2998.8361,44.1175,68.0,-3.679,72.86026666666667,3,2.832117742962081,-9.4805,-1.9784,2.94,0.088,4.476,3.347,-0.1511,-3.6397,1.9516,-1.9228,-0.0538
M00805,2026-09-24 14:35:17,S4,False,VIA-01-003,Vial,Aqueous injectable (0.9% NaCl base),Saline injectable,Fresh,,none,"ANT-A (double-ridged horn, ETS 3115)",2,23.47,54.4,S11,2800.0,3200.0,0.01,40001,2946.146,-3.996,1.24,40.8412,72.14,75.0919,0.17,75.3389,2943.611066666667,40.9355,71.91666666666667,-3.792333333333333,76.24063333333334,3,6.074375574767549,2.5349,-0.0943,0.223,-0.204,-0.9017,0.417,-0.7191,-0.1688,1.996,-0.1406,-0.1616
M00806,2026-09-24 14:35:30,S4,False,SYR-13-002,Syrup,Sorbitol sugar-free syrup,Sorbitol syrup,Freeze-thaw cycled,,subtle,"ANT-A (double-ridged horn, ETS 3115)",5,24.17,62.1,S11,2800.0,3200.0,0.01,40001,2978.0386,-4.259,-2.39,49.4388,60.24,54.9415,0.21519,53.5668,2981.788966666667,50.7285,58.79666666666666,-4.341666666666667,52.5036,3,4.200795829760327,-3.7504,-1.2897,1.443,0.083,1.0632,0.893,1.4525,-2.7292,-0.9385,-0.9268,0.0387
M00807,2026-09-24 14:35:42,S4,False,VIA-02-004,Vial,Dextrose 5% injectable,Dextrose injectable,Freeze-thaw cycled,,subtle,"ANT-A (double-ridged horn, ETS 3115)",10,25.12,44.8,S11,2800.0,3200.0,0.01,40001,2957.2527,-3.82,-1.59,39.3673,75.12,70.8962,0.15514,70.9659,2957.751866666667,40.15776666666667,73.76666666666667,-3.7603333333333335,70.7941,3,3.547992773855898,-0.4992,-0.7905,1.353,-0.06,0.1718,0.141,1.5589,-0.0058,-0.4772,-0.856,0.0607
M00808,2026-09-24 14:35:55,S4,False,AMP-07-003,Ampoule,Ethanolic cosolvent 30%,Ethanolic injectable,Expired (24 mo),,subtle,"ANT-A (double-ridged horn, ETS 3115)",2,25.0,54.8,S11,2800.0,3200.0,0.01,40001,3118.6667,-4.51,0.37,42.7543,72.94,27.8989,0.24029,27.216,3115.8472333333334,41.6099,74.89,-4.494,28.422266666666662,3,3.7144493324492736,2.8195,1.1444,-1.95,-0.016,-1.2063,0.759,0.802,1.3282,1.996,-1.165,0.1889
M00809,2026-09-24 14:36:08,S4,False,SYR-12-002,Syrup,Sucrose-based paediatric syrup 65% w/v,Sucrose syrup,Fresh,,none,ANT-B (directional dipole),3,24.53,60.5,S11,2800.0,3200.0,0.01,40001,3007.4565,-3.767,35.37,63.8271,47.12,43.0064,0.235,40.3981,3000.8172,64.25143333333334,46.71666666666667,-4.163,42.201433333333334,3,1.319799534020082,6.6393,-0.4243,0.403,0.396,-1.8033,5.031,-0.7037,10.3621,6.0478,-0.0545,-0.1805
M00810,2026-09-24 14:36:21,S4,False,SYR-13-003,Syrup,Sorbitol sugar-free syrup,Sorbitol syrup,Photodegraded,,subtle,"ANT-A (double-ridged horn, ETS 3115)",9,25.36,56.1,S11,2800.0,3200.0,0.01,40001,2973.2004,-4.325,16.14,51.0364,58.26,54.7244,0.2153,54.9467,2969.791533333333,50.919900000000005,58.34,-4.188666666666666,55.925333333333334,3,5.0048180689545285,3.4089,0.1165,-0.08,-0.136,-0.9786,0.681,0.0738,1.417,1.242,-1.1699,-0.0519
M00811,2026-09-24 14:36:33,S4,False,SYR-12-001,Syrup,Sucrose-based paediatric syrup 65% w/v,Sucrose syrup,Substituted,Empty / air,gross,ANT-B (directional dipole),9,24.27,68.6,S11,2800.0,3200.0,0.01,40001,3168.3704,-2.4,5.58,30.6448,103.39,1.0,0.0,0.1023,3004.3220333333334,65.5994,45.82,-4.211666666666667,41.24796666666666,3,0.8780048652103091,164.0484,-34.9546,57.57,1.812,-41.1457,186.842,3.8975,0.2604,-1.2437,-0.1922,-0.0952
M00812,2026-09-24 14:36:46,S4,False,SYR-12-001,Syrup,Sucrose-based paediatric syrup 65% w/v,Sucrose syrup,Substituted,Diluted 2x with water,gross,ANT-B (directional dipole),3,25.01,62.9,S11,2800.0,3200.0,0.01,40001,2939.5977,-3.905,-8.43,58.7703,50.02,59.8017,0.196,59.4078,3004.3220333333334,65.5994,45.82,-4.211666666666667,41.24796666666666,3,0.8780048652103091,-64.7243,-6.8291,4.2,0.307,18.1598,73.717,3.8975,-0.8189,6.0478,-0.6255,0.0084
M00813,2026-09-24 14:36:59,S4,False,AMP-08-001,Ampoule,Sesame oil vehicle (depot),Oil-based depot,Freeze-thaw cycled,,subtle,"ANT-A (double-ridged horn, ETS 3115)",1,25.34,64.9,S11,2800.0,3200.0,0.01,40001,3179.1797,-2.479,2.88,22.6594,140.3,2.7682,0.00801,2.1467,3173.7732666666666,22.3832,141.81333333333336,-2.472,4.353766666666666,3,1.9003076917523627,5.4064,0.2762,-1.513,-0.007,-2.2071,2.845,0.1027,1.5367,-0.8647,-0.4409,0.3011
M00814,2026-09-24 14:37:11,S4,False,EYE-11-003,Eyedrop,Carbomer gel-forming drops,Gel-forming ophthalmic,Fresh,,none,"ANT-A (double-ridged horn, ETS 3115)",8,24.48,60.4,S11,2800.0,3200.0,0.01,40001,3091.9592,-4.217,4.31,31.5892,97.88,61.3515,0.205,60.2084,3090.2464999999997,32.57293333333334,94.94333333333333,-4.125,61.3906,3,5.017370118896931,1.7127,-0.9837,2.937,-0.092,-1.1822,0.341,-0.9366,1.9717,2.2515,0.1093,-0.0357
M00815,2026-09-24 14:37:24,S4,False,AMP-07-003,Ampoule,Ethanolic cosolvent 30%,Ethanolic injectable,Heat-stressed 60C,,subtle,"ANT-A (double-ridged horn, ETS 3115)",5,24.36,60.5,S11,2800.0,3200.0,0.01,40001,3118.1853,-4.578,8.04,41.7582,74.67,27.9455,0.24043,27.4214,3115.8472333333334,41.6099,74.89,-4.494,28.422266666666662,3,3.7144493324492736,2.3381,0.1483,-0.22,-0.084,-1.0009,0.629,0.802,1.7813,-0.9385,-1.5854,-0.2168
M00816,2026-09-24 14:37:37,S4,False,EYE-09-002,Eyedrop,Aqueous ophthalmic + BAK preservative,Ophthalmic aqueous,Substituted,Diluted 2x with water,gross,"ANT-A (double-ridged horn, ETS 3115)",5,25.03,58.0,S11,2800.0,3200.0,0.01,40001,3071.2372,-3.757,0.37,28.3152,108.47,75.0691,0.161,73.7027,3071.2416,30.780333333333335,99.83999999999999,-3.853666666666667,73.70293333333333,3,3.8298250782508076,-0.0044,-2.4651,8.63,0.097,-0.0002,0.001,-2.4444,2.8432,-0.9385,-0.4123,0.1672
M00817,2026-09-24 14:37:49,S4,False,EYE-11-003,Eyedrop,Carbomer gel-forming drops,Gel-forming ophthalmic,Substituted,Empty / air,gross,ANT-B (directional dipole),10,24.47,67.6,S11,2800.0,3200.0,0.01,40001,3167.9795,-2.4,9.35,29.9105,105.92,1.0,0.0,-1.1998,3078.5489333333335,40.806400000000004,75.45,-3.8043333333333336,57.735733333333336,3,4.277571078700361,89.4306,-10.8959,30.47,1.404,-58.9355,20.907,-0.9366,4.4141,2.3219,-0.0037,0.0056
M00818,2026-09-24 14:38:02,S4,False,AMP-05-002,Ampoule,Aqueous small-volume parenteral,Aqueous SVP,Freeze-thaw cycled,,subtle,ANT-B (directional dipole),2,24.09,58.1,S11,2800.0,3200.0,0.01,40001,2992.7204,-3.763,-5.13,43.9208,68.14,75.2376,0.17516,75.7424,2998.8361,44.1175,68.0,-3.679,72.86026666666667,3,2.832117742962081,-6.1157,-0.1967,0.14,-0.084,2.8821,2.159,-0.1511,-0.7778,1.9516,-1.0517,0.1685
M00819,2026-09-24 14:38:15,S4,False,SYR-12-003,Syrup,Sucrose-based paediatric syrup 65% w/v,Sucrose syrup,Photodegraded,,subtle,ANT-B (directional dipole),8,24.04,57.6,S11,2800.0,3200.0,0.01,40001,3005.1011,-3.998,9.67,62.8596,47.81,41.9613,0.23533,41.0364,3000.4796,66.6531,45.03333333333333,-4.068333333333333,42.29573333333334,3,5.188658509672827,4.6215,-3.7935,2.777,0.07,-1.2593,0.891,1.1167,4.4842,-0.5187,-0.688,0.1372
M00820,2026-09-24 14:38:28,S4,False,AMP-05-003,Ampoule,Aqueous small-volume parenteral,Aqueous SVP,Fresh,,none,"ANT-A (double-ridged horn, ETS 3115)",4,23.85,59.5,S11,2800.0,3200.0,0.01,40001,3007.6985,-4.087,-3.93,35.0447,85.82,76.3027,0.175,76.4823,3005.7253333333333,35.70423333333333,84.21,-3.9103333333333334,77.41550000000001,3,4.26068180498541,1.9732,-0.6595,1.61,-0.177,-0.9332,0.463,0.7996,-0.3665,-0.2063,-0.0428,-0.1931
M00821,2026-09-24 14:38:40,S4,False,SYR-14-001,Syrup,"Suspension, antacid",Antacid suspension,Substituted,Under-fill (50% air),gross,ANT-B (directional dipole),8,25.27,55.2,S11,2800.0,3200.0,0.01,40001,3038.6261,-4.205,-16.95,49.8538,60.95,57.6514,0.25,31.9197,2944.604033333333,64.75643333333333,45.47666666666667,-4.192333333333333,57.6481,3,1.5092290228238854,94.0221,-14.9026,15.473,-0.013,-25.7284,62.298,1.2244,-4.9773,-0.5187,-0.1389,-0.0009
M00822,2026-09-24 14:38:53,S4,False,EYE-11-003,Eyedrop,Carbomer gel-forming drops,Gel-forming ophthalmic,Fresh,,none,"ANT-A (double-ridged horn, ETS 3115)",3,24.83,61.0,S11,2800.0,3200.0,0.01,40001,3083.5498,-3.949,-22.71,34.3287,89.82,61.2759,0.205,66.0045,3090.2464999999997,32.57293333333334,94.94333333333333,-4.125,61.3906,3,5.017370118896931,-6.6967,1.7558,-5.123,0.176,4.6139,1.335,-0.9366,-6.5143,-4.4578,-0.1012,0.1422
M00823,2026-09-24 14:39:06,S4,False,EYE-09-002,Eyedrop,Aqueous ophthalmic + BAK preservative,Ophthalmic aqueous,Fresh,,none,"ANT-A (double-ridged horn, ETS 3115)",2,24.48,49.3,S11,2800.0,3200.0,0.01,40001,3074.4484,-3.955,0.73,30.3296,101.37,72.7881,0.165,71.4838,3071.2416,30.780333333333335,99.83999999999999,-3.853666666666667,73.70293333333333,3,3.8298250782508076,3.2068,-0.4507,1.53,-0.101,-2.2191,0.837,-2.4444,2.5389,1.996,-0.0754,0.1013
M00824,2026-09-24 14:39:18,S4,False,EYE-09-003,Eyedrop,Aqueous ophthalmic + BAK preservative,Ophthalmic aqueous,Expired (24 mo),,subtle,ANT-B (directional dipole),9,24.13,60.5,S11,2800.0,3200.0,0.01,40001,3055.1599,-3.661,-3.53,39.2699,77.8,72.8816,0.1652,73.1368,3060.0869,38.779066666666665,78.91666666666667,-3.646333333333333,69.72019999999999,3,2.3357162477488846,-4.927,0.4908,-1.117,-0.015,3.4166,2.109,1.6275,-1.3872,-1.2437,-0.7672,-0.0381
M00825,2026-09-24 14:39:31,S4,False,SYR-14-003,Syrup,"Suspension, antacid",Antacid suspension,Freeze-thaw cycled,,subtle,"ANT-A (double-ridged horn, ETS 3115)",5,23.21,52.1,S11,2800.0,3200.0,0.01,40001,2959.6766,-4.784,-5.28,56.348,52.52,58.9218,0.25023,57.9936,2956.6801666666665,59.51773333333333,49.68,-4.269666666666667,58.855133333333335,3,6.802436622515,2.9964,-3.1697,2.84,-0.514,-0.8615,0.44,2.4849,1.9485,-0.9385,-0.3349,0.1595
M00826,2026-09-24 14:39:44,S4,False,SYR-14-001,Syrup,"Suspension, antacid",Antacid suspension,Fresh,,none,ANT-B (directional dipole),4,24.15,70.1,S11,2800.0,3200.0,0.01,40001,2943.2286,-4.349,7.17,63.2795,46.51,57.8828,0.25,58.0426,2944.604033333333,64.75643333333333,45.47666666666667,-4.192333333333333,57.6481,3,1.5092290228238854,-1.3754,-1.4769,1.033,-0.157,0.3945,0.911,1.2244,1.0488,-0.0577,-0.018,0.189
M00827,2026-09-24 14:39:56,S4,False,SYR-13-003,Syrup,Sorbitol sugar-free syrup,Sorbitol syrup,Expired (24 mo),,subtle,"ANT-A (double-ridged horn, ETS 3115)",4,24.79,59.5,S11,2800.0,3200.0,0.01,40001,2972.3069,-4.413,9.43,50.8009,58.51,54.8476,0.21526,55.2022,2969.791533333333,50.919900000000005,58.34,-4.188666666666666,55.925333333333334,3,5.0048180689545285,2.5154,-0.119,0.17,-0.224,-0.7231,0.503,0.0738,0.2468,-0.2063,-0.3713,-0.1404
M00828,2026-09-24 14:40:09,S4,False,EYE-11-001,Eyedrop,Carbomer gel-forming drops,Gel-forming ophthalmic,Fresh,,none,"ANT-A (double-ridged horn, ETS 3115)",9,23.94,59.3,S11,2800.0,3200.0,0.01,40001,3093.2345,-4.181,14.01,32.6398,94.77,61.5704,0.205,59.3335,3086.6611666666668,32.05753333333333,96.31666666666666,-4.024,63.85773333333333,3,3.842836939467295,6.5733,0.5823,-1.547,-0.157,-4.5242,1.711,-1.1781,2.9453,1.242,0.0884,-0.1874
M00829,2026-09-24 14:40:22,S4,False,SYR-14-003,Syrup,"Suspension, antacid",Antacid suspension,Expired (24 mo),,subtle,"ANT-A (double-ridged horn, ETS 3115)",9,24.02,46.9,S11,2800.0,3200.0,0.01,40001,2957.9969,-4.607,-1.15,57.2988,51.62,58.7336,0.2503,58.4737,2956.6801666666665,59.51773333333333,49.68,-4.269666666666667,58.855133333333335,3,6.802436622515,1.3167,-2.2189,1.94,-0.337,-0.3814,0.194,2.4849,0.1984,1.242,-0.5531,-0.2116
M00830,2026-09-24 14:40:35,S4,False,AMP-06-002,Ampoule,Propylene glycol cosolvent 40%,Cosolvent injectable,Expired (24 mo),,subtle,"ANT-A (double-ridged horn, ETS 3115)",1,24.2,53.1,S11,2800.0,3200.0,0.01,40001,3090.9727,-4.466,7.57,42.1724,73.29,38.6251,0.22026,39.0191,3091.9072,41.02533333333333,75.53333333333333,-4.282,38.61493333333333,3,4.781933739608016,-0.9345,1.1471,-2.243,-0.184,0.4042,0.195,0.8601,-0.579,-0.8647,-1.3782,-0.0534
M00831,2026-09-24 14:40:47,S4,False,EYE-10-001,Eyedrop,HPMC viscous artificial tears,Viscous ophthalmic,Freeze-thaw cycled,,subtle,"ANT-A (double-ridged horn, ETS 3115)",1,23.97,54.3,S11,2800.0,3200.0,0.01,40001,3079.5685,-4.125,8.62,30.928,99.57,66.8866,0.19518,67.1738,3081.090733333333,32.11686666666667,95.96999999999998,-4.179333333333333,66.1435,3,2.751302572116398,-1.5222,-1.1889,3.6,0.054,1.0303,0.553,0.1182,-0.0555,-0.8647,-0.3685,0.1169
M00832,2026-09-24 14:41:00,S4,False,EYE-09-001,Eyedrop,Aqueous ophthalmic + BAK preservative,Ophthalmic aqueous,Heat-stressed 60C,,subtle,"ANT-A (double-ridged horn, ETS 3115)",5,24.64,52.7,S11,2800.0,3200.0,0.01,40001,3070.4101,-3.817,-12.98,30.4573,100.81,71.651,0.1653,74.2754,3072.0003999999994,29.982033333333334,102.54333333333334,-3.8043333333333336,73.17653333333334,3,2.834366791719126,-1.5903,0.4753,-1.733,-0.013,1.0989,0.561,0.4017,-4.0824,-0.9385,-1.5054,-0.093
M00833,2026-09-24 14:41:13,S4,False,SYR-13-002,Syrup,Sorbitol sugar-free syrup,Sorbitol syrup,Heat-stressed 60C,,subtle,"ANT-A (double-ridged horn, ETS 3115)",4,24.76,61.7,S11,2800.0,3200.0,0.01,40001,2976.3775,-4.182,-16.45,52.5667,56.62,54.7758,0.21539,54.0398,2981.788966666667,50.7285,58.79666666666666,-4.341666666666667,52.5036,3,4.200795829760327,-5.4115,1.8382,-2.177,0.16,1.5362,1.288,1.4525,-4.8287,-0.2063,-1.0407,0.0287
M00834,2026-09-24 14:41:25,S4,False,VIA-03-002,Vial,Reconstituted lyophilised antibiotic,Reconstituted powder,Heat-stressed 60C,,subtle,"ANT-A (double-ridged horn, ETS 3115)",1,24.75,61.6,S11,2800.0,3200.0,0.01,40001,2972.4655,-3.875,14.56,38.1386,77.94,68.3921,0.18533,67.0419,2965.7019333333337,42.46866666666667,69.83999999999999,-4.0809999999999995,69.41096666666667,3,3.1864565340410076,6.7636,-4.3301,8.1,0.206,-2.3691,2.123,-2.8023,5.9466,-0.8647,-1.2254,0.0603
M00835,2026-09-24 14:41:38,S4,False,VIA-02-001,Vial,Dextrose 5% injectable,Dextrose injectable,Expired (24 mo),,subtle,"ANT-A (double-ridged horn, ETS 3115)",3,24.63,58.1,S11,2800.0,3200.0,0.01,40001,2955.5838,-3.667,-13.43,40.4678,73.04,70.2761,0.15519,71.5459,2959.6769,39.059599999999996,75.86666666666666,-3.685333333333334,70.12873333333333,3,5.507539468764639,-4.0931,1.4082,-2.827,0.018,1.4172,0.743,0.8112,-4.9586,-4.4578,-1.1884,-0.1172
M00836,2026-09-24 14:41:51,S4,False,VIA-04-001,Vial,Buffered protein formulation,Biologic solution,Substituted,Ethanol 95%,gross,ANT-B (directional dipole),9,24.05,62.3,S11,2800.0,3200.0,0.01,40001,3094.9751,-4.65,-0.63,70.7794,43.73,21.4735,0.31,21.3915,2941.772033333333,49.41329999999999,59.53333333333333,-3.6016666666666666,71.54116666666667,3,5.833655945745665,153.2031,21.3661,-15.803,-1.048,-50.1497,26.262,0.2135,0.4128,-1.2437,0.0104,0.2075
M00837,2026-09-24 14:42:03,S4,False,AMP-06-003,Ampoule,Propylene glycol cosolvent 40%,Cosolvent injectable,Expired (24 mo),,subtle,ANT-B (directional dipole),5,24.15,53.7,S11,2800.0,3200.0,0.01,40001,3081.3225,-3.799,31.49,50.3321,61.22,38.3755,0.22026,35.8072,3072.9187333333334,50.1393,61.31333333333333,-3.928666666666667,39.488400000000006,3,6.722757563926655,8.4038,0.1928,-0.093,0.13,-3.6812,1.25,-0.806,7.8828,3.0499,-0.8064,-0.0846
M00838,2026-09-24 14:42:16,S4,False,SYR-13-002,Syrup,Sorbitol sugar-free syrup,Sorbitol syrup,Heat-stressed 60C,,subtle,"ANT-A (double-ridged horn, ETS 3115)",3,25.08,70.3,S11,2800.0,3200.0,0.01,40001,2972.5245,-3.77,-31.96,53.2947,55.78,54.7116,0.21539,55.14,2981.788966666667,50.7285,58.79666666666666,-4.341666666666667,52.5036,3,4.200795829760327,-9.2645,2.5662,-3.017,0.572,2.6364,2.205,1.4525,-8.9085,-4.4578,-1.1096,0.1063
M00839,2026-09-24 14:42:29,S4,False,VIA-02-002,Vial,Dextrose 5% injectable,Dextrose injectable,Fresh,,none,"ANT-A (double-ridged horn, ETS 3115)",1,24.65,60.0,S11,2800.0,3200.0,0.01,40001,2961.5334,-3.818,3.39,37.1138,79.8,70.1249,0.155,69.4827,2958.4364333333338,38.30213333333333,77.33999999999999,-3.7336666666666667,70.55883333333334,3,5.615358601490375,3.097,-1.1883,2.46,-0.084,-1.0761,0.552,0.4257,2.4648,-0.8647,0.0447,-0.0435
M00840,2026-09-24 14:42:42,S4,False,AMP-08-003,Ampoule,Sesame oil vehicle (depot),Oil-based depot,Heat-stressed 60C,,subtle,"ANT-A (double-ridged horn, ETS 3115)",6,24.58,46.0,S11,2800.0,3200.0,0.01,40001,3182.8242,-2.457,32.46,23.2073,137.15,3.4407,0.00801,0.6655,3173.7279333333336,22.4438,141.47,-2.4746666666666663,4.3728,3,2.761500217876818,9.0963,0.7635,-4.32,0.018,-3.7073,3.294,0.0599,8.311,7.2171,-1.5025,-0.1015
M00841,2026-09-24 14:42:54,S4,False,AMP-05-004,Ampoule,Aqueous small-volume parenteral,Aqueous SVP,Expired (24 mo),,subtle,ANT-B (directional dipole),1,23.48,60.4,S11,2800.0,3200.0,0.01,40001,2995.8579,-3.606,14.56,42.7127,70.14,75.5294,0.17521,74.261,2996.229633333334,44.40656666666666,67.59333333333333,-3.6653333333333333,74.08966666666667,3,5.017573069057528,-0.3717,-1.6939,2.547,0.059,0.1713,0.074,-0.9004,5.3124,-0.9972,-0.8669,-0.1699
M00842,2026-09-24 14:43:07,S4,False,AMP-05-001,Ampoule,Aqueous small-volume parenteral,Aqueous SVP,Substituted,Glycerol,gross,"ANT-A (double-ridged horn, ETS 3115)",3,24.73,52.6,S11,2800.0,3200.0,0.01,40001,3147.5429,-5.851,-2.83,58.581,53.73,14.8146,0.42,14.9332,3008.1085000000003,36.2857,82.90333333333332,-3.8143333333333334,76.29453333333333,3,5.854424420043359,139.4344,22.2953,-29.173,-2.037,-61.3613,23.817,-0.6105,-0.4344,-4.4578,1.0272,-0.1443
M00843,2026-09-24 14:43:20,S4,False,SYR-14-001,Syrup,"Suspension, antacid",Antacid suspension,Fresh,,none,ANT-B (directional dipole),8,24.25,53.7,S11,2800.0,3200.0,0.01,40001,2944.1668,-4.228,11.77,66.3412,44.38,57.8622,0.25,57.7733,2944.604033333333,64.75643333333333,45.47666666666667,-4.192333333333333,57.6481,3,1.5092290228238854,-0.4372,1.5848,-1.097,-0.036,0.1252,0.29,1.2244,2.2328,-0.5187,-0.1441,-0.0031
M00844,2026-09-24 14:43:32,S4,False,VIA-04-004,Vial,Buffered protein formulation,Biologic solution,Expired (24 mo),,subtle,"ANT-A (double-ridged horn, ETS 3115)",4,24.98,47.5,S11,2800.0,3200.0,0.01,40001,2959.0496,-3.737,22.55,41.3324,71.59,71.8766,0.16019,71.1829,2955.7576000000004,39.0161,75.77,-3.828,72.34143333333333,3,3.86097443270468,3.292,2.3163,-4.18,0.091,-1.1585,0.853,0.2685,5.5927,-0.2063,-1.0053,-0.0554
M00845,2026-09-24 14:43:45,S4,False,EYE-11-001,Eyedrop,Carbomer gel-forming drops,Gel-forming ophthalmic,Expired (24 mo),,subtle,ANT-B (directional dipole),3,25.3,54.6,S11,2800.0,3200.0,0.01,40001,3080.4127,-3.721,16.47,42.4198,72.62,61.1971,0.20525,56.4509,3074.5050666666666,42.94053333333333,71.68,-3.829,60.52916666666666,3,6.864686481794751,5.9076,-0.5207,0.94,0.108,-4.0783,0.861,-1.1781,7.6902,6.0478,-1.0974,-0.0966
M00846,2026-09-24 14:43:58,S4,False,SYR-12-002,Syrup,Sucrose-based paediatric syrup 65% w/v,Sucrose syrup,Heat-stressed 60C,,subtle,ANT-B (directional dipole),4,25.26,63.8,S11,2800.0,3200.0,0.01,40001,2995.8034,-4.188,0.44,66.2486,45.22,42.8167,0.23542,43.5709,3000.8172,64.25143333333334,46.71666666666667,-4.163,42.201433333333334,3,1.319799534020082,-5.0138,1.9972,-1.497,-0.025,1.3695,3.799,-0.7037,-0.7021,-0.0577,-1.7071,0.1894
M00847,2026-09-24 14:44:10,S4,False,AMP-08-004,Ampoule,Sesame oil vehicle (depot),Oil-based depot,Fresh,,none,ANT-B (directional dipole),6,24.08,60.9,S11,2800.0,3200.0,0.01,40001,3161.125,-2.461,5.83,31.3956,100.69,2.9839,0.008,2.3801,3159.328766666667,32.03653333333333,98.62333333333333,-2.4633333333333334,3.1184333333333334,3,3.8635392379702136,1.7962,-0.6409,2.067,0.002,-0.7383,0.465,-0.7393,2.3275,-1.3236,-0.193,0.056
M00848,2026-09-24 14:44:23,S4,False,AMP-06-003,Ampoule,Propylene glycol cosolvent 40%,Cosolvent injectable,Expired (24 mo),,subtle,"ANT-A (double-ridged horn, ETS 3115)",2,25.08,52.2,S11,2800.0,3200.0,0.01,40001,3091.3927,-4.454,-3.36,40.9846,75.43,38.2485,0.22026,38.836,3090.130833333333,40.26176666666667,76.86,-4.378666666666667,39.38746666666666,3,2.604092234029727,1.2619,0.7228,-1.43,-0.075,-0.5515,0.485,-0.806,0.6455,1.996,-1.0126,0.1307
M00849,2026-09-24 14:44:36,S4,False,VIA-04-004,Vial,Buffered protein formulation,Biologic solution,Heat-stressed 60C,,subtle,ANT-B (directional dipole),9,25.28,66.9,S11,2800.0,3200.0,0.01,40001,2927.978,-3.37,-28.18,47.6668,61.43,71.7561,0.16029,76.4422,2939.141066666667,48.172599999999996,61.03,-3.545666666666667,72.47276666666666,3,6.684396895257918,-11.1631,-0.5058,0.4,0.176,3.9694,1.67,0.2685,-9.5284,-1.2437,-1.0688,-0.0398
M00850,2026-09-24 14:44:49,S4,False,SYR-13-003,Syrup,Sorbitol sugar-free syrup,Sorbitol syrup,Fresh,,none,"ANT-A (double-ridged horn, ETS 3115)",6,24.89,59.9,S11,2800.0,3200.0,0.01,40001,2979.928,-3.898,15.59,53.5681,55.63,54.8942,0.215,53.0298,2969.791533333333,50.919900000000005,58.34,-4.188666666666666,55.925333333333334,3,5.0048180689545285,10.1365,2.6482,-2.71,0.291,-2.8955,2.025,0.0738,7.5942,7.2171,0.016,-0.0903
M00851,2026-09-24 14:45:01,S4,False,EYE-10-003,Eyedrop,HPMC viscous artificial tears,Viscous ophthalmic,Heat-stressed 60C,,subtle,ANT-B (directional dipole),9,24.41,55.1,S11,2800.0,3200.0,0.01,40001,3054.4589,-3.744,-30.54,41.3284,73.91,65.8784,0.19535,72.7717,3066.2057666666665,40.86986666666667,75.16333333333334,-3.7533333333333334,64.74943333333333,3,6.528731848018948,-11.7469,0.4585,-1.253,0.009,8.0223,1.799,1.9602,-8.2296,-1.2437,-1.0247,0.0575
M00852,2026-09-24 14:45:14,S4,False,EYE-11-001,Eyedrop,Carbomer gel-forming drops,Gel-forming ophthalmic,Expired (24 mo),,subtle,"ANT-A (double-ridged horn, ETS 3115)",8,25.19,64.1,S11,2800.0,3200.0,0.01,40001,3087.0746,-4.198,-14.82,32.1009,96.17,61.2201,0.20525,63.5693,3086.6611666666668,32.05753333333333,96.31666666666666,-4.024,63.85773333333333,3,3.842836939467295,0.4134,0.0434,-0.147,-0.174,-0.2884,0.108,-1.1781,-2.9234,2.2515,-0.8905,-0.0008
M00853,2026-09-24 14:45:27,S4,False,VIA-03-002,Vial,Reconstituted lyophilised antibiotic,Reconstituted powder,Heat-stressed 60C,,subtle,ANT-B (directional dipole),2,26.33,56.3,S11,2800.0,3200.0,0.01,40001,2965.2473,-3.195,45.55,52.9294,56.02,68.0021,0.18533,63.854,2952.1005999999998,51.776199999999996,57.01666666666667,-3.779666666666667,68.45603333333334,3,3.9584438242825883,13.1467,1.1532,-0.997,0.585,-4.602,3.321,-2.8023,14.5019,1.9516,-1.6405,-0.0608
M00854,2026-09-24 14:45:39,S4,False,SYR-13-003,Syrup,Sorbitol sugar-free syrup,Sorbitol syrup,Substituted,Distilled water,gross,ANT-B (directional dipole),7,24.98,55.7,S11,2800.0,3200.0,0.01,40001,2872.9577,-3.414,-11.8,51.2913,56.01,77.5053,0.157,80.1295,2954.9108666666666,63.07136666666667,46.85666666666666,-3.827666666666667,55.511300000000006,3,8.458686743421389,-81.9532,-11.7801,9.153,0.414,24.6182,9.689,0.0738,-7.4045,-6.291,0.1779,0.1131
M00855,2026-09-24 14:45:52,S4,False,AMP-07-002,Ampoule,Ethanolic cosolvent 30%,Ethanolic injectable,Fresh,,none,"ANT-A (double-ridged horn, ETS 3115)",9,24.62,51.7,S11,2800.0,3200.0,0.01,40001,3117.6363,-4.605,1.22,42.8216,72.81,27.9152,0.24,27.6558,3115.5856333333336,43.0876,72.36333333333333,-4.5616666666666665,28.53363333333333,3,3.129206756245622,2.0507,-0.266,0.447,-0.043,-0.8778,0.655,0.5334,1.2383,1.242,-0.1728,-0.1238
M00856,2026-09-24 14:46:05,S4,False,VIA-03-003,Vial,Reconstituted lyophilised antibiotic,Reconstituted powder,Heat-stressed 60C,,subtle,"ANT-A (double-ridged horn, ETS 3115)",5,24.32,52.5,S11,2800.0,3200.0,0.01,40001,2973.1845,-4.217,-3.4,41.2703,72.04,67.7169,0.18533,66.7912,2970.9085,40.67933333333333,73.05333333333333,-3.967,67.5883,3,4.7629304792323435,2.276,0.591,-1.013,-0.25,-0.7971,0.478,-0.433,0.4954,-0.9385,-1.3345,-0.0459
M00857,2026-09-24 14:46:17,S4,False,SYR-14-001,Syrup,"Suspension, antacid",Antacid suspension,Fresh,,none,ANT-B (directional dipole),4,24.59,44.5,S11,2800.0,3200.0,0.01,40001,2934.4717,-3.921,-30.36,64.1327,45.76,57.7919,0.25,60.5691,2944.604033333333,64.75643333333333,45.47666666666667,-4.192333333333333,57.6481,3,1.5092290228238854,-10.1323,-0.6237,0.283,0.271,2.921,6.714,1.2244,-7.9416,-0.0577,-0.152,0.236
M00858,2026-09-24 14:46:30,S4,False,VIA-04-003,Vial,Buffered protein formulation,Biologic solution,Expired (24 mo),,subtle,ANT-B (directional dipole),4,25.21,43.7,S11,2800.0,3200.0,0.01,40001,2941.5817,-3.746,-3.84,48.3861,60.79,71.9597,0.16019,71.6043,2943.010333333333,47.31043333333333,62.21666666666667,-3.5893333333333337,71.10520000000001,3,6.49001281534439,-1.4286,1.0757,-1.427,-0.157,0.4991,0.22,-0.1832,-0.3792,-0.0577,-0.432,0.0477
M00859,2026-09-24 14:46:43,S4,False,SYR-14-002,Syrup,"Suspension, antacid",Antacid suspension,Substituted,Ethanol 95%,gross,ANT-B (directional dipole),9,24.58,58.1,S11,2800.0,3200.0,0.01,40001,3077.4643,-4.691,0.95,79.3327,38.79,21.432,0.31,21.9737,2946.7635333333333,65.11370000000001,45.36000000000001,-4.318333333333334,57.029333333333334,3,1.2711594326966795,130.7008,14.219,-6.57,-0.373,-35.0556,102.82,-0.1467,-1.7375,-1.2437,-0.3145,-0.145
M00860,2026-09-24 14:46:56,S4,False,VIA-01-003,Vial,Aqueous injectable (0.9% NaCl base),Saline injectable,Fresh,,none,ANT-B (directional dipole),4,25.34,57.6,S11,2800.0,3200.0,0.01,40001,2934.3244,-3.676,20.01,49.338,59.47,74.5897,0.17,73.7849,2935.1155,49.16716666666667,59.71666666666667,-3.6523333333333334,73.5083,3,5.238887417190923,-0.7911,0.1708,-0.247,-0.024,0.2766,0.151,-0.7191,2.382,-0.0577,0.1589,-0.0363
M00861,2026-09-24 14:47:08,S4,False,AMP-05-003,Ampoule,Aqueous small-volume parenteral,Aqueous SVP,Expired (24 mo),,subtle,ANT-B (directional dipole),4,24.7,44.6,S11,2800.0,3200.0,0.01,40001,2988.3631,-3.737,-10.81,44.9906,66.42,75.979,0.17521,77.8075,2995.0132,45.2734,66.21666666666667,-3.670666666666667,74.6641,3,5.502703816307044,-6.6501,-0.2828,0.203,-0.066,3.1434,1.209,0.7996,-2.6904,-0.0577,-1.1829,-0.2102
M00862,2026-09-24 14:47:21,S4,False,VIA-01-002,Vial,Aqueous injectable (0.9% NaCl base),Saline injectable,Fresh,,none,"ANT-A (double-ridged horn, ETS 3115)",9,23.81,56.2,S11,2800.0,3200.0,0.01,40001,2944.9147,-3.949,-6.3,39.6184,74.33,74.358,0.17,75.7744,2946.3349,41.778933333333335,70.64666666666666,-3.9616666666666664,75.27243333333332,3,1.7026404552928778,-1.4202,-2.1605,3.683,0.013,0.502,0.834,-0.6633,-1.3774,1.242,0.0157,-0.1155
M00863,2026-09-24 14:47:34,S4,False,AMP-08-004,Ampoule,Sesame oil vehicle (depot),Oil-based depot,Fresh,,none,"ANT-A (double-ridged horn, ETS 3115)",10,24.77,60.7,S11,2800.0,3200.0,0.01,40001,3176.9083,-2.475,-7.08,21.5161,147.65,2.9839,0.008,3.0724,3175.6805666666664,22.1263,143.59,-2.47,3.5787666666666667,3,6.371474143660478,1.2277,-0.6102,4.06,-0.005,-0.5064,0.193,-0.7393,0.4092,-0.4772,-0.0438,0.135
M00864,2026-09-24 14:47:46,S4,False,EYE-09-003,Eyedrop,Aqueous ophthalmic + BAK preservative,Ophthalmic aqueous,Expired (24 mo),,subtle,ANT-B (directional dipole),10,24.3,61.0,S11,2800.0,3200.0,0.01,40001,3064.4047,-3.448,25.63,39.7109,77.17,72.8374,0.1652,66.7373,3060.0869,38.779066666666665,78.91666666666667,-3.646333333333333,69.72019999999999,3,2.3357162477488846,4.3178,0.9318,-1.747,0.198,-2.9829,1.849,1.6275,8.3013,2.3219,-1.4528,0.1404
M00865,2026-09-24 14:47:59,S4,False,EYE-11-001,Eyedrop,Carbomer gel-forming drops,Gel-forming ophthalmic,Heat-stressed 60C,,subtle,"ANT-A (double-ridged horn, ETS 3115)",7,24.41,62.1,S11,2800.0,3200.0,0.01,40001,3091.819,-4.148,17.93,33.7372,91.64,61.3548,0.20537,60.3046,3086.6611666666668,32.05753333333333,96.31666666666666,-4.024,63.85773333333333,3,3.842836939467295,5.1578,1.6797,-4.677,-0.124,-3.5531,1.342,-1.1781,3.0381,4.0178,-2.0061,0.0903
M00866,2026-09-24 14:48:12,S4,False,EYE-11-001,Eyedrop,Carbomer gel-forming drops,Gel-forming ophthalmic,Substituted,Distilled water,gross,"ANT-A (double-ridged horn, ETS 3115)",4,25.01,51.6,S11,2800.0,3200.0,0.01,40001,3066.361,-3.852,-3.31,29.5138,103.9,77.4962,0.157,78.0005,3086.6611666666668,32.05753333333333,96.31666666666666,-4.024,63.85773333333333,3,3.842836939467295,-20.3002,-2.5437,7.583,0.172,14.1428,5.283,-1.1781,-0.857,-0.2063,-0.7181,0.073
M00867,2026-09-24 14:48:24,S4,False,VIA-02-002,Vial,Dextrose 5% injectable,Dextrose injectable,Photodegraded,,subtle,ANT-B (directional dipole),4,25.27,50.3,S11,2800.0,3200.0,0.01,40001,2933.0826,-3.373,-33.59,51.2018,57.28,69.8689,0.15522,73.7375,2947.8617666666664,47.740133333333326,61.82333333333333,-3.4766666666666666,68.57863333333334,3,5.84986037810602,-14.7792,3.4617,-4.543,0.104,5.1589,2.526,0.4257,-9.2308,-0.0577,-1.1634,-0.0573
M00868,2026-09-24 14:48:37,S4,False,EYE-10-003,Eyedrop,HPMC viscous artificial tears,Viscous ophthalmic,Freeze-thaw cycled,,subtle,ANT-B (directional dipole),2,24.57,59.0,S11,2800.0,3200.0,0.01,40001,3063.9603,-3.922,7.31,40.0042,76.59,65.9001,0.19518,66.2681,3066.2057666666665,40.86986666666667,75.16333333333334,-3.7533333333333334,64.74943333333333,3,6.528731848018948,-2.2455,-0.8657,1.427,-0.169,1.5187,0.344,1.9602,1.6505,1.9516,-1.134,-0.1793
M00869,2026-09-24 14:48:50,S4,False,SYR-13-001,Syrup,Sorbitol sugar-free syrup,Sorbitol syrup,Freeze-thaw cycled,,subtle,ANT-B (directional dipole),4,24.71,63.9,S11,2800.0,3200.0,0.01,40001,2949.9675,-3.981,-4.46,60.9183,48.42,54.4245,0.21519,56.9317,2957.7574999999997,60.4115,49.026666666666664,-3.8206666666666664,54.6927,3,8.585649627721924,-7.79,0.5068,-0.607,-0.16,2.239,0.907,-0.8894,-2.4547,-0.0577,-1.3597,-0.0621
M00870,2026-09-24 14:49:03,S4,False,EYE-09-003,Eyedrop,Aqueous ophthalmic + BAK preservative,Ophthalmic aqueous,Fresh,,none,"ANT-A (double-ridged horn, ETS 3115)",2,26.07,63.2,S11,2800.0,3200.0,0.01,40001,3078.3009,-3.901,8.02,30.9641,99.42,72.4633,0.165,68.8307,3073.607633333333,30.280900000000003,101.56,-3.9606666666666666,72.06553333333333,3,2.5609476963288618,4.6933,0.6832,-2.14,0.06,-3.2348,1.833,1.6275,3.789,1.996,-0.1266,-0.2167
M00871,2026-09-24 14:49:15,S4,False,VIA-02-003,Vial,Dextrose 5% injectable,Dextrose injectable,Fresh,,none,"ANT-A (double-ridged horn, ETS 3115)",8,24.95,55.8,S11,2800.0,3200.0,0.01,40001,2964.0836,-3.815,13.52,38.4047,77.18,70.7872,0.155,68.6022,2961.5673666666667,38.934733333333334,76.07,-3.7976666666666667,69.4726,3,3.6970261837500664,2.5162,-0.53,1.11,-0.017,-0.8704,0.681,2.307,2.1037,2.2515,0.0752,0.0641
M00872,2026-09-24 14:49:28,S4,False,SYR-12-002,Syrup,Sucrose-based paediatric syrup 65% w/v,Sucrose syrup,Substituted,Empty / air,gross,"ANT-A (double-ridged horn, ETS 3115)",6,24.65,49.4,S11,2800.0,3200.0,0.01,40001,3191.7837,-2.4,36.19,22.9621,139.0,1.0,0.0,-1.2504,3013.720633333334,56.308400000000006,53.57333333333333,-4.443666666666666,43.20446666666667,3,3.3756423526986006,178.0631,-33.3463,85.427,2.044,-44.4549,52.749,-0.7037,10.9402,7.2171,-0.2767,-0.1761
M00873,2026-09-24 14:49:41,S4,False,AMP-07-001,Ampoule,Ethanolic cosolvent 30%,Ethanolic injectable,Expired (24 mo),,subtle,"ANT-A (double-ridged horn, ETS 3115)",4,24.16,48.4,S11,2800.0,3200.0,0.01,40001,3114.0173,-4.681,-10.57,41.0079,75.94,28.5401,0.24029,29.2038,3114.0538666666666,42.18503333333333,73.82666666666667,-4.559666666666667,29.188866666666666,3,2.2642032469134166,-0.0366,-1.1771,2.113,-0.121,0.0149,0.016,0.1224,-1.1907,-0.2063,-1.0847,0.1673
M00874,2026-09-24 14:49:53,S4,False,VIA-04-001,Vial,Buffered protein formulation,Biologic solution,Expired (24 mo),,subtle,"ANT-A (double-ridged horn, ETS 3115)",10,24.47,62.4,S11,2800.0,3200.0,0.01,40001,2951.6541,-3.899,-1.43,40.4324,73.0,72.0536,0.16019,73.787,2952.5370666666663,39.29656666666667,75.22,-3.6986666666666665,73.47703333333334,3,4.113929885563653,-0.883,1.1358,-2.22,-0.2,0.31,0.215,0.2135,-2.1043,-0.4772,-1.5456,0.2355
M00875,2026-09-24 14:50:06,S4,False,VIA-01-002,Vial,Aqueous injectable (0.9% NaCl base),Saline injectable,Fresh,,none,ANT-B (directional dipole),3,23.81,64.6,S11,2800.0,3200.0,0.01,40001,2933.3126,-3.65,15.66,50.3492,58.26,74.3599,0.17,74.1431,2930.803633333333,50.86686666666666,57.61666666666667,-3.644666666666667,75.039,3,6.99603640809112,2.509,-0.5177,0.643,-0.005,-0.8959,0.359,-0.6633,3.3282,6.0478,-0.0197,-0.1743
M00876,2026-09-24 14:50:19,S4,False,VIA-04-002,Vial,Buffered protein formulation,Biologic solution,Heat-stressed 60C,,subtle,ANT-B (directional dipole),1,24.57,54.5,S11,2800.0,3200.0,0.01,40001,2942.5652,-3.638,-11.08,50.3447,58.45,71.4773,0.16029,71.2572,2946.0194666666666,48.63673333333333,60.576666666666675,-3.5573333333333337,70.0459,3,6.688132501926788,-3.4543,1.708,-2.127,-0.081,1.2113,0.516,-0.7221,-1.4883,-0.9972,-0.8931,0.1068
M00877,2026-09-24 14:50:31,S4,False,VIA-04-004,Vial,Buffered protein formulation,Biologic solution,Fresh,,none,ANT-B (directional dipole),4,24.06,67.9,S11,2800.0,3200.0,0.01,40001,2942.0429,-3.561,22.12,50.7676,57.95,72.2018,0.16,71.4415,2939.141066666667,48.172599999999996,61.03,-3.545666666666667,72.47276666666666,3,6.684396895257918,2.9018,2.595,-3.08,-0.015,-1.0313,0.434,0.2685,4.6063,-0.0577,-0.013,0.1094
M00878,2026-09-24 14:50:44,S4,False,SYR-12-002,Syrup,Sucrose-based paediatric syrup 65% w/v,Sucrose syrup,Substituted,Under-fill (50% air),gross,ANT-B (directional dipole),8,24.0,56.1,S11,2800.0,3200.0,0.01,40001,3076.0397,-4.046,9.1,45.2939,67.91,43.0893,0.235,22.4495,3000.8172,64.25143333333334,46.71666666666667,-4.163,42.201433333333334,3,1.319799534020082,75.2225,-18.9575,21.193,0.117,-19.7519,56.995,-0.7037,1.8881,-0.5187,0.3788,0.0688
M00879,2026-09-24 14:50:57,S4,False,SYR-13-001,Syrup,Sorbitol sugar-free syrup,Sorbitol syrup,Fresh,,none,"ANT-A (double-ridged horn, ETS 3115)",6,25.33,68.8,S11,2800.0,3200.0,0.01,40001,2982.9073,-3.341,38.02,54.8129,54.42,54.3519,0.215,52.1851,2968.5839,52.684400000000004,56.36000000000001,-3.955,56.27693333333334,3,8.7055236126266,14.3234,2.1285,-1.94,0.614,-4.0918,1.645,-0.8894,12.3896,7.2171,-0.076,0.1506
M00880,2026-09-24 14:51:10,S4,False,VIA-03-003,Vial,Reconstituted lyophilised antibiotic,Reconstituted powder,Substituted,Glycerol,gross,"ANT-A (double-ridged horn, ETS 3115)",7,24.72,57.8,S11,2800.0,3200.0,0.01,40001,3138.5231,-5.775,11.47,72.1206,43.52,14.8151,0.42,13.6232,2970.9085,40.67933333333333,73.05333333333333,-3.967,67.5883,3,4.7629304792323435,167.6146,31.4413,-29.533,-1.808,-53.9651,35.191,-0.433,2.8066,4.0178,0.8393,-0.1634
M00881,2026-09-24 14:51:22,S4,False,AMP-08-001,Ampoule,Sesame oil vehicle (depot),Oil-based depot,Substituted,Under-fill (50% air),gross,ANT-B (directional dipole),5,24.68,61.6,S11,2800.0,3200.0,0.01,40001,3160.7741,-2.469,-11.62,29.8558,105.87,2.7706,0.008,2.5239,3163.2669,31.870566666666665,99.25333333333333,-2.4623333333333335,1.5051333333333332,3,3.2667594233428168,-2.4928,-2.0148,6.617,-0.007,1.0188,0.763,0.1027,-1.7653,3.0499,0.2171,-0.041
M00882,2026-09-24 14:51:35,S4,False,AMP-05-001,Ampoule,Aqueous small-volume parenteral,Aqueous SVP,Expired (24 mo),,subtle,"ANT-A (double-ridged horn, ETS 3115)",3,24.34,53.9,S11,2800.0,3200.0,0.01,40001,3003.0011,-3.679,-17.41,35.5413,84.49,74.8121,0.17521,78.7002,3008.1085000000003,36.2857,82.90333333333332,-3.8143333333333334,76.29453333333333,3,5.854424420043359,-5.1074,-0.7444,1.587,0.135,2.4057,0.872,-0.6105,-5.9496,-4.4578,-1.0939,-0.0042
M00883,2026-09-24 14:51:48,S4,False,SYR-12-002,Syrup,Sucrose-based paediatric syrup 65% w/v,Sucrose syrup,Heat-stressed 60C,,subtle,ANT-B (directional dipole),8,24.99,57.9,S11,2800.0,3200.0,0.01,40001,3002.688,-3.96,12.38,62.6685,47.91,42.8575,0.23542,41.692,3000.8172,64.25143333333334,46.71666666666667,-4.163,42.201433333333334,3,1.319799534020082,1.8708,-1.5829,1.193,0.203,-0.5094,1.417,-0.7037,6.3071,-0.5187,-1.4364,-0.0564
M00884,2026-09-24 14:52:00,S4,False,VIA-01-004,Vial,Aqueous injectable (0.9% NaCl base),Saline injectable,Expired (24 mo),,subtle,ANT-B (directional dipole),1,24.93,53.3,S11,2800.0,3200.0,0.01,40001,2925.5044,-3.642,-8.78,50.6972,57.71,74.2781,0.1702,76.9203,2930.8251999999998,50.21966666666666,58.48666666666667,-3.6183333333333336,75.03383333333333,3,8.336984968200335,-5.3208,0.4775,-0.777,-0.024,1.8865,0.638,0.8702,-2.73,-0.9972,-1.0449,-0.141
M00885,2026-09-24 14:52:13,S4,False,SYR-14-003,Syrup,"Suspension, antacid",Antacid suspension,Fresh,,none,ANT-B (directional dipole),7,23.94,58.4,S11,2800.0,3200.0,0.01,40001,2936.8458,-4.131,-6.97,64.6742,45.41,58.8218,0.25,59.8819,2946.3830333333335,66.51326666666667,44.30666666666667,-4.038666666666667,57.14176666666666,3,6.152910509939971,-9.5372,-1.8391,1.103,-0.092,2.7401,1.55,2.4849,-4.9954,-6.291,-0.1585,0.0015
M00886,2026-09-24 14:52:26,S4,False,VIA-01-002,Vial,Aqueous injectable (0.9% NaCl base),Saline injectable,Freeze-thaw cycled,,subtle,"ANT-A (double-ridged horn, ETS 3115)",8,24.18,49.8,S11,2800.0,3200.0,0.01,40001,2946.3199,-3.9,2.42,42.1408,69.92,74.1926,0.17015,75.2774,2946.3349,41.778933333333335,70.64666666666666,-3.9616666666666664,75.27243333333332,3,1.7026404552928778,-0.015,0.3619,-0.727,0.062,0.005,0.009,-0.6633,-0.0659,2.2515,-0.4487,-0.0298
M00887,2026-09-24 14:52:38,S4,False,AMP-07-004,Ampoule,Ethanolic cosolvent 30%,Ethanolic injectable,Substituted,Distilled water,gross,ANT-B (directional dipole),2,24.23,62.3,S11,2800.0,3200.0,0.01,40001,2997.0928,-3.533,11.31,41.2447,72.67,77.7158,0.157,74.3757,3106.392533333333,52.5505,59.13333333333333,-4.080333333333333,25.130366666666664,3,3.4500218265010516,-109.2997,-11.3058,13.537,0.547,49.2453,31.681,0.2657,4.3789,1.9516,0.5304,-0.0535
M00888,2026-09-24 14:52:51,S4,False,SYR-14-001,Syrup,"Suspension, antacid",Antacid suspension,Fresh,,none,ANT-B (directional dipole),3,25.23,45.1,S11,2800.0,3200.0,0.01,40001,2951.7053,-3.915,23.38,65.9939,44.73,57.659,0.25,55.6185,2944.604033333333,64.75643333333333,45.47666666666667,-4.192333333333333,57.6481,3,1.5092290228238854,7.1013,1.2375,-0.747,0.277,-2.0296,4.705,1.2244,9.1487,6.0478,-0.1391,-0.1023
M00889,2026-09-24 14:53:04,S4,False,AMP-07-003,Ampoule,Ethanolic cosolvent 30%,Ethanolic injectable,Photodegraded,,subtle,"ANT-A (double-ridged horn, ETS 3115)",10,24.65,63.0,S11,2800.0,3200.0,0.01,40001,3114.5722,-4.491,-20.13,43.2527,72.01,27.928,0.24034,28.9661,3115.8472333333334,41.6099,74.89,-4.494,28.422266666666662,3,3.7144493324492736,-1.275,1.6428,-2.88,0.003,0.5438,0.343,0.802,-3.1938,-0.4772,-0.453,-0.0279
M00890,2026-09-24 14:53:17,S4,False,VIA-01-001,Vial,Aqueous injectable (0.9% NaCl base),Saline injectable,Fresh,,none,"ANT-A (double-ridged horn, ETS 3115)",6,23.95,62.2,S11,2800.0,3200.0,0.01,40001,2954.1862,-3.918,18.13,40.4315,73.07,73.7383,0.17,72.508,2950.086633333334,40.81,72.29,-3.9019999999999997,73.95043333333332,3,3.9960497448523045,4.0996,-0.3785,0.78,-0.016,-1.4424,1.026,0.3526,3.5377,7.2171,-0.1837,-0.1133
M00891,2026-09-24 14:53:29,S4,False,EYE-11-002,Eyedrop,Carbomer gel-forming drops,Gel-forming ophthalmic,Photodegraded,,subtle,ANT-B (directional dipole),9,25.22,57.8,S11,2800.0,3200.0,0.01,40001,3081.3994,-3.653,20.84,42.0335,73.31,60.9213,0.20529,55.7738,3075.7427000000002,42.20536666666667,72.91666666666667,-3.987,59.66533333333333,3,1.9405959883499315,5.6567,-0.1719,0.393,0.334,-3.8915,2.915,-0.9302,7.8614,-1.2437,-0.9022,0.1996
M00892,2026-09-24 14:53:42,S4,False,EYE-11-001,Eyedrop,Carbomer gel-forming drops,Gel-forming ophthalmic,Expired (24 mo),,subtle,ANT-B (directional dipole),4,23.75,66.7,S11,2800.0,3200.0,0.01,40001,3072.646,-3.984,-1.09,40.7229,75.45,61.5376,0.20525,61.8035,3074.5050666666666,42.94053333333333,71.68,-3.829,60.52916666666666,3,6.864686481794751,-1.8591,-2.2176,3.77,-0.155,1.2743,0.271,-1.1781,0.3256,-0.0577,-1.1324,0.0206
M00893,2026-09-24 14:53:55,S4,False,SYR-14-002,Syrup,"Suspension, antacid",Antacid suspension,Heat-stressed 60C,,subtle,ANT-B (directional dipole),5,24.05,63.5,S11,2800.0,3200.0,0.01,40001,2946.7161,-4.214,5.78,66.3414,44.42,57.5107,0.25045,57.0428,2946.7635333333333,65.11370000000001,45.36000000000001,-4.318333333333334,57.029333333333334,3,1.2711594326966795,-0.0474,1.2277,-0.94,0.104,0.0135,0.037,-0.1467,2.3995,3.0499,-1.009,-0.0589
M00894,2026-09-24 14:54:07,S4,False,VIA-02-003,Vial,Dextrose 5% injectable,Dextrose injectable,Fresh,,none,ANT-B (directional dipole),2,25.11,49.3,S11,2800.0,3200.0,0.01,40001,2943.62,-3.608,-7.45,47.6166,61.82,70.7457,0.155,70.0485,2945.010733333333,47.578833333333336,61.93333333333334,-3.558,69.56843333333333,3,5.7612525463941955,-1.3907,0.0378,-0.113,-0.05,0.4801,0.241,2.307,-2.1775,1.9516,0.1378,-0.0227
M00895,2026-09-24 14:54:20,S4,False,VIA-03-004,Vial,Reconstituted lyophilised antibiotic,Reconstituted powder,Heat-stressed 60C,,subtle,"ANT-A (double-ridged horn, ETS 3115)",7,25.22,65.3,S11,2800.0,3200.0,0.01,40001,2969.3619,-4.171,8.8,42.6052,69.69,67.2702,0.18533,68.1265,2964.7493,42.90436666666667,69.14333333333333,-4.026,69.74486666666667,3,1.5596644286511203,4.6126,-0.2992,0.547,-0.145,-1.6184,2.957,-1.1552,1.2885,4.0178,-0.9832,0.1714
M00896,2026-09-24 14:54:33,S4,False,AMP-08-001,Ampoule,Sesame oil vehicle (depot),Oil-based depot,Freeze-thaw cycled,,subtle,"ANT-A (double-ridged horn, ETS 3115)",6,24.06,57.0,S11,2800.0,3200.0,0.01,40001,3182.9663,-2.466,19.27,22.8284,139.43,2.7682,0.00801,0.6078,3173.7732666666666,22.3832,141.81333333333336,-2.472,4.353766666666666,3,1.9003076917523627,9.193,0.4452,-2.383,0.006,-3.746,4.838,0.1027,5.7877,7.2171,-0.5391,-0.065
M00897,2026-09-24 14:54:45,S4,False,AMP-08-001,Ampoule,Sesame oil vehicle (depot),Oil-based depot,Expired (24 mo),,subtle,ANT-B (directional dipole),1,25.31,58.6,S11,2800.0,3200.0,0.01,40001,3156.7869,-2.468,-2.79,31.9585,98.78,2.7673,0.00801,4.1606,3163.2669,31.870566666666665,99.25333333333333,-2.4623333333333335,1.5051333333333332,3,3.2667594233428168,-6.48,0.0879,-0.473,-0.006,2.6555,1.984,0.1027,-2.1942,-0.9972,-1.402,0.0746
M00898,2026-09-24 14:54:58,S4,False,VIA-02-003,Vial,Dextrose 5% injectable,Dextrose injectable,Photodegraded,,subtle,"ANT-A (double-ridged horn, ETS 3115)",10,25.92,45.2,S11,2800.0,3200.0,0.01,40001,2962.1179,-3.776,1.43,40.1834,73.72,70.4415,0.15522,69.2807,2961.5673666666667,38.934733333333334,76.07,-3.7976666666666667,69.4726,3,3.6970261837500664,0.5505,1.2487,-2.35,0.022,-0.1919,0.149,2.307,-0.4027,-0.4772,-0.507,0.1974
M00899,2026-09-24 14:55:11,S4,False,SYR-13-003,Syrup,Sorbitol sugar-free syrup,Sorbitol syrup,Fresh,,none,ANT-B (directional dipole),8,25.39,52.6,S11,2800.0,3200.0,0.01,40001,2949.2729,-3.781,-13.42,62.6754,47.06,54.7961,0.215,57.1329,2954.9108666666666,63.07136666666667,46.85666666666666,-3.827666666666667,55.511300000000006,3,8.458686743421389,-5.638,-0.396,0.203,0.047,1.6216,0.667,0.0738,-7.2187,-0.5187,-0.088,0.1754
M00900,2026-09-24 14:55:24,S4,False,EYE-11-001,Eyedrop,Carbomer gel-forming drops,Gel-forming ophthalmic,Expired (24 mo),,subtle,"ANT-A (double-ridged horn, ETS 3115)",2,24.98,57.7,S11,2800.0,3200.0,0.01,40001,3093.8678,-4.182,4.91,32.5844,94.95,61.2675,0.20525,58.8994,3086.6611666666668,32.05753333333333,96.31666666666666,-4.024,63.85773333333333,3,3.842836939467295,7.2066,0.5269,-1.367,-0.158,-4.9583,1.875,-1.1781,3.9497,1.996,-0.8812,-0.0222
M00901,2026-09-24 14:55:36,S4,False,SYR-12-002,Syrup,Sucrose-based paediatric syrup 65% w/v,Sucrose syrup,Substituted,Ethanol 95%,gross,"ANT-A (double-ridged horn, ETS 3115)",2,25.02,65.1,S11,2800.0,3200.0,0.01,40001,3100.2099,-5.072,5.63,66.0296,46.95,21.3981,0.31,20.6545,3013.720633333334,56.308400000000006,53.57333333333333,-4.443666666666666,43.20446666666667,3,3.3756423526986006,86.4893,9.7212,-6.623,-0.628,-22.55,25.622,-0.7037,2.5398,1.996,0.9249,0.1228
M00902,2026-09-24 14:55:49,S4,False,EYE-10-003,Eyedrop,HPMC viscous artificial tears,Viscous ophthalmic,Substituted,Ethanol 95%,gross,"ANT-A (double-ridged horn, ETS 3115)",2,24.12,54.3,S11,2800.0,3200.0,0.01,40001,3155.0664,-4.81,12.02,39.0767,80.74,21.4677,0.31,17.777,3081.4524333333334,31.8485,96.75999999999999,-4.264,65.897,3,0.8321338494097374,73.614,7.2282,-16.02,-0.546,-48.12,88.464,1.9602,4.9285,1.996,-0.0951,0.0017
M00903,2026-09-24 14:56:02,S4,False,EYE-11-002,Eyedrop,Carbomer gel-forming drops,Gel-forming ophthalmic,Fresh,,none,ANT-B (directional dipole),5,25.7,49.6,S11,2800.0,3200.0,0.01,40001,3083.0725,-3.693,33.12,42.1175,73.2,60.8998,0.205,54.6271,3075.7427000000002,42.20536666666667,72.91666666666667,-3.987,59.66533333333333,3,1.9405959883499315,7.3298,-0.0879,0.283,0.294,-5.0382,3.777,-0.9302,8.9647,3.0499,-0.1764,0.0127
M00904,2026-09-24 14:56:14,S4,False,SYR-12-003,Syrup,Sucrose-based paediatric syrup 65% w/v,Sucrose syrup,Fresh,,none,ANT-B (directional dipole),9,24.12,65.4,S11,2800.0,3200.0,0.01,40001,2995.1986,-4.08,-25.29,63.6225,47.08,42.0076,0.235,43.7366,3000.4796,66.6531,45.03333333333333,-4.068333333333333,42.29573333333334,3,5.188658509672827,-5.281,-3.0306,2.047,-0.012,1.4409,1.018,1.1167,-5.6978,-1.2437,-0.1127,0.0129
M00905,2026-09-24 14:56:27,S4,False,VIA-01-001,Vial,Aqueous injectable (0.9% NaCl base),Saline injectable,Fresh,,none,"ANT-A (double-ridged horn, ETS 3115)",8,24.85,61.6,S11,2800.0,3200.0,0.01,40001,2952.9662,-3.996,0.34,40.2002,73.46,73.5018,0.17,72.9361,2950.086633333334,40.81,72.29,-3.9019999999999997,73.95043333333332,3,3.9960497448523045,2.8796,-0.6098,1.17,-0.094,-1.0143,0.721,0.3526,1.2386,2.2515,0.0812,0.0286
M00906,2026-09-24 14:56:40,S4,False,VIA-01-003,Vial,Aqueous injectable (0.9% NaCl base),Saline injectable,Expired (24 mo),,subtle,ANT-B (directional dipole),2,24.91,67.7,S11,2800.0,3200.0,0.01,40001,2938.1824,-3.6,21.67,49.8455,58.95,74.6157,0.1702,72.4223,2935.1155,49.16716666666667,59.71666666666667,-3.6523333333333334,73.5083,3,5.238887417190923,3.0669,0.6783,-0.767,0.052,-1.086,0.585,-0.7191,7.5497,1.9516,-0.9967,-0.1171
M00907,2026-09-24 14:56:52,S4,False,AMP-06-004,Ampoule,Propylene glycol cosolvent 40%,Cosolvent injectable,Fresh,,none,ANT-B (directional dipole),7,24.39,58.9,S11,2800.0,3200.0,0.01,40001,3073.0638,-3.975,-11.3,49.2885,62.35,38.2583,0.22,39.4183,3078.955,49.89116666666666,61.74333333333334,-3.9756666666666667,36.84493333333333,3,6.260758193701545,-5.8912,-0.6027,0.607,0.001,2.5734,0.941,0.392,-4.6412,-6.291,0.0398,-0.1637
M00908,2026-09-24 14:57:05,S4,False,SYR-13-001,Syrup,Sorbitol sugar-free syrup,Sorbitol syrup,Fresh,,none,ANT-B (directional dipole),7,24.48,51.3,S11,2800.0,3200.0,0.01,40001,2944.4415,-3.657,-26.71,60.6795,48.52,54.5179,0.215,58.536,2957.7574999999997,60.4115,49.026666666666664,-3.8206666666666664,54.6927,3,8.585649627721924,-13.316,0.268,-0.507,0.164,3.8433,1.551,-0.8894,-9.1244,-6.291,-0.0233,0.0759
M00909,2026-09-24 14:57:18,S4,False,AMP-05-001,Ampoule,Aqueous small-volume parenteral,Aqueous SVP,Heat-stressed 60C,,subtle,ANT-B (directional dipole),6,24.52,56.7,S11,2800.0,3200.0,0.01,40001,2989.1563,-3.837,-2.75,43.5994,68.56,74.718,0.17531,77.4309,2995.553933333333,45.292766666666665,66.16666666666667,-3.642,74.41343333333333,3,7.624725378880016,-6.3976,-1.6934,2.393,-0.195,3.0175,0.839,-0.6105,-2.5525,-1.3236,-2.0019,0.0196
M00910,2026-09-24 14:57:31,S4,False,VIA-04-002,Vial,Buffered protein formulation,Biologic solution,Freeze-thaw cycled,,subtle,"ANT-A (double-ridged horn, ETS 3115)",3,24.51,56.4,S11,2800.0,3200.0,0.01,40001,2958.7093,-3.869,-3.84,37.6983,78.48,71.5571,0.16014,71.3023,2961.469833333333,37.91363333333333,78.12666666666667,-3.8386666666666667,70.3356,3,2.421726991907314,-2.7605,-0.2153,0.353,-0.03,0.9667,1.14,-0.7221,-0.933,-4.4578,-1.2943,0.0316
M00911,2026-09-24 14:57:43,S4,False,EYE-09-003,Eyedrop,Aqueous ophthalmic + BAK preservative,Ophthalmic aqueous,Fresh,,none,ANT-B (directional dipole),10,24.28,60.3,S11,2800.0,3200.0,0.01,40001,3056.4473,-3.704,-6.22,40.5549,75.37,72.9307,0.165,72.2421,3060.0869,38.779066666666665,78.91666666666667,-3.646333333333333,69.72019999999999,3,2.3357162477488846,-3.6396,1.7758,-3.547,-0.058,2.5219,1.558,1.6275,-0.6924,2.3219,0.0318,-0.174
M00912,2026-09-24 14:57:56,S4,False,SYR-14-003,Syrup,"Suspension, antacid",Antacid suspension,Substituted,Ethanol 95%,gross,"ANT-A (double-ridged horn, ETS 3115)",8,24.78,69.4,S11,2800.0,3200.0,0.01,40001,3099.0213,-5.418,2.27,67.1189,46.17,21.4169,0.31,20.8422,2956.6801666666665,59.51773333333333,49.68,-4.269666666666667,58.855133333333335,3,6.802436622515,142.3411,7.6012,-3.51,-1.148,-38.0129,20.925,2.4849,-0.174,2.2515,0.3438,0.0634
M00913,2026-09-24 14:58:09,S4,False,SYR-13-001,Syrup,Sorbitol sugar-free syrup,Sorbitol syrup,Substituted,Diluted 2x with water,gross,"ANT-A (double-ridged horn, ETS 3115)",8,24.23,60.2,S11,2800.0,3200.0,0.01,40001,2937.1388,-3.544,34.27,46.9569,62.55,66.1412,0.186,65.447,2968.5839,52.684400000000004,56.36000000000001,-3.955,56.27693333333334,3,8.7055236126266,-31.4451,-5.7275,6.19,0.411,9.1701,3.612,-0.8894,9.3124,2.2515,-1.4412,-0.0158
M00914,2026-09-24 14:58:21,S4,False,SYR-14-001,Syrup,"Suspension, antacid",Antacid suspension,Expired (24 mo),,subtle,"ANT-A (double-ridged horn, ETS 3115)",2,25.35,53.8,S11,2800.0,3200.0,0.01,40001,2960.0568,-4.836,6.29,56.8803,52.04,57.5654,0.2503,57.8851,2959.8009,56.34246666666667,52.73,-4.541666666666667,57.95943333333333,3,3.6745936686931624,0.2559,0.5378,-0.69,-0.294,-0.0743,0.07,1.2244,1.7446,1.996,-0.928,-0.1571
M00915,2026-09-24 14:58:34,S4,False,AMP-07-003,Ampoule,Ethanolic cosolvent 30%,Ethanolic injectable,Fresh,,none,ANT-B (directional dipole),10,24.26,53.0,S11,2800.0,3200.0,0.01,40001,3103.9703,-4.141,12.31,51.6925,60.05,28.0065,0.24,26.1641,3108.5165,51.5277,60.35999999999999,-3.8446666666666665,24.233566666666665,3,8.836961850658808,-4.5462,0.1648,-0.31,-0.296,1.9305,0.514,0.802,2.8496,2.3219,0.0797,0.1206
M00916,2026-09-24 14:58:47,S4,False,EYE-10-002,Eyedrop,HPMC viscous artificial tears,Viscous ophthalmic,Fresh,,none,"ANT-A (double-ridged horn, ETS 3115)",1,24.82,62.4,S11,2800.0,3200.0,0.01,40001,3084.3417,-4.184,13.07,31.5951,97.62,65.9327,0.195,63.943,3077.0597999999995,32.44696666666667,94.92333333333333,-3.9743333333333335,68.88023333333334,3,3.262642001507381,7.2819,-0.8519,2.697,-0.21,-4.9372,2.232,-1.1341,2.2529,-0.8647,-0.0532,-0.0629
M00917,2026-09-24 14:58:59,S4,False,EYE-10-003,Eyedrop,HPMC viscous artificial tears,Viscous ophthalmic,Expired (24 mo),,subtle,ANT-B (directional dipole),5,25.75,54.7,S11,2800.0,3200.0,0.01,40001,3065.43,-3.914,7.38,43.2109,70.94,65.6004,0.19523,65.2675,3066.2057666666665,40.86986666666667,75.16333333333334,-3.7533333333333334,64.74943333333333,3,6.528731848018948,-0.7758,2.341,-4.223,-0.161,0.5181,0.119,1.9602,1.9065,3.0499,-0.5098,-0.0418
M00918,2026-09-24 14:59:12,S4,False,AMP-06-004,Ampoule,Propylene glycol cosolvent 40%,Cosolvent injectable,Heat-stressed 60C,,subtle,"ANT-A (double-ridged horn, ETS 3115)",9,24.89,57.1,S11,2800.0,3200.0,0.01,40001,3092.6279,-4.443,4.52,39.3074,78.68,38.1211,0.2204,38.2977,3094.2628666666665,40.70586666666667,76.06666666666666,-4.290666666666667,37.5896,3,4.911327455315147,-1.635,-1.3985,2.613,-0.152,0.7081,0.333,0.392,-1.1841,1.242,-1.3586,0.0138
M00919,2026-09-24 14:59:25,S4,False,EYE-11-002,Eyedrop,Carbomer gel-forming drops,Gel-forming ophthalmic,Fresh,,none,ANT-B (directional dipole),8,24.05,57.9,S11,2800.0,3200.0,0.01,40001,3070.5707,-3.928,-6.74,40.5094,75.8,61.2636,0.205,63.2406,3075.7427000000002,42.20536666666667,72.91666666666667,-3.987,59.66533333333333,3,1.9405959883499315,-5.172,-1.696,2.883,0.059,3.5753,2.665,-0.9302,-3.1564,-0.5187,0.0464,-0.0713
M00920,2026-09-24 14:59:38,S4,False,SYR-12-002,Syrup,Sucrose-based paediatric syrup 65% w/v,Sucrose syrup,Expired (24 mo),,subtle,"ANT-A (double-ridged horn, ETS 3115)",5,23.34,37.6,S11,2800.0,3200.0,0.01,40001,3013.8255,-4.603,6.64,54.4625,55.34,43.1382,0.23528,43.1749,3013.720633333334,56.308400000000006,53.57333333333333,-4.443666666666666,43.20446666666667,3,3.3756423526986006,0.1049,-1.8459,1.767,-0.159,-0.0296,0.031,-0.7037,1.5149,-0.9385,-1.1349,0.0213
M00921,2026-09-24 14:59:50,S4,False,VIA-03-001,Vial,Reconstituted lyophilised antibiotic,Reconstituted powder,Photodegraded,,subtle,ANT-B (directional dipole),6,23.99,52.5,S11,2800.0,3200.0,0.01,40001,2947.521,-3.747,-16.58,49.9413,59.02,67.9831,0.18526,70.0711,2956.3107,52.3683,56.47666666666667,-3.7916666666666665,66.97486666666667,3,2.1657838049998444,-8.7897,-2.427,2.543,0.045,3.0962,4.058,1.2065,-4.4596,-1.3236,-1.6361,0.2283
M00922,2026-09-24 15:00:03,S4,False,EYE-09-002,Eyedrop,Aqueous ophthalmic + BAK preservative,Ophthalmic aqueous,Fresh,,none,ANT-B (directional dipole),5,24.59,74.6,S11,2800.0,3200.0,0.01,40001,3061.0593,-3.549,14.56,40.3816,75.8,72.7597,0.165,69.0464,3058.322666666667,39.650200000000005,77.2,-3.587666666666667,70.95246666666667,3,7.148076540114402,2.7366,0.7314,-1.4,0.039,-1.9061,0.383,-2.4444,6.1388,3.0499,0.0106,-0.1062
M00923,2026-09-24 15:00:16,S4,False,AMP-06-002,Ampoule,Propylene glycol cosolvent 40%,Cosolvent injectable,Substituted,Empty / air,gross,"ANT-A (double-ridged horn, ETS 3115)",3,24.95,54.4,S11,2800.0,3200.0,0.01,40001,3178.798,-2.4,-13.72,22.4059,141.87,1.0,0.0,2.2822,3091.9072,41.02533333333333,75.53333333333333,-4.282,38.61493333333333,3,4.781933739608016,86.8908,-18.6194,66.337,1.882,-36.3327,18.171,0.8601,-3.2741,-4.4578,-0.8904,0.1024
M00924,2026-09-24 15:00:28,S4,False,AMP-06-001,Ampoule,Propylene glycol cosolvent 40%,Cosolvent injectable,Expired (24 mo),,subtle,"ANT-A (double-ridged horn, ETS 3115)",9,25.19,65.1,S11,2800.0,3200.0,0.01,40001,3096.1316,-4.476,16.62,39.7981,77.8,37.3534,0.22026,36.7744,3096.0501666666664,40.143233333333335,77.14333333333333,-4.329666666666667,36.811299999999996,3,3.3532244203651627,0.0814,-0.3451,0.657,-0.146,-0.0369,0.024,1.2262,0.3229,1.242,-1.1194,0.1246
M00925,2026-09-24 15:00:41,S4,False,VIA-04-004,Vial,Buffered protein formulation,Biologic solution,Freeze-thaw cycled,,subtle,"ANT-A (double-ridged horn, ETS 3115)",1,24.71,46.0,S11,2800.0,3200.0,0.01,40001,2953.1924,-3.926,9.48,38.1067,77.5,71.9684,0.16014,73.2437,2955.7576000000004,39.0161,75.77,-3.828,72.34143333333333,3,3.86097443270468,-2.5652,-0.9094,1.73,-0.098,0.9023,0.664,0.2685,0.2472,-0.8647,-1.3055,-0.0027
M00926,2026-09-24 15:00:54,S4,False,EYE-10-001,Eyedrop,HPMC viscous artificial tears,Viscous ophthalmic,Freeze-thaw cycled,,subtle,ANT-B (directional dipole),5,24.55,55.8,S11,2800.0,3200.0,0.01,40001,3059.0891,-3.815,-10.64,40.757,75.06,66.7474,0.19518,69.5948,3064.583166666667,40.65003333333333,75.46333333333332,-3.8313333333333333,65.85106666666667,3,5.6774751873817335,-5.4941,0.107,-0.403,0.016,3.7437,0.968,0.1182,-3.0238,3.0499,-0.9122,-0.1173
M00927,2026-09-24 15:01:06,S4,False,VIA-04-002,Vial,Buffered protein formulation,Biologic solution,Expired (24 mo),,subtle,ANT-B (directional dipole),4,24.41,56.3,S11,2800.0,3200.0,0.01,40001,2941.3961,-3.66,-9.41,47.6198,61.77,71.5613,0.16019,71.6699,2946.0194666666666,48.63673333333333,60.576666666666675,-3.5573333333333337,70.0459,3,6.688132501926788,-4.6234,-1.0169,1.193,-0.103,1.624,0.691,-0.7221,-2.1393,-0.0577,-0.9543,-0.1153
M00928,2026-09-24 15:01:19,S4,False,EYE-10-003,Eyedrop,HPMC viscous artificial tears,Viscous ophthalmic,Photodegraded,,subtle,"ANT-A (double-ridged horn, ETS 3115)",2,25.43,57.7,S11,2800.0,3200.0,0.01,40001,3081.341,-4.152,3.26,33.5315,91.89,65.662,0.19527,65.9723,3081.4524333333334,31.8485,96.75999999999999,-4.264,65.897,3,0.8321338494097374,-0.1114,1.683,-4.87,0.112,0.0753,0.134,1.9602,0.7871,1.996,-0.315,-0.0465
M00929,2026-09-24 15:01:32,S4,False,EYE-10-001,Eyedrop,HPMC viscous artificial tears,Viscous ophthalmic,Freeze-thaw cycled,,subtle,"ANT-A (double-ridged horn, ETS 3115)",3,24.23,60.8,S11,2800.0,3200.0,0.01,40001,3075.1957,-4.072,-19.58,32.8975,93.48,66.8251,0.19518,70.1468,3081.090733333333,32.11686666666667,95.96999999999998,-4.179333333333333,66.1435,3,2.751302572116398,-5.895,0.7806,-2.49,0.107,4.0033,2.143,0.1182,-4.3666,-4.4578,-0.6571,0.2531
M00930,2026-09-24 15:01:45,S4,False,VIA-01-004,Vial,Aqueous injectable (0.9% NaCl base),Saline injectable,Fresh,,none,ANT-B (directional dipole),3,24.64,58.2,S11,2800.0,3200.0,0.01,40001,2934.5159,-3.637,14.27,48.6526,60.32,74.4441,0.17,73.7171,2930.8251999999998,50.21966666666666,58.48666666666667,-3.6183333333333336,75.03383333333333,3,8.336984968200335,3.6907,-1.5671,1.833,-0.019,-1.3167,0.443,0.8702,5.5379,6.0478,0.0357,-0.0018
M00931,2026-09-24 15:01:57,S4,False,SYR-12-003,Syrup,Sucrose-based paediatric syrup 65% w/v,Sucrose syrup,Fresh,,none,ANT-B (directional dipole),4,24.52,56.9,S11,2800.0,3200.0,0.01,40001,3002.8602,-4.258,4.43,64.2821,46.71,41.9475,0.235,41.6451,3000.4796,66.6531,45.03333333333333,-4.068333333333333,42.29573333333334,3,5.188658509672827,2.3806,-2.371,1.677,-0.19,-0.6506,0.459,1.1167,1.7304,-0.0577,-0.0374,-0.0519
M00932,2026-09-24 15:02:10,S4,False,EYE-10-003,Eyedrop,HPMC viscous artificial tears,Viscous ophthalmic,Fresh,,none,ANT-B (directional dipole),5,24.62,53.9,S11,2800.0,3200.0,0.01,40001,3066.6819,-3.915,11.81,42.5184,72.13,65.948,0.195,64.4164,3066.2057666666665,40.86986666666667,75.16333333333334,-3.7533333333333334,64.74943333333333,3,6.528731848018948,0.4761,1.6485,-3.033,-0.162,-0.333,0.073,1.9602,3.0558,3.0499,0.0306,0.0447
M00933,2026-09-24 15:02:23,S4,False,VIA-01-004,Vial,Aqueous injectable (0.9% NaCl base),Saline injectable,Photodegraded,,subtle,"ANT-A (double-ridged horn, ETS 3115)",2,24.53,48.1,S11,2800.0,3200.0,0.01,40001,2946.244,-3.955,1.92,41.2082,71.5,74.37,0.17024,75.3042,2946.515266666667,40.158433333333335,73.38333333333333,-3.894,75.2094,3,3.0051414780895436,-0.2713,1.0498,-1.883,-0.061,0.0948,0.09,0.8702,1.5636,1.996,-0.7958,0.1257
M00934,2026-09-24 15:02:35,S4,False,AMP-06-002,Ampoule,Propylene glycol cosolvent 40%,Cosolvent injectable,Expired (24 mo),,subtle,ANT-B (directional dipole),7,23.8,56.4,S11,2800.0,3200.0,0.01,40001,3064.494,-3.614,-37.08,52.3913,58.49,38.6801,0.22026,43.1962,3075.3802666666666,48.393100000000004,63.60666666666666,-4.078666666666667,38.4041,3,3.4248635627326345,-10.8863,3.9982,-5.117,0.465,4.7921,3.179,0.8601,-10.5444,-6.291,-1.0512,0.2373
M00935,2026-09-24 15:02:48,S4,False,VIA-04-004,Vial,Buffered protein formulation,Biologic solution,Fresh,,none,ANT-B (directional dipole),2,24.04,60.0,S11,2800.0,3200.0,0.01,40001,2938.9922,-3.603,6.21,48.1327,61.06,72.2063,0.16,72.5201,2939.141066666667,48.172599999999996,61.03,-3.545666666666667,72.47276666666666,3,6.684396895257918,-0.1489,-0.0399,0.03,-0.057,0.0473,0.022,0.2685,1.8391,1.9516,0.0326,-0.2067
M00936,2026-09-24 15:03:01,S4,False,AMP-05-002,Ampoule,Aqueous small-volume parenteral,Aqueous SVP,Expired (24 mo),,subtle,"ANT-A (double-ridged horn, ETS 3115)",6,23.99,56.3,S11,2800.0,3200.0,0.01,40001,3020.5901,-3.348,34.26,35.1555,85.92,75.2417,0.17521,70.4484,3009.5727666666667,36.064766666666664,83.47333333333333,-3.9596666666666667,75.60163333333334,3,3.013810493931699,11.0173,-0.9093,2.447,0.612,-5.1532,3.656,-0.1511,10.5688,7.2171,-0.9888,0.0773
M00937,2026-09-24 15:03:13,S4,False,VIA-03-002,Vial,Reconstituted lyophilised antibiotic,Reconstituted powder,Expired (24 mo),,subtle,ANT-B (directional dipole),2,24.29,49.0,S11,2800.0,3200.0,0.01,40001,2954.6924,-3.8,11.31,51.0898,57.83,68.5452,0.18522,67.5424,2952.1005999999998,51.776199999999996,57.01666666666667,-3.779666666666667,68.45603333333334,3,3.9584438242825883,2.5918,-0.6864,0.813,-0.02,-0.9136,0.655,-2.8023,3.8142,1.9516,-0.1539,0.116
M00938,2026-09-24 15:03:26,S4,False,AMP-06-004,Ampoule,Propylene glycol cosolvent 40%,Cosolvent injectable,Fresh,,none,ANT-B (directional dipole),6,24.34,43.0,S11,2800.0,3200.0,0.01,40001,3071.9813,-3.934,-28.16,48.4098,63.46,38.2655,0.22,39.8937,3078.955,49.89116666666666,61.74333333333334,-3.9756666666666667,36.84493333333333,3,6.260758193701545,-6.9737,-1.4814,1.717,0.042,3.0488,1.114,0.392,-5.5779,-1.3236,-0.1958,-0.0578
M00939,2026-09-24 15:03:39,S4,False,EYE-10-002,Eyedrop,HPMC viscous artificial tears,Viscous ophthalmic,Heat-stressed 60C,,subtle,ANT-B (directional dipole),7,24.71,69.4,S11,2800.0,3200.0,0.01,40001,3062.2743,-3.918,-0.04,41.6774,73.48,65.8388,0.19535,67.4177,3066.851666666667,41.4506,74.0,-3.7143333333333337,64.3171,3,8.52828603081171,-4.5774,0.2268,-0.52,-0.204,3.1006,0.537,-1.1341,-2.0974,-6.291,-0.7192,-0.2921
M00940,2026-09-24 15:03:52,S4,False,VIA-03-004,Vial,Reconstituted lyophilised antibiotic,Reconstituted powder,Freeze-thaw cycled,,subtle,"ANT-A (double-ridged horn, ETS 3115)",4,24.43,59.8,S11,2800.0,3200.0,0.01,40001,2964.6455,-4.069,0.18,41.9641,70.65,67.5207,0.18517,69.7811,2964.7493,42.90436666666667,69.14333333333333,-4.026,69.74486666666667,3,1.5596644286511203,-0.1038,-0.9403,1.507,-0.043,0.0362,0.067,-1.1552,-2.6693,-0.2063,-0.9584,0.1108
M00941,2026-09-24 15:04:04,S4,False,VIA-03-002,Vial,Reconstituted lyophilised antibiotic,Reconstituted powder,Substituted,Ethanol 95%,gross,ANT-B (directional dipole),7,24.35,63.8,S11,2800.0,3200.0,0.01,40001,3084.7491,-4.341,-35.46,67.1495,45.94,21.4497,0.31,24.6991,2952.1005999999998,51.776199999999996,57.01666666666667,-3.779666666666667,68.45603333333334,3,3.9584438242825883,132.6485,15.3733,-11.077,-0.561,-43.7569,33.51,-2.8023,-8.2217,-6.291,-0.1737,-0.0356
M00942,2026-09-24 15:04:17,S4,False,AMP-05-001,Ampoule,Aqueous small-volume parenteral,Aqueous SVP,Substituted,Diluted 2x with water,gross,"ANT-A (double-ridged horn, ETS 3115)",5,24.84,57.0,S11,2800.0,3200.0,0.01,40001,3003.0304,-3.815,-17.14,34.7758,86.35,76.1552,0.166,78.6863,3008.1085000000003,36.2857,82.90333333333332,-3.8143333333333334,76.29453333333333,3,5.854424420043359,-5.0781,-1.5099,3.447,-0.001,2.3918,0.867,-0.6105,-3.99,-0.9385,-0.1934,0.0315
M00943,2026-09-24 15:04:30,S4,False,VIA-02-003,Vial,Dextrose 5% injectable,Dextrose injectable,Heat-stressed 60C,,subtle,"ANT-A (double-ridged horn, ETS 3115)",1,23.69,59.8,S11,2800.0,3200.0,0.01,40001,2952.3237,-3.467,-26.86,40.0617,73.69,70.9815,0.15528,72.6817,2961.5673666666667,38.934733333333334,76.07,-3.7976666666666667,69.4726,3,3.6970261837500664,-9.2437,1.127,-2.38,0.331,3.2091,2.5,2.307,-7.4671,-0.8647,-1.5441,0.0502
M00944,2026-09-24 15:04:42,S4,False,EYE-09-001,Eyedrop,Aqueous ophthalmic + BAK preservative,Ophthalmic aqueous,Fresh,,none,ANT-B (directional dipole),4,24.21,50.9,S11,2800.0,3200.0,0.01,40001,3065.1061,-3.535,13.87,42.1709,72.68,71.8903,0.165,66.2541,3059.865,38.950266666666664,78.58,-3.5749999999999997,69.88656666666667,3,7.856359159305232,5.2411,3.2206,-5.9,0.04,-3.6325,0.667,0.4017,6.2892,-0.0577,-0.0212,0.0029
M00945,2026-09-24 15:04:55,S4,False,VIA-01-001,Vial,Aqueous injectable (0.9% NaCl base),Saline injectable,Substituted,Diluted 2x with water,gross,"ANT-A (double-ridged horn, ETS 3115)",4,24.38,56.6,S11,2800.0,3200.0,0.01,40001,2939.9706,-3.769,-21.68,39.0862,75.22,75.6487,0.1635,77.5289,2950.086633333334,40.81,72.29,-3.9019999999999997,73.95043333333332,3,3.9960497448523045,-10.116,-1.7238,2.93,0.133,3.5785,2.532,0.3526,-5.5626,-0.2063,-0.1956,0.1994
M00946,2026-09-24 15:05:08,S4,False,VIA-01-001,Vial,Aqueous injectable (0.9% NaCl base),Saline injectable,Fresh,,none,"ANT-A (double-ridged horn, ETS 3115)",7,25.22,65.7,S11,2800.0,3200.0,0.01,40001,2957.9618,-3.784,12.23,43.3125,68.29,73.4036,0.17,71.1867,2950.086633333334,40.81,72.29,-3.9019999999999997,73.95043333333332,3,3.9960497448523045,7.8752,2.5025,-4.0,0.118,-2.7637,1.971,0.3526,6.0443,4.0178,-0.0603,0.0805
M00947,2026-09-24 15:05:20,S4,False,EYE-10-002,Eyedrop,HPMC viscous artificial tears,Viscous ophthalmic,Heat-stressed 60C,,subtle,"ANT-A (double-ridged horn, ETS 3115)",8,25.18,50.2,S11,2800.0,3200.0,0.01,40001,3088.8048,-3.781,26.65,29.6512,104.17,65.7271,0.19535,60.9356,3077.0597999999995,32.44696666666667,94.92333333333333,-3.9743333333333335,68.88023333333334,3,3.262642001507381,11.745,-2.7958,9.247,0.193,-7.9446,3.6,-1.1341,7.177,2.2515,-0.7767,-0.0985
M00948,2026-09-24 15:05:33,S4,False,EYE-09-003,Eyedrop,Aqueous ophthalmic + BAK preservative,Ophthalmic aqueous,Fresh,,none,ANT-B (directional dipole),4,24.68,50.8,S11,2800.0,3200.0,0.01,40001,3051.7254,-3.566,-11.84,39.3782,77.5,72.8262,0.165,75.5291,3060.0869,38.779066666666665,78.91666666666667,-3.646333333333333,69.72019999999999,3,2.3357162477488846,-8.3615,0.5991,-1.417,0.08,5.8089,3.58,1.6275,-5.7183,-0.0577,-0.0892,0.1009
M00949,2026-09-24 15:05:46,S4,False,VIA-03-003,Vial,Reconstituted lyophilised antibiotic,Reconstituted powder,Expired (24 mo),,subtle,ANT-B (directional dipole),10,23.88,57.9,S11,2800.0,3200.0,0.01,40001,2951.8544,-3.896,-11.23,50.6597,58.27,67.8664,0.18522,68.5409,2960.3872333333334,50.44873333333334,58.73666666666667,-3.766,65.54873333333335,3,3.3440330475839035,-8.5328,0.211,-0.467,-0.13,2.9922,2.552,-0.433,-3.993,2.3219,-1.4561,0.0109
M00950,2026-09-24 15:05:59,S4,False,VIA-03-002,Vial,Reconstituted lyophilised antibiotic,Reconstituted powder,Fresh,,none,"ANT-A (double-ridged horn, ETS 3115)",6,24.77,62.5,S11,2800.0,3200.0,0.01,40001,2977.1793,-3.544,31.45,43.1014,69.07,68.5112,0.185,65.4013,2965.7019333333337,42.46866666666667,69.83999999999999,-4.0809999999999995,69.41096666666667,3,3.1864565340410076,11.4774,0.6327,-0.77,0.537,-4.0097,3.602,-2.8023,9.5265,7.2171,0.0082,0.2978
M00951,2026-09-24 15:06:11,S4,False,AMP-05-004,Ampoule,Aqueous small-volume parenteral,Aqueous SVP,Substituted,Ethanol 95%,gross,ANT-B (directional dipole),10,24.69,59.6,S11,2800.0,3200.0,0.01,40001,3114.3987,-4.661,-6.17,58.0353,53.66,21.4242,0.31,21.5271,2996.229633333334,44.40656666666666,67.59333333333333,-3.6653333333333333,74.08966666666667,3,5.017573069057528,118.1691,13.6287,-13.933,-0.996,-52.5626,23.551,-0.9004,0.3874,2.3219,0.5623,-0.0818
M00952,2026-09-24 15:06:24,S4,False,EYE-11-002,Eyedrop,Carbomer gel-forming drops,Gel-forming ophthalmic,Heat-stressed 60C,,subtle,ANT-B (directional dipole),1,24.08,54.6,S11,2800.0,3200.0,0.01,40001,3068.2956,-3.966,-5.49,41.0321,74.78,61.1467,0.20537,64.8194,3075.7427000000002,42.20536666666667,72.91666666666667,-3.987,59.66533333333333,3,1.9405959883499315,-7.4471,-1.1733,1.863,0.021,5.1541,3.838,-0.9302,-3.3261,-0.9972,-2.2575,-0.0396
M00953,2026-09-24 15:06:37,S4,False,AMP-08-004,Ampoule,Sesame oil vehicle (depot),Oil-based depot,Fresh,,none,ANT-B (directional dipole),4,24.93,58.0,S11,2800.0,3200.0,0.01,40001,3157.4657,-2.467,1.82,30.817,102.46,2.9839,0.008,3.8816,3159.328766666667,32.03653333333333,98.62333333333333,-2.4633333333333334,3.1184333333333334,3,3.8635392379702136,-1.8631,-1.2195,3.837,-0.004,0.7632,0.482,-0.7393,-1.2537,-0.0577,-0.0033,-0.2119
M00954,2026-09-24 15:06:49,S4,False,EYE-11-002,Eyedrop,Carbomer gel-forming drops,Gel-forming ophthalmic,Fresh,,none,ANT-B (directional dipole),8,23.39,58.2,S11,2800.0,3200.0,0.01,40001,3070.5386,-4.008,-16.99,41.6686,73.69,61.4088,0.205,63.2628,3075.7427000000002,42.20536666666667,72.91666666666667,-3.987,59.66533333333333,3,1.9405959883499315,-5.2041,-0.5368,0.773,-0.021,3.5975,2.682,-0.9302,-3.0918,-0.5187,-0.0436,0.1293
M00955,2026-09-24 15:07:02,S4,False,AMP-07-004,Ampoule,Ethanolic cosolvent 30%,Ethanolic injectable,Freeze-thaw cycled,,subtle,ANT-B (directional dipole),7,25.27,63.6,S11,2800.0,3200.0,0.01,40001,3098.4956,-4.18,-3.99,49.8866,62.11,26.7729,0.24022,28.513,3106.392533333333,52.5505,59.13333333333333,-4.080333333333333,25.130366666666664,3,3.4500218265010516,-7.8969,-2.6639,2.977,-0.1,3.3826,2.289,0.2657,-3.2354,-6.291,-1.7952,0.0067
M00956,2026-09-24 15:07:15,S4,False,VIA-01-002,Vial,Aqueous injectable (0.9% NaCl base),Saline injectable,Expired (24 mo),,subtle,"ANT-A (double-ridged horn, ETS 3115)",8,24.9,62.4,S11,2800.0,3200.0,0.01,40001,2943.1174,-3.815,-14.75,42.0416,70.0,73.9792,0.1702,76.4112,2946.3349,41.778933333333335,70.64666666666666,-3.9616666666666664,75.27243333333332,3,1.7026404552928778,-3.2175,0.2627,-0.647,0.147,1.1388,1.89,-0.6633,-4.193,2.2515,-0.1305,-0.0336
M00957,2026-09-24 15:07:27,S4,False,SYR-12-003,Syrup,Sucrose-based paediatric syrup 65% w/v,Sucrose syrup,Fresh,,none,"ANT-A (double-ridged horn, ETS 3115)",8,25.3,54.8,S11,2800.0,3200.0,0.01,40001,3021.1933,-4.4,11.37,56.0005,53.95,41.8301,0.235,41.1785,3016.9426333333336,55.7103,54.156666666666666,-4.471666666666667,42.32893333333333,3,2.215278073590952,4.2507,0.2902,-0.207,0.072,-1.1504,1.919,1.1167,3.1344,2.2515,-0.0762,-0.1125
M00958,2026-09-24 15:07:40,S4,False,AMP-05-004,Ampoule,Aqueous small-volume parenteral,Aqueous SVP,Freeze-thaw cycled,,subtle,ANT-B (directional dipole),4,24.99,55.1,S11,2800.0,3200.0,0.01,40001,2985.3618,-3.567,-17.36,44.8766,66.52,75.1413,0.17516,79.2353,2996.229633333334,44.40656666666666,67.59333333333333,-3.6653333333333333,74.08966666666667,3,5.017573069057528,-10.8678,0.47,-1.073,0.098,5.1456,2.166,-0.9004,-6.5006,-0.0577,-0.4141,-0.1301
M00959,2026-09-24 15:07:53,S4,False,AMP-05-003,Ampoule,Aqueous small-volume parenteral,Aqueous SVP,Fresh,,none,ANT-B (directional dipole),7,24.11,71.1,S11,2800.0,3200.0,0.01,40001,2983.0992,-3.476,-26.93,44.5312,66.99,76.2316,0.175,80.3144,2995.0132,45.2734,66.21666666666667,-3.670666666666667,74.6641,3,5.502703816307044,-11.914,-0.7422,0.773,0.195,5.6503,2.165,0.7996,-8.6727,-6.291,-0.1283,-0.0112
M00960,2026-09-24 15:08:06,S4,False,SYR-13-002,Syrup,Sorbitol sugar-free syrup,Sorbitol syrup,Heat-stressed 60C,,subtle,ANT-B (directional dipole),10,24.22,58.2,S11,2800.0,3200.0,0.01,40001,2970.3759,-3.844,18.11,61.6242,48.2,54.881,0.21539,51.0845,2966.1835333333333,61.44273333333334,48.29,-4.009666666666667,52.2768,3,3.172243909811173,4.1924,0.1815,-0.09,0.166,-1.1923,1.322,1.4525,6.2483,2.3219,-1.3027,-0.0395
M00961,2026-09-24 15:08:18,S4,False,SYR-14-003,Syrup,"Suspension, antacid",Antacid suspension,Fresh,,none,"ANT-A (double-ridged horn, ETS 3115)",1,24.11,55.5,S11,2800.0,3200.0,0.01,40001,2958.2012,-4.601,1.68,55.4234,53.37,58.7853,0.25,58.4153,2956.6801666666665,59.51773333333333,49.68,-4.269666666666667,58.855133333333335,3,6.802436622515,1.521,-4.0943,3.69,-0.331,-0.4398,0.224,2.4849,-0.4891,-0.8647,0.0336,0.2746
M00962,2026-09-24 15:08:31,S4,False,SYR-13-003,Syrup,Sorbitol sugar-free syrup,Sorbitol syrup,Substituted,Empty / air,gross,"ANT-A (double-ridged horn, ETS 3115)",8,24.87,57.3,S11,2800.0,3200.0,0.01,40001,3183.4878,-2.4,6.36,22.2867,142.84,1.0,0.0,0.6532,2969.791533333333,50.919900000000005,58.34,-4.188666666666666,55.925333333333334,3,5.0048180689545285,213.6963,-28.6332,84.5,1.789,-55.2721,42.698,0.0738,1.111,2.2515,0.2189,0.0842
M00963,2026-09-24 15:08:44,S4,False,AMP-07-004,Ampoule,Ethanolic cosolvent 30%,Ethanolic injectable,Heat-stressed 60C,,subtle,ANT-B (directional dipole),4,25.05,48.3,S11,2800.0,3200.0,0.01,40001,3103.7116,-4.209,0.12,51.2944,60.51,26.7699,0.24043,26.2748,3106.392533333333,52.5505,59.13333333333333,-4.080333333333333,25.130366666666664,3,3.4500218265010516,-2.6809,-1.2561,1.377,-0.129,1.1444,0.777,0.2657,1.6872,-0.0577,-1.2531,-0.2488
M00964,2026-09-24 15:08:56,S4,False,EYE-09-001,Eyedrop,Aqueous ophthalmic + BAK preservative,Ophthalmic aqueous,Heat-stressed 60C,,subtle,"ANT-A (double-ridged horn, ETS 3115)",8,24.53,49.2,S11,2800.0,3200.0,0.01,40001,3078.2647,-3.803,14.81,30.0124,102.57,71.6783,0.1653,68.8556,3072.0003999999994,29.982033333333334,102.54333333333334,-3.8043333333333336,73.17653333333334,3,2.834366791719126,6.2643,0.0304,0.027,0.001,-4.3209,2.21,0.4017,3.8109,2.2515,-1.4376,-0.1602
M00965,2026-09-24 15:09:09,S4,False,EYE-11-002,Eyedrop,Carbomer gel-forming drops,Gel-forming ophthalmic,Fresh,,none,"ANT-A (double-ridged horn, ETS 3115)",10,24.35,49.9,S11,2800.0,3200.0,0.01,40001,3087.8715,-4.107,-8.97,33.2218,92.95,61.198,0.205,63.0198,3089.0609,33.1141,93.30333333333333,-4.155,62.207033333333335,3,5.3602363725864945,-1.1894,0.1077,-0.353,0.048,0.8128,0.222,-0.9302,-2.7861,-0.4772,-0.0062,-0.1855
M00966,2026-09-24 15:09:22,S4,False,VIA-03-004,Vial,Reconstituted lyophilised antibiotic,Reconstituted powder,Expired (24 mo),,subtle,"ANT-A (double-ridged horn, ETS 3115)",6,24.87,52.9,S11,2800.0,3200.0,0.01,40001,2975.5023,-3.675,23.03,42.3726,70.22,67.3955,0.18522,65.9841,2964.7493,42.90436666666667,69.14333333333333,-4.026,69.74486666666667,3,1.5596644286511203,10.753,-0.5318,1.077,0.351,-3.7608,6.894,-1.1552,8.341,7.2171,-1.3095,-0.0529
M00967,2026-09-24 15:09:34,S4,False,VIA-04-004,Vial,Buffered protein formulation,Biologic solution,Expired (24 mo),,subtle,"ANT-A (double-ridged horn, ETS 3115)",5,24.65,61.0,S11,2800.0,3200.0,0.01,40001,2953.6054,-3.893,1.09,40.7286,72.52,71.9627,0.16019,73.098,2955.7576000000004,39.0161,75.77,-3.828,72.34143333333333,3,3.86097443270468,-2.1522,1.7125,-3.25,-0.065,0.7566,0.557,0.2685,0.4203,-0.9385,-1.137,0.0522
M00968,2026-09-24 15:09:47,S4,False,AMP-07-004,Ampoule,Ethanolic cosolvent 30%,Ethanolic injectable,Heat-stressed 60C,,subtle,"ANT-A (double-ridged horn, ETS 3115)",2,25.33,59.2,S11,2800.0,3200.0,0.01,40001,3124.9263,-4.245,13.14,42.5429,73.45,26.7426,0.24043,24.5537,3120.3013666666666,41.6603,74.92,-4.652666666666667,26.51953333333333,3,1.4298641835268862,4.6249,0.8826,-1.47,0.408,-1.9658,3.235,0.2657,6.0117,1.996,-1.8948,0.0584
M00969,2026-09-24 15:10:00,S4,False,SYR-13-003,Syrup,Sorbitol sugar-free syrup,Sorbitol syrup,Freeze-thaw cycled,,subtle,"ANT-A (double-ridged horn, ETS 3115)",8,24.13,52.4,S11,2800.0,3200.0,0.01,40001,2975.3588,-4.2,9.71,50.9831,58.36,54.9952,0.21519,54.3303,2969.791533333333,50.919900000000005,58.34,-4.188666666666666,55.925333333333334,3,5.0048180689545285,5.5673,0.0632,0.02,-0.011,-1.595,1.112,0.0738,4.9818,2.2515,-1.5915,-0.0846
M00970,2026-09-24 15:10:13,S4,False,AMP-07-002,Ampoule,Ethanolic cosolvent 30%,Ethanolic injectable,Fresh,,none,"ANT-A (double-ridged horn, ETS 3115)",8,25.67,55.6,S11,2800.0,3200.0,0.01,40001,3117.9067,-4.612,9.67,42.7689,72.9,27.81,0.24,27.5403,3115.5856333333336,43.0876,72.36333333333333,-4.5616666666666665,28.53363333333333,3,3.129206756245622,2.3211,-0.3187,0.537,-0.05,-0.9933,0.742,0.5334,1.0836,2.2515,-0.0739,-0.0468
M00971,2026-09-24 15:10:25,S4,False,VIA-03-001,Vial,Reconstituted lyophilised antibiotic,Reconstituted powder,Fresh,,none,"ANT-A (double-ridged horn, ETS 3115)",2,24.41,57.2,S11,2800.0,3200.0,0.01,40001,2976.4768,-3.687,24.09,45.1429,65.93,67.9767,0.185,65.6453,2967.614133333334,42.806533333333334,69.33999999999999,-3.9659999999999997,68.74183333333333,3,5.136421926140071,8.8627,2.3364,-3.41,0.279,-3.0965,1.725,1.2065,6.9187,1.996,-0.0493,-0.1249
M00972,2026-09-24 15:10:38,S4,False,AMP-05-001,Ampoule,Aqueous small-volume parenteral,Aqueous SVP,Photodegraded,,subtle,ANT-B (directional dipole),8,24.25,45.9,S11,2800.0,3200.0,0.01,40001,2988.4462,-3.683,-11.88,44.441,67.25,74.8194,0.17524,77.7681,2995.553933333333,45.292766666666665,66.16666666666667,-3.642,74.41343333333333,3,7.624725378880016,-7.1077,-0.8518,1.083,-0.041,3.3547,0.932,-0.6105,-4.4398,-0.5187,-0.7174,0.1278
M00973,2026-09-24 15:10:51,S4,False,AMP-07-004,Ampoule,Ethanolic cosolvent 30%,Ethanolic injectable,Fresh,,none,"ANT-A (double-ridged horn, ETS 3115)",7,25.83,62.7,S11,2800.0,3200.0,0.01,40001,3121.9038,-4.494,-2.29,42.3353,73.74,26.7427,0.24,25.8372,3120.3013666666666,41.6603,74.92,-4.652666666666667,26.51953333333333,3,1.4298641835268862,1.6024,0.675,-1.18,0.159,-0.6823,1.121,0.2657,1.4652,4.0178,-0.3315,0.0192
M00974,2026-09-24 15:11:03,S4,False,VIA-04-003,Vial,Buffered protein formulation,Biologic solution,Fresh,,none,ANT-B (directional dipole),1,24.27,55.8,S11,2800.0,3200.0,0.01,40001,2940.2332,-3.648,-10.72,47.4438,61.97,72.2904,0.16,72.0809,2943.010333333333,47.31043333333333,62.21666666666667,-3.5893333333333337,71.10520000000001,3,6.49001281534439,-2.7771,0.1334,-0.247,-0.059,0.9757,0.428,-0.1832,-1.166,-0.9972,-0.0011,-0.0169
M00975,2026-09-24 15:11:16,S4,False,AMP-08-002,Ampoule,Sesame oil vehicle (depot),Oil-based depot,Substituted,Glycerol,gross,"ANT-A (double-ridged horn, ETS 3115)",2,24.54,52.0,S11,2800.0,3200.0,0.01,40001,3150.1338,-5.882,4.98,56.3464,55.91,14.8244,0.42,14.1356,3172.689966666667,22.79103333333333,139.46333333333334,-2.474,4.797533333333333,3,2.3275452784709505,-22.5562,33.5554,-83.553,-3.408,9.3381,9.691,-1.6192,2.4889,1.996,1.4347,-0.0565
M00976,2026-09-24 15:11:29,S4,False,AMP-08-001,Ampoule,Sesame oil vehicle (depot),Oil-based depot,Heat-stressed 60C,,subtle,"ANT-A (double-ridged horn, ETS 3115)",4,25.36,67.9,S11,2800.0,3200.0,0.01,40001,3173.2426,-2.476,-3.75,22.3273,142.12,2.7657,0.00801,4.5705,3173.7732666666666,22.3832,141.81333333333336,-2.472,4.353766666666666,3,1.9003076917523627,-0.5307,-0.0559,0.307,-0.004,0.2167,0.279,0.1027,-3.1779,-0.2063,-1.3057,-0.0625
M00977,2026-09-24 15:11:41,S4,False,AMP-05-003,Ampoule,Aqueous small-volume parenteral,Aqueous SVP,Freeze-thaw cycled,,subtle,ANT-B (directional dipole),2,25.46,62.0,S11,2800.0,3200.0,0.01,40001,2997.7509,-3.639,11.37,44.5177,67.34,75.7943,0.17516,73.3693,2995.0132,45.2734,66.21666666666667,-3.670666666666667,74.6641,3,5.502703816307044,2.7377,-0.7557,1.123,0.032,-1.2948,0.498,0.7996,6.0071,1.9516,-0.8414,-0.253
M00978,2026-09-24 15:11:54,S4,False,EYE-11-003,Eyedrop,Carbomer gel-forming drops,Gel-forming ophthalmic,Substituted,Under-fill (50% air),gross,ANT-B (directional dipole),9,23.87,60.5,S11,2800.0,3200.0,0.01,40001,3116.8391,-4.029,3.62,36.5354,85.31,61.4867,0.205,31.8784,3078.5489333333335,40.806400000000004,75.45,-3.8043333333333336,57.735733333333336,3,4.277571078700361,38.2902,-4.271,9.86,-0.225,-25.8573,8.951,-0.9366,1.2336,-1.2437,0.102,0.1678
M00979,2026-09-24 15:12:07,S4,False,VIA-02-001,Vial,Dextrose 5% injectable,Dextrose injectable,Substituted,Under-fill (50% air),gross,"ANT-A (double-ridged horn, ETS 3115)",7,24.25,54.4,S11,2800.0,3200.0,0.01,40001,3062.7406,-3.778,-2.63,29.5897,103.51,70.4583,0.155,36.2079,2959.6769,39.059599999999996,75.86666666666666,-3.685333333333334,70.12873333333333,3,5.507539468764639,103.0637,-9.4699,27.643,-0.093,-33.9208,18.713,0.8112,0.4915,4.0178,0.4315,0.14
M00980,2026-09-24 15:12:20,S4,False,VIA-03-001,Vial,Reconstituted lyophilised antibiotic,Reconstituted powder,Freeze-thaw cycled,,subtle,"ANT-A (double-ridged horn, ETS 3115)",5,24.54,62.7,S11,2800.0,3200.0,0.01,40001,2970.9815,-4.068,10.0,42.8523,69.33,67.8845,0.18517,67.5601,2967.614133333334,42.806533333333334,69.33999999999999,-3.9659999999999997,68.74183333333333,3,5.136421926140071,3.3674,0.0458,-0.01,-0.102,-1.1817,0.656,1.2065,1.9981,-0.9385,-1.0813,0.0672
M00981,2026-09-24 15:12:32,S4,False,VIA-01-001,Vial,Aqueous injectable (0.9% NaCl base),Saline injectable,Freeze-thaw cycled,,subtle,"ANT-A (double-ridged horn, ETS 3115)",9,24.44,53.3,S11,2800.0,3200.0,0.01,40001,2952.0398,-3.974,-9.89,38.9077,75.87,73.5431,0.17015,73.2615,2950.086633333334,40.81,72.29,-3.9019999999999997,73.95043333333332,3,3.9960497448523045,1.9532,-1.9023,3.58,-0.072,-0.6889,0.489,0.3526,0.9708,1.242,-0.6173,0.1861
M00982,2026-09-24 15:12:45,S4,False,SYR-12-001,Syrup,Sucrose-based paediatric syrup 65% w/v,Sucrose syrup,Substituted,Glycerol,gross,"ANT-A (double-ridged horn, ETS 3115)",4,24.71,42.4,S11,2800.0,3200.0,0.01,40001,3127.8299,-6.244,-1.5,84.0943,37.19,14.8152,0.42,13.8446,3020.9702666666667,55.3294,54.61333333333334,-4.332666666666667,41.24103333333333,3,5.12499634861657,106.8596,28.7649,-17.423,-1.911,-27.3964,20.851,3.8975,0.4879,-0.2063,-0.0431,-0.0522
M00983,2026-09-24 15:12:58,S4,False,EYE-09-002,Eyedrop,Aqueous ophthalmic + BAK preservative,Ophthalmic aqueous,Fresh,,none,"ANT-A (double-ridged horn, ETS 3115)",1,24.56,54.9,S11,2800.0,3200.0,0.01,40001,3071.7576,-3.946,-0.82,29.8253,102.99,72.7681,0.165,73.3427,3071.2416,30.780333333333335,99.83999999999999,-3.853666666666667,73.70293333333333,3,3.8298250782508076,0.516,-0.955,3.15,-0.092,-0.3602,0.135,-2.4444,-0.2892,-0.8647,-0.0551,0.1897
M00984,2026-09-24 15:13:10,S4,False,VIA-02-001,Vial,Dextrose 5% injectable,Dextrose injectable,Fresh,,none,"ANT-A (double-ridged horn, ETS 3115)",9,23.31,57.7,S11,2800.0,3200.0,0.01,40001,2960.6557,-3.932,2.72,39.9791,74.06,70.6965,0.155,69.7863,2959.6769,39.059599999999996,75.86666666666666,-3.685333333333334,70.12873333333333,3,5.507539468764639,0.9788,0.9195,-1.807,-0.247,-0.3424,0.178,0.8112,-0.0413,1.242,0.0187,0.034
M00985,2026-09-24 15:13:23,S4,False,AMP-06-003,Ampoule,Propylene glycol cosolvent 40%,Cosolvent injectable,Heat-stressed 60C,,subtle,"ANT-A (double-ridged horn, ETS 3115)",7,24.75,64.8,S11,2800.0,3200.0,0.01,40001,3096.9969,-4.021,16.5,39.0023,79.41,38.2706,0.2204,36.399,3090.130833333333,40.26176666666667,76.86,-4.378666666666667,39.38746666666666,3,2.604092234029727,6.8661,-1.2595,2.55,0.358,-2.9885,2.637,-0.806,6.0764,4.0178,-0.5174,-0.1402
M00986,2026-09-24 15:13:36,S4,False,EYE-11-002,Eyedrop,Carbomer gel-forming drops,Gel-forming ophthalmic,Heat-stressed 60C,,subtle,ANT-B (directional dipole),4,24.77,44.0,S11,2800.0,3200.0,0.01,40001,3077.8619,-3.918,6.71,42.3648,72.65,60.9956,0.20537,58.2044,3075.7427000000002,42.20536666666667,72.91666666666667,-3.987,59.66533333333333,3,1.9405959883499315,2.1192,0.1594,-0.267,0.069,-1.4609,1.092,-0.9302,4.9611,-0.0577,-1.2734,0.0396
M00987,2026-09-24 15:13:48,S4,False,VIA-02-002,Vial,Dextrose 5% injectable,Dextrose injectable,Fresh,,none,"ANT-A (double-ridged horn, ETS 3115)",1,24.72,58.6,S11,2800.0,3200.0,0.01,40001,2959.1739,-3.924,6.07,37.4108,79.1,70.1058,0.155,70.2995,2958.4364333333338,38.30213333333333,77.33999999999999,-3.7336666666666667,70.55883333333334,3,5.615358601490375,0.7375,-0.8913,1.76,-0.19,-0.2593,0.131,0.4257,-0.0335,-0.8647,0.0368,0.0476
M00988,2026-09-24 15:14:01,S4,False,AMP-05-004,Ampoule,Aqueous small-volume parenteral,Aqueous SVP,Freeze-thaw cycled,,subtle,"ANT-A (double-ridged horn, ETS 3115)",2,24.89,70.7,S11,2800.0,3200.0,0.01,40001,3010.2153,-3.885,7.51,36.3182,82.88,75.1699,0.17516,75.2982,3006.3537333333334,36.362,82.70666666666666,-3.937,77.1179,3,3.358901542667364,3.8616,-0.0438,0.173,0.052,-1.8197,1.15,-0.9004,1.4136,1.996,-0.1283,0.0312
M00989,2026-09-24 15:14:14,S4,False,AMP-08-004,Ampoule,Sesame oil vehicle (depot),Oil-based depot,Fresh,,none,ANT-B (directional dipole),6,24.46,60.7,S11,2800.0,3200.0,0.01,40001,3164.0973,-2.463,20.2,32.7215,96.7,2.9839,0.008,1.1644,3159.328766666667,32.03653333333333,98.62333333333333,-2.4633333333333334,3.1184333333333334,3,3.8635392379702136,4.7685,0.685,-1.923,0.0,-1.954,1.234,-0.7393,5.1878,-1.3236,-0.0258,0.0008
M00990,2026-09-24 15:14:27,S4,False,EYE-09-003,Eyedrop,Aqueous ophthalmic + BAK preservative,Ophthalmic aqueous,Freeze-thaw cycled,,subtle,ANT-B (directional dipole),6,24.91,63.6,S11,2800.0,3200.0,0.01,40001,3055.2477,-3.639,-6.13,39.6327,77.09,72.7017,0.16515,73.0757,3060.0869,38.779066666666665,78.91666666666667,-3.646333333333333,69.72019999999999,3,2.3357162477488846,-4.8392,0.8536,-1.827,0.007,3.3555,2.072,1.6275,-2.4734,-1.3236,-0.0251,0.1354
M00991,2026-09-24 15:14:39,S4,False,AMP-08-002,Ampoule,Sesame oil vehicle (depot),Oil-based depot,Expired (24 mo),,subtle,"ANT-A (double-ridged horn, ETS 3115)",4,25.17,50.7,S11,2800.0,3200.0,0.01,40001,3175.5947,-2.479,24.25,22.1317,143.49,2.9841,0.00801,3.6086,3172.689966666667,22.79103333333333,139.46333333333334,-2.474,4.797533333333333,3,2.3275452784709505,2.9047,-0.6593,4.027,-0.005,-1.1889,1.248,-1.6192,1.3936,-0.2063,-1.0071,-0.2083
M00992,2026-09-24 15:14:52,S4,False,AMP-08-003,Ampoule,Sesame oil vehicle (depot),Oil-based depot,Fresh,,none,"ANT-A (double-ridged horn, ETS 3115)",3,23.99,54.9,S11,2800.0,3200.0,0.01,40001,3172.081,-2.476,-14.27,22.692,139.79,3.4469,0.008,5.0463,3173.7279333333336,22.4438,141.47,-2.4746666666666663,4.3728,3,2.761500217876818,-1.6469,0.2482,-1.68,-0.001,0.6735,0.596,0.0599,-3.9224,-4.4578,0.0179,-0.1167
M00993,2026-09-24 15:15:05,S4,False,AMP-06-004,Ampoule,Propylene glycol cosolvent 40%,Cosolvent injectable,Photodegraded,,subtle,ANT-B (directional dipole),9,24.36,59.3,S11,2800.0,3200.0,0.01,40001,3070.4198,-3.943,-23.09,49.6575,61.83,38.2098,0.22031,40.5805,3078.955,49.89116666666666,61.74333333333334,-3.9756666666666667,36.84493333333333,3,6.260758193701545,-8.5352,-0.2337,0.087,0.033,3.7356,1.363,0.392,-6.5607,-1.2437,-1.0495,0.0924
M00994,2026-09-24 15:15:17,S4,False,VIA-01-003,Vial,Aqueous injectable (0.9% NaCl base),Saline injectable,Substituted,Under-fill (50% air),gross,"ANT-A (double-ridged horn, ETS 3115)",8,24.5,59.1,S11,2800.0,3200.0,0.01,40001,3057.2592,-3.877,15.51,32.308,94.63,74.8147,0.17,38.1731,2943.611066666667,40.9355,71.91666666666667,-3.792333333333333,76.24063333333334,3,6.074375574767549,113.6481,-8.6275,22.713,-0.085,-38.0675,18.709,-0.7191,3.6835,2.2515,0.7581,-0.1864
M00995,2026-09-24 15:15:30,S4,False,EYE-11-001,Eyedrop,Carbomer gel-forming drops,Gel-forming ophthalmic,Expired (24 mo),,subtle,"ANT-A (double-ridged horn, ETS 3115)",10,24.24,60.7,S11,2800.0,3200.0,0.01,40001,3086.5298,-4.216,-14.18,31.251,98.77,61.4308,0.20525,63.9451,3086.6611666666668,32.05753333333333,96.31666666666666,-4.024,63.85773333333333,3,3.842836939467295,-0.1314,-0.8065,2.453,-0.192,0.0874,0.034,-1.1781,-2.9505,-0.4772,-1.0955,-0.012
M00996,2026-09-24 15:15:43,S4,False,AMP-05-001,Ampoule,Aqueous small-volume parenteral,Aqueous SVP,Substituted,Empty / air,gross,ANT-B (directional dipole),1,23.97,53.5,S11,2800.0,3200.0,0.01,40001,3156.4718,-2.4,-27.52,32.7369,96.42,1.0,0.0,4.2236,2995.553933333333,45.292766666666665,66.16666666666667,-3.642,74.41343333333333,3,7.624725378880016,160.9179,-12.5559,30.253,1.242,-70.1898,21.105,-0.6105,-7.6299,-0.9972,0.2536,-0.0413
M00997,2026-09-24 15:15:55,S4,False,SYR-14-002,Syrup,"Suspension, antacid",Antacid suspension,Fresh,,none,ANT-B (directional dipole),5,24.38,52.6,S11,2800.0,3200.0,0.01,40001,2948.1059,-4.287,12.74,65.3669,45.1,57.5454,0.25,56.6453,2946.7635333333333,65.11370000000001,45.36000000000001,-4.318333333333334,57.029333333333334,3,1.2711594326966795,1.3424,0.2532,-0.26,0.031,-0.384,1.056,-0.1467,2.7171,3.0499,-0.0073,0.1324
M00998,2026-09-24 15:16:08,S4,False,AMP-07-004,Ampoule,Ethanolic cosolvent 30%,Ethanolic injectable,Fresh,,none,ANT-B (directional dipole),7,24.85,55.4,S11,2800.0,3200.0,0.01,40001,3089.3556,-3.434,-48.59,53.6029,57.63,26.8371,0.24,32.4626,3106.392533333333,52.5505,59.13333333333333,-4.080333333333333,25.130366666666664,3,3.4500218265010516,-17.0369,1.0524,-1.503,0.646,7.3322,4.938,0.2657,-13.6529,-6.291,-0.2733,-0.0895
M00999,2026-09-24 15:16:21,S4,False,VIA-04-004,Vial,Buffered protein formulation,Biologic solution,Heat-stressed 60C,,subtle,ANT-B (directional dipole),4,23.76,67.6,S11,2800.0,3200.0,0.01,40001,2932.6122,-3.628,-3.69,47.3097,61.99,72.1507,0.16029,74.7866,2939.141066666667,48.172599999999996,61.03,-3.545666666666667,72.47276666666666,3,6.684396895257918,-6.5289,-0.8629,0.96,-0.082,2.3138,0.977,0.2685,-2.9249,-0.0577,-1.9788,0.0296
M01000,2026-09-24 15:16:34,S4,False,EYE-11-001,Eyedrop,Carbomer gel-forming drops,Gel-forming ophthalmic,Photodegraded,,subtle,ANT-B (directional dipole),3,24.67,58.2,S11,2800.0,3200.0,0.01,40001,3074.9605,-3.887,-6.56,44.1054,69.72,61.3228,0.20529,60.2042,3074.5050666666666,42.94053333333333,71.68,-3.829,60.52916666666666,3,6.864686481794751,0.4554,1.1649,-1.96,-0.058,-0.325,0.066,-1.1781,1.8042,6.0478,-0.6181,0.0366
