record_id,session_id,vial_id,cradle_angle_deg,repeat_index,antenna_id,frequency_hz,amplitude_db,phase_deg,temp_ambient_c,condition_label,is_enrollment,injected_corruption,gate_enabled,validity_bit,dielectric_constant,residual
REC000001,1,V01,0,1,A1,2800000000.0,-12.307,29.338,24.83,control,True,none,True,True,73.584,0.362
REC000002,1,V01,0,2,A1,2800000000.0,-12.923,26.9,25.32,control,True,none,True,True,73.584,0.387
REC000003,1,V01,0,3,A1,2800000000.0,-12.537,23.957,25.68,control,True,none,True,True,73.584,0.259
REC000004,1,V01,0,1,A2,2800000000.0,-11.999,27.214,25.76,control,True,none,True,True,73.584,0.542
REC000005,1,V01,0,2,A2,2800000000.0,-12.092,24.438,25.53,control,True,none,True,True,73.584,0.493
REC000006,1,V01,0,3,A2,2800000000.0,-12.52,29.652,25.4,control,True,none,True,True,73.584,0.311
REC000007,1,V01,0,1,A3,2800000000.0,-12.887,23.973,25.78,control,True,none,True,True,73.584,0.434
REC000008,1,V01,0,2,A3,2800000000.0,-12.878,24.731,25.31,control,True,none,True,True,73.584,0.386
REC000009,1,V01,0,3,A3,2800000000.0,-12.672,27.112,25.54,control,True,none,True,True,73.584,0.146
REC000010,1,V01,0,1,A4,2800000000.0,-12.403,32.941,25.3,control,True,none,True,True,73.584,0.653
REC000011,1,V01,0,2,A4,2800000000.0,-12.686,24.075,25.6,control,True,none,True,True,73.584,0.289
REC000012,1,V01,0,3,A4,2800000000.0,-12.193,26.174,25.17,control,True,none,True,True,73.584,0.346
REC000013,1,V01,0,1,A5,2800000000.0,-12.479,28.968,25.64,control,True,none,True,True,73.584,0.249
REC000014,1,V01,0,2,A5,2800000000.0,-12.069,25.02,25.49,control,True,none,True,True,73.584,0.493
REC000015,1,V01,0,3,A5,2800000000.0,-12.197,27.672,25.68,control,True,none,True,True,73.584,0.358
REC000016,1,V01,0,1,A6,2800000000.0,-12.765,28.053,25.44,control,True,none,True,True,73.584,0.273
REC000017,1,V01,0,2,A6,2800000000.0,-12.745,27.91,24.98,control,True,none,True,True,73.584,0.248
REC000018,1,V01,0,3,A6,2800000000.0,-12.928,24.605,25.23,control,True,none,True,True,73.584,0.436
REC000019,1,V01,45,1,A1,2800000000.0,-12.261,31.708,25.16,control,True,none,True,True,73.584,0.585
REC000020,1,V01,45,2,A1,2800000000.0,-11.888,22.175,25.32,control,True,none,True,True,73.584,0.783
REC000021,1,V01,45,3,A1,2800000000.0,-12.13,28.982,25.63,control,True,none,True,True,73.584,0.474
REC000022,1,V01,45,1,A2,2800000000.0,-11.64,26.677,25.28,control,True,none,True,True,73.584,0.898
REC000023,1,V01,45,2,A2,2800000000.0,-11.621,27.149,25.03,control,True,none,True,True,73.584,0.918
REC000024,1,V01,45,3,A2,2800000000.0,-12.218,24.965,25.57,control,True,none,True,True,73.584,0.357
REC000025,1,V01,45,1,A3,2800000000.0,-12.436,28.795,25.29,control,True,none,True,True,73.584,0.246
REC000026,1,V01,45,2,A3,2800000000.0,-12.431,28.6,25.32,control,True,none,True,True,73.584,0.231
REC000027,1,V01,45,3,A3,2800000000.0,-12.341,24.737,25.31,control,True,none,True,True,73.584,0.267
REC000028,1,V01,45,1,A4,2800000000.0,-12.293,23.636,25.56,control,True,none,True,True,73.584,0.38
REC000029,1,V01,45,2,A4,2800000000.0,-12.319,27.261,25.56,control,True,none,True,True,73.584,0.23
REC000030,1,V01,45,3,A4,2800000000.0,-12.044,29.219,25.39,control,True,none,True,True,73.584,0.561
REC000031,1,V01,45,1,A5,2800000000.0,-12.005,27.484,24.91,control,True,none,True,True,73.584,0.541
REC000032,1,V01,45,2,A5,2800000000.0,-12.313,23.755,25.12,control,True,none,True,True,73.584,0.359
REC000033,1,V01,45,3,A5,2800000000.0,-11.759,25.007,25.3,control,True,none,True,True,73.584,0.794
REC000034,1,V01,45,1,A6,2800000000.0,-12.089,25.654,25.64,control,True,none,True,True,73.584,0.457
REC000035,1,V01,45,2,A6,2800000000.0,-12.759,26.107,25.13,control,True,none,True,True,73.584,0.226
REC000036,1,V01,45,3,A6,2800000000.0,-12.58,29.244,24.9,control,True,none,True,True,73.584,0.273
REC000037,1,V01,90,1,A1,2800000000.0,-11.902,28.229,25.24,control,True,none,True,True,73.584,0.657
REC000038,1,V01,90,2,A1,2800000000.0,-12.466,27.733,25.26,control,True,none,True,True,73.584,0.138
REC000039,1,V01,90,3,A1,2800000000.0,-11.962,27.582,25.9,control,True,none,True,True,73.584,0.585
REC000040,1,V01,90,1,A2,2800000000.0,-11.804,24.946,25.47,control,True,none,True,True,73.584,0.751
REC000041,1,V01,90,2,A2,2800000000.0,-11.666,32.094,25.67,control,True,none,True,True,73.584,1.033
REC000042,1,V01,90,3,A2,2800000000.0,-11.625,32.406,25.06,control,True,none,True,True,73.584,1.084
REC000043,1,V01,90,1,A3,2800000000.0,-12.524,24.236,25.3,control,True,none,True,True,73.584,0.232
REC000044,1,V01,90,2,A3,2800000000.0,-12.745,28.922,25.35,control,True,none,True,True,73.584,0.315
REC000045,1,V01,90,3,A3,2800000000.0,-12.773,23.969,25.51,control,True,none,True,True,73.584,0.35
REC000046,1,V01,90,1,A4,2800000000.0,-11.781,33.506,26.29,control,True,none,True,True,73.584,1.028
REC000047,1,V01,90,2,A4,2800000000.0,-11.908,24.548,24.78,control,True,none,True,True,73.584,0.661
REC000048,1,V01,90,3,A4,2800000000.0,-11.952,25.077,25.29,control,True,none,True,True,73.584,0.604
REC000049,1,V01,90,1,A5,2800000000.0,-11.916,27.594,25.74,control,True,none,True,True,73.584,0.63
REC000050,1,V01,90,2,A5,2800000000.0,-11.685,27.54,25.11,control,True,none,True,True,73.584,0.858
REC000051,1,V01,90,3,A5,2800000000.0,-12.234,26.557,25.4,control,True,none,True,True,73.584,0.303
REC000052,1,V01,90,1,A6,2800000000.0,-11.802,27.407,25.71,control,True,none,True,True,73.584,0.74
REC000053,1,V01,90,2,A6,2800000000.0,-12.482,23.461,25.13,control,True,none,True,True,73.584,0.314
REC000054,1,V01,90,3,A6,2800000000.0,-12.55,33.402,25.17,control,True,none,True,True,73.584,0.685
REC000055,1,V01,135,1,A1,2800000000.0,-11.927,24.514,25.7,control,True,none,True,True,73.584,0.644
REC000056,1,V01,135,2,A1,2800000000.0,-12.063,26.753,25.41,control,True,none,True,True,73.584,0.475
REC000057,1,V01,135,3,A1,2800000000.0,-12.375,28.561,25.28,control,True,none,True,True,73.584,0.258
REC000058,1,V01,135,1,A2,2800000000.0,-12.246,23.889,25.47,control,True,none,True,True,73.584,0.395
REC000059,1,V01,135,2,A2,2800000000.0,-11.405,28.203,25.38,control,True,none,True,True,73.584,1.144
REC000060,1,V01,135,3,A2,2800000000.0,-11.793,31.641,25.48,control,True,none,True,True,73.584,0.902
REC000061,1,V01,135,1,A3,2800000000.0,-12.602,30.042,25.55,control,True,none,True,True,73.584,0.355
REC000062,1,V01,135,2,A3,2800000000.0,-12.018,27.273,25.05,control,True,none,True,True,73.584,0.524
REC000063,1,V01,135,3,A3,2800000000.0,-12.889,31.676,25.93,control,True,none,True,True,73.584,0.621
REC000064,1,V01,135,1,A4,2800000000.0,-12.232,26.074,25.86,control,True,none,True,True,73.584,0.309
REC000065,1,V01,135,2,A4,2800000000.0,-12.511,24.539,25.61,control,True,none,True,True,73.584,0.203
REC000066,1,V01,135,3,A4,2800000000.0,-12.297,27.208,25.37,control,True,none,True,True,73.584,0.249
REC000067,1,V01,135,1,A5,2800000000.0,-11.777,31.946,25.44,control,True,none,True,True,73.584,0.932
REC000068,1,V01,135,2,A5,2800000000.0,-11.685,21.573,25.4,control,True,none,True,True,73.584,0.987
REC000069,1,V01,135,3,A5,2800000000.0,-12.131,24.067,25.15,control,True,none,True,True,73.584,0.476
REC000070,1,V01,135,1,A6,2800000000.0,-12.579,29.471,25.02,control,True,none,True,True,73.584,0.295
REC000071,1,V01,135,2,A6,2800000000.0,-12.469,25.271,25.32,control,True,none,True,True,73.584,0.145
REC000072,1,V01,135,3,A6,2800000000.0,-12.178,28.338,25.82,control,True,none,True,True,73.584,0.401
REC000073,1,V01,180,1,A1,2800000000.0,-12.578,24.428,25.35,control,True,none,True,True,73.584,0.216
REC000074,1,V01,180,2,A1,2800000000.0,-12.459,27.046,25.09,control,True,none,True,True,73.584,0.093
REC000075,1,V01,180,3,A1,2800000000.0,-12.505,27.201,26.17,control,True,none,True,True,73.584,0.073
REC000076,1,V01,180,1,A2,2800000000.0,-11.669,24.456,25.33,control,True,none,True,True,73.584,0.893
REC000077,1,V01,180,2,A2,2800000000.0,-12.671,25.244,25.51,control,True,none,True,True,73.584,0.187
REC000078,1,V01,180,3,A2,2800000000.0,-11.87,24.829,25.22,control,True,none,True,True,73.584,0.689
REC000079,1,V01,180,1,A3,2800000000.0,-13.476,25.528,25.1,control,True,none,True,True,73.584,0.944
REC000080,1,V01,180,2,A3,2800000000.0,-12.991,23.386,25.39,control,True,none,True,True,73.584,0.553
REC000081,1,V01,180,3,A3,2800000000.0,-13.359,21.615,26.06,control,True,none,True,True,73.584,0.958
REC000082,1,V01,180,1,A4,2800000000.0,-12.918,23.226,25.97,control,True,none,True,True,73.584,0.505
REC000083,1,V01,180,2,A4,2800000000.0,-11.66,23.001,25.31,control,True,none,True,True,73.584,0.947
REC000084,1,V01,180,3,A4,2800000000.0,-12.43,31.702,25.12,control,True,none,True,True,73.584,0.526
REC000085,1,V01,180,1,A5,2800000000.0,-12.306,29.348,25.55,control,True,none,True,True,73.584,0.363
REC000086,1,V01,180,2,A5,2800000000.0,-12.345,26.615,25.01,control,True,none,True,True,73.584,0.193
REC000087,1,V01,180,3,A5,2800000000.0,-12.303,26.217,25.49,control,True,none,True,True,73.584,0.237
REC000088,1,V01,180,1,A6,2800000000.0,-12.999,27.431,25.72,control,True,none,True,True,73.584,0.47
REC000089,1,V01,180,2,A6,2800000000.0,-12.785,27.071,25.43,control,True,none,True,True,73.584,0.253
REC000090,1,V01,180,3,A6,2800000000.0,-12.832,23.851,25.51,control,True,none,True,True,73.584,0.4
REC000091,1,V01,225,1,A1,2800000000.0,-12.915,32.089,25.89,control,True,none,True,True,73.584,0.67
REC000092,1,V01,225,2,A1,2800000000.0,-12.77,23.52,25.08,control,True,none,True,True,73.584,0.382
REC000093,1,V01,225,3,A1,2800000000.0,-12.528,26.597,25.56,control,True,none,True,True,73.584,0.01
REC000094,1,V01,225,1,A2,2800000000.0,-13.109,29.091,25.55,control,True,none,True,True,73.584,0.625
REC000095,1,V01,225,2,A2,2800000000.0,-12.919,24.894,25.5,control,True,none,True,True,73.584,0.416
REC000096,1,V01,225,3,A2,2800000000.0,-12.57,25.433,25.39,control,True,none,True,True,73.584,0.116
REC000097,1,V01,225,1,A3,2800000000.0,-13.261,25.767,25.86,control,True,none,True,True,73.584,0.728
REC000098,1,V01,225,2,A3,2800000000.0,-13.956,24.598,25.47,control,True,none,True,True,73.584,1.432
REC000099,1,V01,225,3,A3,2800000000.0,-13.097,24.193,24.89,control,True,none,True,True,73.584,0.607
REC000100,1,V01,225,1,A4,2800000000.0,-12.787,30.991,24.96,control,True,none,True,True,73.584,0.509
REC000101,1,V01,225,2,A4,2800000000.0,-12.626,24.823,25.4,control,True,none,True,True,73.584,0.194
REC000102,1,V01,225,3,A4,2800000000.0,-13.201,24.806,25.81,control,True,none,True,True,73.584,0.686
REC000103,1,V01,225,1,A5,2800000000.0,-12.411,31.506,25.77,control,True,none,True,True,73.584,0.511
REC000104,1,V01,225,2,A5,2800000000.0,-12.454,31.541,25.55,control,True,none,True,True,73.584,0.506
REC000105,1,V01,225,3,A5,2800000000.0,-12.337,25.419,25.44,control,True,none,True,True,73.584,0.23
REC000106,1,V01,225,1,A6,2800000000.0,-13.395,28.278,25.06,control,True,none,True,True,73.584,0.875
REC000107,1,V01,225,2,A6,2800000000.0,-12.951,24.737,25.77,control,True,none,True,True,73.584,0.452
REC000108,1,V01,225,3,A6,2800000000.0,-12.96,30.771,25.64,control,True,none,True,True,73.584,0.597
REC000109,1,V01,270,1,A1,2800000000.0,-13.504,25.315,25.07,control,True,none,True,True,73.584,0.974
REC000110,1,V01,270,2,A1,2800000000.0,-13.187,30.05,25.61,control,True,none,True,True,73.584,0.738
REC000111,1,V01,270,3,A1,2800000000.0,-13.242,22.475,25.43,control,True,none,True,True,73.584,0.814
REC000112,1,V01,270,1,A2,2800000000.0,-13.097,24.003,25.51,control,True,none,True,True,73.584,0.615
REC000113,1,V01,270,2,A2,2800000000.0,-12.385,27.842,24.73,control,True,none,True,True,73.584,0.2
REC000114,1,V01,270,3,A2,2800000000.0,-12.641,26.232,25.54,control,True,none,True,True,73.584,0.108
REC000115,1,V01,270,1,A3,2800000000.0,-12.847,18.826,25.24,control,True,none,True,True,73.584,0.832
REC000116,1,V01,270,2,A3,2800000000.0,-13.155,20.271,25.86,control,True,none,True,True,73.584,0.881
REC000117,1,V01,270,3,A3,2800000000.0,-13.221,27.556,25.25,control,True,none,True,True,73.584,0.691
REC000118,1,V01,270,1,A4,2800000000.0,-12.788,28.722,25.49,control,True,none,True,True,73.584,0.332
REC000119,1,V01,270,2,A4,2800000000.0,-12.962,26.327,25.16,control,True,none,True,True,73.584,0.425
REC000120,1,V01,270,3,A4,2800000000.0,-13.076,25.059,25.53,control,True,none,True,True,73.584,0.559
REC000121,1,V01,270,1,A5,2800000000.0,-12.432,22.841,25.38,control,True,none,True,True,73.584,0.386
REC000122,1,V01,270,2,A5,2800000000.0,-12.288,23.785,25.17,control,True,none,True,True,73.584,0.372
REC000123,1,V01,270,3,A5,2800000000.0,-12.671,28.549,25.42,control,True,none,True,True,73.584,0.24
REC000124,1,V01,270,1,A6,2800000000.0,-12.933,27.587,25.67,control,True,none,True,True,73.584,0.409
REC000125,1,V01,270,2,A6,2800000000.0,-13.166,31.999,25.36,control,True,none,True,True,73.584,0.832
REC000126,1,V01,270,3,A6,2800000000.0,-13.933,29.829,25.28,control,True,none,True,True,73.584,1.434
REC000127,1,V01,315,1,A1,2800000000.0,-12.853,29.738,24.94,control,True,none,True,True,73.584,0.448
REC000128,1,V01,315,2,A1,2800000000.0,-13.261,21.005,25.18,control,True,none,True,True,73.584,0.912
REC000129,1,V01,315,3,A1,2800000000.0,-12.754,27.382,25.5,control,True,none,True,True,73.584,0.232
REC000130,1,V01,315,1,A2,2800000000.0,-13.009,19.379,25.43,control,True,none,True,True,73.584,0.858
REC000131,1,V01,315,2,A2,2800000000.0,-12.727,27.687,25.63,control,True,none,True,True,73.584,0.221
REC000132,1,V01,315,3,A2,2800000000.0,-12.544,28.589,25.49,control,True,none,True,True,73.584,0.204
REC000133,1,V01,315,1,A3,2800000000.0,-13.027,23.195,25.36,control,True,none,True,True,73.584,0.594
REC000134,1,V01,315,2,A3,2800000000.0,-13.127,27.771,25.3,control,True,none,True,True,73.584,0.602
REC000135,1,V01,315,3,A3,2800000000.0,-13.029,24.512,25.38,control,True,none,True,True,73.584,0.532
REC000136,1,V01,315,1,A4,2800000000.0,-12.637,19.83,25.03,control,True,none,True,True,73.584,0.679
REC000137,1,V01,315,2,A4,2800000000.0,-13.33,18.808,25.21,control,True,none,True,True,73.584,1.108
REC000138,1,V01,315,3,A4,2800000000.0,-12.661,24.954,25.48,control,True,none,True,True,73.584,0.202
REC000139,1,V01,315,1,A5,2800000000.0,-12.259,30.292,25.4,control,True,none,True,True,73.584,0.466
REC000140,1,V01,315,2,A5,2800000000.0,-12.179,26.585,25.17,control,True,none,True,True,73.584,0.358
REC000141,1,V01,315,3,A5,2800000000.0,-12.764,21.867,25.15,control,True,none,True,True,73.584,0.52
REC000142,1,V01,315,1,A6,2800000000.0,-13.293,27.72,25.93,control,True,none,True,True,73.584,0.765
REC000143,1,V01,315,2,A6,2800000000.0,-13.6,26.488,25.11,control,True,none,True,True,73.584,1.063
REC000144,1,V01,315,3,A6,2800000000.0,-13.043,24.916,24.87,control,True,none,True,True,73.584,0.531
REC000145,2,V01,0,1,A3,2800000000.0,-12.287,26.261,21.53,control,False,none,True,True,73.758,0.252
REC000146,2,V01,0,2,A3,2800000000.0,-12.283,34.036,21.33,control,False,none,True,True,73.758,0.791
REC000147,2,V01,0,3,A3,2800000000.0,-12.223,31.738,21.8,control,False,none,True,True,73.758,0.607
REC000148,2,V01,0,1,A4,2800000000.0,-11.261,31.4,21.26,control,False,none,True,True,73.758,1.365
REC000149,2,V01,0,2,A4,2800000000.0,-11.561,28.655,21.31,control,False,none,True,True,73.758,0.999
REC000150,2,V01,0,3,A4,2800000000.0,-11.892,32.134,20.96,control,False,none,True,True,73.758,0.853
REC000151,2,V01,0,1,A6,2800000000.0,-12.961,23.973,20.88,control,False,none,True,True,73.758,0.496
REC000152,2,V01,0,2,A6,2800000000.0,-12.622,29.312,21.79,control,False,none,True,True,73.758,0.289
REC000153,2,V01,0,3,A6,2800000000.0,-12.152,27.306,21.32,control,False,none,True,True,73.758,0.393
REC000154,2,V01,0,1,A2,2800000000.0,-12.306,29.839,21.27,control,False,none,True,True,73.758,0.402
REC000155,2,V01,0,2,A2,2800000000.0,-11.998,29.674,21.53,control,False,none,True,True,73.758,0.623
REC000156,2,V01,0,3,A2,2800000000.0,-12.527,30.711,21.99,control,False,none,True,True,73.758,0.416
REC000157,2,V01,135,1,A3,2800000000.0,-11.764,35.699,21.24,control,False,none,True,True,73.758,1.198
REC000158,2,V01,135,2,A3,2800000000.0,-11.656,31.229,21.16,control,False,none,True,True,73.758,0.998
REC000159,2,V01,135,3,A3,2800000000.0,-12.064,32.69,20.96,control,False,none,True,True,73.758,0.775
REC000160,2,V01,135,1,A4,2800000000.0,-11.331,35.155,21.32,control,False,none,True,True,73.758,1.482
REC000161,2,V01,135,2,A4,2800000000.0,-11.616,33.261,21.12,control,False,none,True,True,73.758,1.14
REC000162,2,V01,135,3,A4,2800000000.0,-11.25,26.405,21.11,control,False,none,True,True,73.758,1.288
REC000163,2,V01,135,1,A6,2800000000.0,-12.728,26.414,21.62,control,False,none,True,True,73.758,0.191
REC000164,2,V01,135,2,A6,2800000000.0,-11.862,28.741,20.76,control,False,none,True,True,73.758,0.71
REC000165,2,V01,135,3,A6,2800000000.0,-13.02,29.269,21.94,control,False,none,True,True,73.758,0.554
REC000166,2,V01,135,1,A2,2800000000.0,-11.7,29.72,21.35,control,False,none,True,True,73.758,0.895
REC000167,2,V01,135,2,A2,2800000000.0,-12.299,30.507,21.24,control,False,none,True,True,73.758,0.462
REC000168,2,V01,135,3,A2,2800000000.0,-11.856,33.772,21.32,control,False,none,True,True,73.758,0.993
REC000169,2,V01,270,1,A3,2800000000.0,-12.484,27.627,21.48,control,False,none,True,True,73.758,0.12
REC000170,2,V01,270,2,A3,2800000000.0,-12.195,26.782,20.95,control,False,none,True,True,73.758,0.343
REC000171,2,V01,270,3,A3,2800000000.0,-12.283,29.118,21.63,control,False,none,True,True,73.758,0.361
REC000172,2,V01,270,1,A4,2800000000.0,-12.517,34.557,21.25,control,False,none,True,True,73.758,0.801
REC000173,2,V01,270,2,A4,2800000000.0,-12.307,34.886,21.1,control,False,none,True,True,73.758,0.865
REC000174,2,V01,270,3,A4,2800000000.0,-12.666,28.846,21.35,control,False,none,True,True,73.758,0.263
REC000175,2,V01,270,1,A6,2800000000.0,-13.454,31.104,21.05,control,False,none,True,True,73.758,1.023
REC000176,2,V01,270,2,A6,2800000000.0,-12.64,22.009,20.98,control,False,none,True,True,73.758,0.466
REC000177,2,V01,270,3,A6,2800000000.0,-13.49,26.713,21.29,control,False,none,True,True,73.758,0.953
REC000178,2,V01,270,1,A2,2800000000.0,-12.738,28.932,21.16,control,False,none,True,True,73.758,0.311
REC000179,2,V01,270,2,A2,2800000000.0,-12.623,26.666,21.42,control,False,none,True,True,73.758,0.086
REC000180,2,V01,270,3,A2,2800000000.0,-12.485,30.847,21.38,control,False,none,True,True,73.758,0.433
REC000181,2,V01,180,1,A3,2800000000.0,-12.095,36.797,21.19,control,False,none,True,True,73.758,1.116
REC000182,2,V01,180,2,A3,2800000000.0,-12.276,28.431,20.9,control,False,none,True,True,73.758,0.322
REC000183,2,V01,180,3,A3,2800000000.0,-12.557,28.026,21.19,control,False,none,True,True,73.758,0.149
REC000184,2,V01,180,1,A4,2800000000.0,-11.784,31.345,20.98,control,False,none,True,True,73.758,0.893
REC000185,2,V01,180,2,A4,2800000000.0,-11.614,33.41,21.16,control,False,none,True,True,73.758,1.15
REC000186,2,V01,180,3,A4,2800000000.0,-12.08,32.837,21.27,control,False,none,True,True,73.758,0.777
REC000187,2,V01,180,1,A6,2800000000.0,-12.918,29.988,21.29,control,False,none,True,True,73.758,0.513
REC000188,2,V01,180,2,A6,2800000000.0,-12.754,30.762,20.78,control,False,none,True,True,73.758,0.474
REC000189,2,V01,180,3,A6,2800000000.0,-12.083,33.936,21.14,control,False,none,True,True,73.758,0.867
REC000190,2,V01,180,1,A2,2800000000.0,-12.075,23.462,20.86,control,False,none,True,True,73.758,0.556
REC000191,2,V01,180,2,A2,2800000000.0,-12.272,27.476,21.43,control,False,none,True,True,73.758,0.281
REC000192,2,V01,180,3,A2,2800000000.0,-11.585,27.162,20.96,control,False,none,True,True,73.758,0.954
REC000193,2,V01,90,1,A3,2800000000.0,-11.613,36.525,20.85,control,False,none,True,True,73.758,1.36
REC000194,2,V01,90,2,A3,2800000000.0,-11.609,37.156,20.72,control,False,none,True,True,73.758,1.409
REC000195,2,V01,90,3,A3,2800000000.0,-12.068,30.421,21.06,control,False,none,True,True,73.758,0.608
REC000196,2,V01,90,1,A4,2800000000.0,-11.14,32.917,20.68,control,False,none,True,True,73.758,1.536
REC000197,2,V01,90,2,A4,2800000000.0,-11.229,30.459,21.59,control,False,none,True,True,73.758,1.366
REC000198,2,V01,90,3,A4,2800000000.0,-11.572,30.282,21.37,control,False,none,True,True,73.758,1.035
REC000199,2,V01,90,1,A6,2800000000.0,-11.755,32.536,20.71,control,False,none,True,True,73.758,0.985
REC000200,2,V01,90,2,A6,2800000000.0,-11.823,28.089,21.28,control,False,none,True,True,73.758,0.731
REC000201,2,V01,90,3,A6,2800000000.0,-12.411,32.531,20.97,control,False,none,True,True,73.758,0.611
REC000202,2,V01,90,1,A2,2800000000.0,-12.069,33.833,21.28,control,False,none,True,True,73.758,0.866
REC000203,2,V01,90,2,A2,2800000000.0,-11.868,36.046,21.08,control,False,none,True,True,73.758,1.162
REC000204,2,V01,90,3,A2,2800000000.0,-11.674,32.499,21.03,control,False,none,True,True,73.758,1.048
REC000205,3,V02,0,1,A1,2800000000.0,-21.464,-75.094,19.9,stressed,True,none,True,True,69.18,0.409
REC000206,3,V02,0,2,A1,2800000000.0,-22.064,-74.349,20.97,stressed,True,none,True,True,69.18,0.834
REC000207,3,V02,0,3,A1,2800000000.0,-21.462,-84.992,20.11,stressed,True,none,True,True,69.18,0.596
REC000208,3,V02,0,1,A2,2800000000.0,-21.126,-79.251,19.87,stressed,True,none,True,True,69.18,0.252
REC000209,3,V02,0,2,A2,2800000000.0,-20.866,-77.108,19.76,stressed,True,none,True,True,69.18,0.549
REC000210,3,V02,0,3,A2,2800000000.0,-20.83,-72.524,20.26,stressed,True,none,True,True,69.18,0.855
REC000211,3,V02,0,1,A3,2800000000.0,-21.741,-80.108,20.39,stressed,True,none,True,True,69.18,0.377
REC000212,3,V02,0,2,A3,2800000000.0,-22.159,-79.189,20.09,stressed,True,none,True,True,69.18,0.782
REC000213,3,V02,0,3,A3,2800000000.0,-21.086,-80.204,20.71,stressed,True,none,True,True,69.18,0.312
REC000214,3,V02,0,1,A4,2800000000.0,-21.671,-77.42,20.3,stressed,True,none,True,True,69.18,0.338
REC000215,3,V02,0,2,A4,2800000000.0,-21.601,-78.65,20.57,stressed,True,none,True,True,69.18,0.228
REC000216,3,V02,0,3,A4,2800000000.0,-21.437,-84.258,20.2,stressed,True,none,True,True,69.18,0.52
REC000217,3,V02,0,1,A5,2800000000.0,-21.311,-79.709,20.18,stressed,True,none,True,True,69.18,0.091
REC000218,3,V02,0,2,A5,2800000000.0,-21.552,-83.529,20.35,stressed,True,none,True,True,69.18,0.477
REC000219,3,V02,0,3,A5,2800000000.0,-21.197,-86.376,20.44,stressed,True,none,True,True,69.18,0.751
REC000220,3,V02,0,1,A6,2800000000.0,-21.558,-81.823,19.81,stressed,True,none,True,True,69.18,0.327
REC000221,3,V02,0,2,A6,2800000000.0,-21.389,-78.634,20.92,stressed,True,none,True,True,69.18,0.047
REC000222,3,V02,0,3,A6,2800000000.0,-21.514,-78.519,20.16,stressed,True,none,True,True,69.18,0.148
REC000223,3,V02,45,1,A1,2800000000.0,-20.742,-76.599,20.58,stressed,True,none,True,True,69.18,0.683
REC000224,3,V02,45,2,A1,2800000000.0,-21.143,-79.781,20.06,stressed,True,none,True,True,69.18,0.244
REC000225,3,V02,45,3,A1,2800000000.0,-20.749,-73.979,20.07,stressed,True,none,True,True,69.18,0.81
REC000226,3,V02,45,1,A2,2800000000.0,-20.814,-77.032,20.13,stressed,True,none,True,True,69.18,0.6
REC000227,3,V02,45,2,A2,2800000000.0,-20.401,-84.73,19.96,stressed,True,none,True,True,69.18,1.128
REC000228,3,V02,45,3,A2,2800000000.0,-20.921,-84.936,19.92,stressed,True,none,True,True,69.18,0.742
REC000229,3,V02,45,1,A3,2800000000.0,-21.561,-79.578,20.54,stressed,True,none,True,True,69.18,0.19
REC000230,3,V02,45,2,A3,2800000000.0,-21.36,-82.067,20.19,stressed,True,none,True,True,69.18,0.298
REC000231,3,V02,45,3,A3,2800000000.0,-20.972,-81.902,19.93,stressed,True,none,True,True,69.18,0.493
REC000232,3,V02,45,1,A4,2800000000.0,-20.819,-79.139,20.4,stressed,True,none,True,True,69.18,0.559
REC000233,3,V02,45,2,A4,2800000000.0,-20.991,-76.37,19.9,stressed,True,none,True,True,69.18,0.473
REC000234,3,V02,45,3,A4,2800000000.0,-20.99,-79.107,19.84,stressed,True,none,True,True,69.18,0.388
REC000235,3,V02,45,1,A5,2800000000.0,-21.156,-75.917,20.1,stressed,True,none,True,True,69.18,0.387
REC000236,3,V02,45,2,A5,2800000000.0,-20.993,-78.263,20.55,stressed,True,none,True,True,69.18,0.393
REC000237,3,V02,45,3,A5,2800000000.0,-21.371,-82.465,19.93,stressed,True,none,True,True,69.18,0.338
REC000238,3,V02,45,1,A6,2800000000.0,-20.848,-78.127,20.44,stressed,True,none,True,True,69.18,0.538
REC000239,3,V02,45,2,A6,2800000000.0,-21.629,-82.333,20.34,stressed,True,none,True,True,69.18,0.41
REC000240,3,V02,45,3,A6,2800000000.0,-21.269,-77.328,20.15,stressed,True,none,True,True,69.18,0.207
REC000241,3,V02,90,1,A1,2800000000.0,-20.757,-77.707,20.44,stressed,True,none,True,True,69.18,0.636
REC000242,3,V02,90,2,A1,2800000000.0,-20.598,-83.041,19.53,stressed,True,none,True,True,69.18,0.874
REC000243,3,V02,90,3,A1,2800000000.0,-20.54,-74.619,19.9,stressed,True,none,True,True,69.18,0.949
REC000244,3,V02,90,1,A2,2800000000.0,-21.098,-77.385,20.49,stressed,True,none,True,True,69.18,0.327
REC000245,3,V02,90,2,A2,2800000000.0,-20.001,-76.133,20.1,stressed,True,none,True,True,69.18,1.408
REC000246,3,V02,90,3,A2,2800000000.0,-20.808,-77.647,20.12,stressed,True,none,True,True,69.18,0.588
REC000247,3,V02,90,1,A3,2800000000.0,-21.445,-72.535,20.74,stressed,True,none,True,True,69.18,0.659
REC000248,3,V02,90,2,A3,2800000000.0,-20.799,-81.444,20.46,stressed,True,none,True,True,69.18,0.625
REC000249,3,V02,90,3,A3,2800000000.0,-20.948,-77.354,20.58,stressed,True,none,True,True,69.18,0.463
REC000250,3,V02,90,1,A4,2800000000.0,-20.65,-75.962,20.4,stressed,True,none,True,True,69.18,0.792
REC000251,3,V02,90,2,A4,2800000000.0,-20.738,-83.533,20.23,stressed,True,none,True,True,69.18,0.779
REC000252,3,V02,90,3,A4,2800000000.0,-21.007,-82.021,20.71,stressed,True,none,True,True,69.18,0.472
REC000253,3,V02,90,1,A5,2800000000.0,-20.021,-73.604,20.28,stressed,True,none,True,True,69.18,1.463
REC000254,3,V02,90,2,A5,2800000000.0,-20.135,-77.646,20.27,stressed,True,none,True,True,69.18,1.251
REC000255,3,V02,90,3,A5,2800000000.0,-20.868,-76.491,20.23,stressed,True,none,True,True,69.18,0.572
REC000256,3,V02,90,1,A6,2800000000.0,-21.531,-78.835,20.18,stressed,True,none,True,True,69.18,0.156
REC000257,3,V02,90,2,A6,2800000000.0,-20.601,-75.999,20.21,stressed,True,none,True,True,69.18,0.836
REC000258,3,V02,90,3,A6,2800000000.0,-21.066,-78.549,20.15,stressed,True,none,True,True,69.18,0.316
REC000259,3,V02,135,1,A1,2800000000.0,-21.311,-78.928,19.98,stressed,True,none,True,True,69.18,0.068
REC000260,3,V02,135,2,A1,2800000000.0,-21.362,-76.941,20.32,stressed,True,none,True,True,69.18,0.216
REC000261,3,V02,135,3,A1,2800000000.0,-21.523,-78.843,20.51,stressed,True,none,True,True,69.18,0.148
REC000262,3,V02,135,1,A2,2800000000.0,-20.369,-74.897,20.22,stressed,True,none,True,True,69.18,1.092
REC000263,3,V02,135,2,A2,2800000000.0,-20.94,-81.226,20.31,stressed,True,none,True,True,69.18,0.487
REC000264,3,V02,135,3,A2,2800000000.0,-20.573,-74.113,20.54,stressed,True,none,True,True,69.18,0.946
REC000265,3,V02,135,1,A3,2800000000.0,-21.326,-82.707,20.11,stressed,True,none,True,True,69.18,0.365
REC000266,3,V02,135,2,A3,2800000000.0,-21.221,-79.581,20.03,stressed,True,none,True,True,69.18,0.164
REC000267,3,V02,135,3,A3,2800000000.0,-21.211,-80.486,20.02,stressed,True,none,True,True,69.18,0.217
REC000268,3,V02,135,1,A4,2800000000.0,-20.893,-79.681,20.28,stressed,True,none,True,True,69.18,0.488
REC000269,3,V02,135,2,A4,2800000000.0,-20.905,-81.893,20.06,stressed,True,none,True,True,69.18,0.549
REC000270,3,V02,135,3,A4,2800000000.0,-20.555,-81.961,19.57,stressed,True,none,True,True,69.18,0.871
REC000271,3,V02,135,1,A5,2800000000.0,-21.245,-77.887,20.22,stressed,True,none,True,True,69.18,0.179
REC000272,3,V02,135,2,A5,2800000000.0,-20.722,-74.332,19.41,stressed,True,none,True,True,69.18,0.81
REC000273,3,V02,135,3,A5,2800000000.0,-20.568,-73.29,19.87,stressed,True,none,True,True,69.18,0.996
REC000274,3,V02,135,1,A6,2800000000.0,-21.401,-81.233,19.94,stressed,True,none,True,True,69.18,0.216
REC000275,3,V02,135,2,A6,2800000000.0,-21.384,-74.692,20.76,stressed,True,none,True,True,69.18,0.44
REC000276,3,V02,135,3,A6,2800000000.0,-21.387,-73.259,20.22,stressed,True,none,True,True,69.18,0.583
REC000277,3,V02,180,1,A1,2800000000.0,-20.814,-79.462,20.25,stressed,True,none,True,True,69.18,0.565
REC000278,3,V02,180,2,A1,2800000000.0,-21.231,-69.645,20.46,stressed,True,none,True,True,69.18,0.956
REC000279,3,V02,180,3,A1,2800000000.0,-21.552,-76.275,20.1,stressed,True,none,True,True,69.18,0.331
REC000280,3,V02,180,1,A2,2800000000.0,-21.187,-75.956,20.22,stressed,True,none,True,True,69.18,0.367
REC000281,3,V02,180,2,A2,2800000000.0,-20.957,-78.64,20.31,stressed,True,none,True,True,69.18,0.423
REC000282,3,V02,180,3,A2,2800000000.0,-20.913,-84.493,20.41,stressed,True,none,True,True,69.18,0.713
REC000283,3,V02,180,1,A3,2800000000.0,-21.935,-84.009,20.19,stressed,True,none,True,True,69.18,0.743
REC000284,3,V02,180,2,A3,2800000000.0,-21.615,-81.762,20.46,stressed,True,none,True,True,69.18,0.357
REC000285,3,V02,180,3,A3,2800000000.0,-22.043,-80.903,20.03,stressed,True,none,True,True,69.18,0.69
REC000286,3,V02,180,1,A4,2800000000.0,-21.354,-78.345,19.9,stressed,True,none,True,True,69.18,0.078
REC000287,3,V02,180,2,A4,2800000000.0,-21.123,-78.993,19.64,stressed,True,none,True,True,69.18,0.255
REC000288,3,V02,180,3,A4,2800000000.0,-21.928,-79.219,20.14,stressed,True,none,True,True,69.18,0.551
REC000289,3,V02,180,1,A5,2800000000.0,-21.071,-78.766,20.27,stressed,True,none,True,True,69.18,0.308
REC000290,3,V02,180,2,A5,2800000000.0,-20.756,-82.015,19.86,stressed,True,none,True,True,69.18,0.687
REC000291,3,V02,180,3,A5,2800000000.0,-21.368,-77.815,20.58,stressed,True,none,True,True,69.18,0.128
REC000292,3,V02,180,1,A6,2800000000.0,-21.77,-87.187,19.7,stressed,True,none,True,True,69.18,0.9
REC000293,3,V02,180,2,A6,2800000000.0,-21.89,-81.355,20.08,stressed,True,none,True,True,69.18,0.56
REC000294,3,V02,180,3,A6,2800000000.0,-21.629,-80.617,20.52,stressed,True,none,True,True,69.18,0.294
REC000295,3,V02,225,1,A1,2800000000.0,-21.897,-82.476,20.35,stressed,True,none,True,True,69.18,0.62
REC000296,3,V02,225,2,A1,2800000000.0,-22.154,-78.72,20.24,stressed,True,none,True,True,69.18,0.777
REC000297,3,V02,225,3,A1,2800000000.0,-21.738,-75.124,20.02,stressed,True,none,True,True,69.18,0.536
REC000298,3,V02,225,1,A2,2800000000.0,-20.776,-80.065,19.82,stressed,True,none,True,True,69.18,0.609
REC000299,3,V02,225,2,A2,2800000000.0,-21.373,-82.618,19.98,stressed,True,none,True,True,69.18,0.353
REC000300,3,V02,225,3,A2,2800000000.0,-21.275,-77.722,20.02,stressed,True,none,True,True,69.18,0.171
REC000301,3,V02,225,1,A3,2800000000.0,-21.697,-76.916,20.64,stressed,True,none,True,True,69.18,0.386
REC000302,3,V02,225,2,A3,2800000000.0,-21.835,-76.299,19.64,stressed,True,none,True,True,69.18,0.536
REC000303,3,V02,225,3,A3,2800000000.0,-22.089,-82.99,20.24,stressed,True,none,True,True,69.18,0.811
REC000304,3,V02,225,1,A4,2800000000.0,-21.865,-80.387,20.77,stressed,True,none,True,True,69.18,0.504
REC000305,3,V02,225,2,A4,2800000000.0,-21.745,-78.647,20.14,stressed,True,none,True,True,69.18,0.37
REC000306,3,V02,225,3,A4,2800000000.0,-21.671,-79.871,20.34,stressed,True,none,True,True,69.18,0.304
REC000307,3,V02,225,1,A5,2800000000.0,-21.044,-74.447,20.3,stressed,True,none,True,True,69.18,0.572
REC000308,3,V02,225,2,A5,2800000000.0,-21.217,-82.841,20.18,stressed,True,none,True,True,69.18,0.408
REC000309,3,V02,225,3,A5,2800000000.0,-21.112,-76.791,20.27,stressed,True,none,True,True,69.18,0.351
REC000310,3,V02,225,1,A6,2800000000.0,-21.728,-78.917,20.57,stressed,True,none,True,True,69.18,0.351
REC000311,3,V02,225,2,A6,2800000000.0,-21.907,-81.456,20.31,stressed,True,none,True,True,69.18,0.58
REC000312,3,V02,225,3,A6,2800000000.0,-22.873,-79.24,19.11,stressed,True,none,True,True,69.18,1.496
REC000313,3,V02,270,1,A1,2800000000.0,-22.357,-78.826,20.35,stressed,True,none,True,True,69.18,0.98
REC000314,3,V02,270,2,A1,2800000000.0,-22.189,-82.318,20.62,stressed,True,none,True,True,69.18,0.873
REC000315,3,V02,270,3,A1,2800000000.0,-21.985,-73.453,20.21,stressed,True,none,True,True,69.18,0.829
REC000316,3,V02,270,1,A2,2800000000.0,-21.418,-74.831,20.25,stressed,True,none,True,True,69.18,0.428
REC000317,3,V02,270,2,A2,2800000000.0,-21.841,-80.011,20.2,stressed,True,none,True,True,69.18,0.473
REC000318,3,V02,270,3,A2,2800000000.0,-21.95,-80.449,19.98,stressed,True,none,True,True,69.18,0.588
REC000319,3,V02,270,1,A3,2800000000.0,-21.863,-80.578,20.12,stressed,True,none,True,True,69.18,0.508
REC000320,3,V02,270,2,A3,2800000000.0,-22.172,-80.012,20.39,stressed,True,none,True,True,69.18,0.8
REC000321,3,V02,270,3,A3,2800000000.0,-22.44,-83.806,20.54,stressed,True,none,True,True,69.18,1.162
REC000322,3,V02,270,1,A4,2800000000.0,-21.964,-84.432,20.34,stressed,True,none,True,True,69.18,0.793
REC000323,3,V02,270,2,A4,2800000000.0,-21.701,-84.774,20.28,stressed,True,none,True,True,69.18,0.654
REC000324,3,V02,270,3,A4,2800000000.0,-21.619,-79.059,20.4,stressed,True,none,True,True,69.18,0.241
REC000325,3,V02,270,1,A5,2800000000.0,-21.961,-78.689,20.12,stressed,True,none,True,True,69.18,0.585
REC000326,3,V02,270,2,A5,2800000000.0,-21.685,-77.07,20.65,stressed,True,none,True,True,69.18,0.368
REC000327,3,V02,270,3,A5,2800000000.0,-21.002,-75.737,20.17,stressed,True,none,True,True,69.18,0.503
REC000328,3,V02,270,1,A6,2800000000.0,-22.034,-78.381,20.24,stressed,True,none,True,True,69.18,0.66
REC000329,3,V02,270,2,A6,2800000000.0,-22.101,-78.21,20.19,stressed,True,none,True,True,69.18,0.729
REC000330,3,V02,270,3,A6,2800000000.0,-22.359,-81.925,20.4,stressed,True,none,True,True,69.18,1.022
REC000331,3,V02,315,1,A1,2800000000.0,-21.693,-78.868,20.41,stressed,True,none,True,True,69.18,0.316
REC000332,3,V02,315,2,A1,2800000000.0,-21.806,-77.62,20.32,stressed,True,none,True,True,69.18,0.453
REC000333,3,V02,315,3,A1,2800000000.0,-22.064,-75.562,20.06,stressed,True,none,True,True,69.18,0.772
REC000334,3,V02,315,1,A2,2800000000.0,-21.89,-82.524,19.9,stressed,True,none,True,True,69.18,0.617
REC000335,3,V02,315,2,A2,2800000000.0,-21.378,-80.21,20.11,stressed,True,none,True,True,69.18,0.112
REC000336,3,V02,315,3,A2,2800000000.0,-21.208,-78.369,20.3,stressed,True,none,True,True,69.18,0.184
REC000337,3,V02,315,1,A3,2800000000.0,-21.871,-78.54,19.57,stressed,True,none,True,True,69.18,0.497
REC000338,3,V02,315,2,A3,2800000000.0,-22.103,-86.929,20.22,stressed,True,none,True,True,69.18,1.068
REC000339,3,V02,315,3,A3,2800000000.0,-21.995,-77.252,20.56,stressed,True,none,True,True,69.18,0.644
REC000340,3,V02,315,1,A4,2800000000.0,-21.633,-81.39,20.35,stressed,True,none,True,True,69.18,0.344
REC000341,3,V02,315,2,A4,2800000000.0,-21.852,-79.893,20.5,stressed,True,none,True,True,69.18,0.481
REC000342,3,V02,315,3,A4,2800000000.0,-21.861,-77.472,20.41,stressed,True,none,True,True,69.18,0.51
REC000343,3,V02,315,1,A5,2800000000.0,-21.68,-76.467,20.42,stressed,True,none,True,True,69.18,0.4
REC000344,3,V02,315,2,A5,2800000000.0,-21.363,-81.676,19.95,stressed,True,none,True,True,69.18,0.259
REC000345,3,V02,315,3,A5,2800000000.0,-21.555,-77.761,19.92,stressed,True,none,True,True,69.18,0.222
REC000346,3,V02,315,1,A6,2800000000.0,-21.862,-84.114,20.15,stressed,True,none,True,True,69.18,0.698
REC000347,3,V02,315,2,A6,2800000000.0,-21.961,-73.053,19.79,stressed,True,none,True,True,69.18,0.84
REC000348,3,V02,315,3,A6,2800000000.0,-21.552,-79.939,20.33,stressed,True,none,True,True,69.18,0.194
REC000349,4,V02,45,1,A1,2800000000.0,-19.379,-64.621,21.75,stressed,False,none,True,True,69.767,2.467
REC000350,4,V02,45,2,A1,2800000000.0,-20.147,-65.077,21.33,stressed,False,none,True,True,69.767,1.865
REC000351,4,V02,45,3,A1,2800000000.0,-20.087,-63.708,22.2,stressed,False,none,True,True,69.767,2.008
REC000352,4,V02,45,1,A5,2800000000.0,-18.67,-65.649,22.24,stressed,False,none,True,False,69.767,3.023
REC000353,4,V02,45,2,A5,2800000000.0,-19.44,-64.343,21.93,stressed,False,none,True,True,69.767,2.435
REC000354,4,V02,45,3,A5,2800000000.0,-19.494,-63.558,21.68,stressed,False,none,True,True,69.767,2.441
REC000355,4,V02,45,1,A6,2800000000.0,-20.532,-69.52,22.0,stressed,False,none,True,True,69.767,1.277
REC000356,4,V02,45,2,A6,2800000000.0,-20.196,-66.677,21.81,stressed,False,none,True,True,69.767,1.714
REC000357,4,V02,45,3,A6,2800000000.0,-19.874,-64.348,21.61,stressed,False,none,True,True,69.767,2.106
REC000358,4,V02,45,1,A2,2800000000.0,-19.445,-59.651,21.95,stressed,False,none,True,True,69.767,2.741
REC000359,4,V02,45,2,A2,2800000000.0,-19.521,-60.663,22.14,stressed,False,none,True,True,69.767,2.616
REC000360,4,V02,45,3,A2,2800000000.0,-19.629,-62.594,21.96,stressed,False,none,True,True,69.767,2.404
REC000361,4,V02,270,1,A1,2800000000.0,-20.996,-63.994,21.4,stressed,False,none,True,True,69.767,1.557
REC000362,4,V02,270,2,A1,2800000000.0,-20.905,-62.185,22.06,stressed,False,none,True,True,69.767,1.755
REC000363,4,V02,270,3,A1,2800000000.0,-20.22,-66.911,21.46,stressed,False,none,True,True,69.767,1.68
REC000364,4,V02,270,1,A5,2800000000.0,-20.438,-65.29,21.83,stressed,False,none,True,True,69.767,1.67
REC000365,4,V02,270,2,A5,2800000000.0,-20.026,-66.68,21.91,stressed,False,none,True,True,69.767,1.835
REC000366,4,V02,270,3,A5,2800000000.0,-20.663,-64.245,21.81,stressed,False,none,True,True,69.767,1.648
REC000367,4,V02,270,1,A6,2800000000.0,-21.191,-67.303,21.75,stressed,False,none,True,True,69.767,1.193
REC000368,4,V02,270,2,A6,2800000000.0,-21.047,-61.282,21.78,stressed,False,none,True,True,69.767,1.811
REC000369,4,V02,270,3,A6,2800000000.0,-21.039,-72.888,21.54,stressed,False,none,True,True,69.767,0.707
REC000370,4,V02,270,1,A2,2800000000.0,-20.745,-68.153,22.22,stressed,False,none,True,True,69.767,1.263
REC000371,4,V02,270,2,A2,2800000000.0,-20.716,-62.231,21.82,stressed,False,none,True,True,69.767,1.811
REC000372,4,V02,270,3,A2,2800000000.0,-20.655,-66.362,21.81,stressed,False,none,True,True,69.767,1.464
REC000373,4,V02,225,1,A1,2800000000.0,-20.004,-72.762,21.2,stressed,False,none,True,True,69.767,1.512
REC000374,4,V02,225,2,A1,2800000000.0,-20.683,-65.759,22.01,stressed,False,none,True,True,69.767,1.503
REC000375,4,V02,225,3,A1,2800000000.0,-20.378,-66.956,22.11,stressed,False,none,True,True,69.767,1.572
REC000376,4,V02,225,1,A5,2800000000.0,-19.911,-64.751,22.09,stressed,False,none,True,True,69.767,2.051
REC000377,4,V02,225,2,A5,2800000000.0,-20.138,-66.987,22.01,stressed,False,none,True,True,69.767,1.732
REC000378,4,V02,225,3,A5,2800000000.0,-20.187,-65.299,22.25,stressed,False,none,True,True,69.767,1.822
REC000379,4,V02,225,1,A6,2800000000.0,-21.555,-70.556,21.45,stressed,False,none,True,True,69.767,0.872
REC000380,4,V02,225,2,A6,2800000000.0,-20.929,-67.067,21.35,stressed,False,none,True,True,69.767,1.283
REC000381,4,V02,225,3,A6,2800000000.0,-21.115,-68.886,22.54,stressed,False,none,True,True,69.767,1.054
REC000382,4,V02,225,1,A2,2800000000.0,-19.979,-67.038,21.7,stressed,False,none,True,True,69.767,1.846
REC000383,4,V02,225,2,A2,2800000000.0,-20.865,-71.527,21.77,stressed,False,none,True,True,69.767,0.914
REC000384,4,V02,225,3,A2,2800000000.0,-20.819,-66.058,21.32,stressed,False,none,True,True,69.767,1.418
REC000385,4,V02,90,1,A1,2800000000.0,-19.895,-63.65,21.91,stressed,False,none,True,True,69.767,2.141
REC000386,4,V02,90,2,A1,2800000000.0,-19.541,-68.057,22.06,stressed,False,none,True,True,69.767,2.142
REC000387,4,V02,90,3,A1,2800000000.0,-19.906,-62.197,21.8,stressed,False,none,True,True,69.767,2.24
REC000388,4,V02,90,1,A5,2800000000.0,-19.779,-64.545,21.91,stressed,False,none,True,True,69.767,2.161
REC000389,4,V02,90,2,A5,2800000000.0,-19.182,-64.019,22.26,stressed,False,none,True,True,69.767,2.663
REC000390,4,V02,90,3,A5,2800000000.0,-19.064,-64.366,22.03,stressed,False,none,True,True,69.767,2.742
REC000391,4,V02,90,1,A6,2800000000.0,-19.386,-58.714,21.44,stressed,False,none,True,True,69.767,2.849
REC000392,4,V02,90,2,A6,2800000000.0,-20.244,-60.141,21.49,stressed,False,none,True,True,69.767,2.208
REC000393,4,V02,90,3,A6,2800000000.0,-20.363,-66.055,21.93,stressed,False,none,True,True,69.767,1.652
REC000394,4,V02,90,1,A2,2800000000.0,-19.697,-66.048,21.6,stressed,False,none,True,True,69.767,2.127
REC000395,4,V02,90,2,A2,2800000000.0,-19.88,-66.734,22.49,stressed,False,none,True,True,69.767,1.941
REC000396,4,V02,90,3,A2,2800000000.0,-19.577,-61.436,21.66,stressed,False,none,True,True,69.767,2.522
REC000397,4,V02,315,1,A1,2800000000.0,-20.576,-67.944,21.01,stressed,False,none,True,True,69.767,1.373
REC000398,4,V02,315,2,A1,2800000000.0,-20.933,-71.235,21.13,stressed,False,none,True,True,69.767,0.903
REC000399,4,V02,315,3,A1,2800000000.0,-20.878,-61.828,21.79,stressed,False,none,True,True,69.767,1.797
REC000400,4,V02,315,1,A5,2800000000.0,-19.833,-64.07,22.04,stressed,False,none,True,True,69.767,2.154
REC000401,4,V02,315,2,A5,2800000000.0,-20.49,-63.731,22.02,stressed,False,none,True,True,69.767,1.774
REC000402,4,V02,315,3,A5,2800000000.0,-20.393,-63.624,21.97,stressed,False,none,True,True,69.767,1.833
REC000403,4,V02,315,1,A6,2800000000.0,-20.985,-69.671,21.45,stressed,False,none,True,True,69.767,1.02
REC000404,4,V02,315,2,A6,2800000000.0,-20.794,-65.322,21.57,stressed,False,none,True,True,69.767,1.495
REC000405,4,V02,315,3,A6,2800000000.0,-20.812,-64.591,21.99,stressed,False,none,True,True,69.767,1.556
REC000406,4,V02,315,1,A2,2800000000.0,-20.054,-61.972,21.5,stressed,False,none,True,True,69.767,2.164
REC000407,4,V02,315,2,A2,2800000000.0,-20.015,-67.396,22.12,stressed,False,none,True,True,69.767,1.796
REC000408,4,V02,315,3,A2,2800000000.0,-20.499,-67.039,21.26,stressed,False,none,True,True,69.767,1.491
REC000409,5,V03,0,1,A1,2800000000.0,-12.657,26.08,22.5,control,True,none,True,True,73.376,0.562
REC000410,5,V03,0,2,A1,2800000000.0,-12.857,19.354,22.55,control,True,none,True,True,73.376,0.201
REC000411,5,V03,0,3,A1,2800000000.0,-12.715,21.414,23.26,control,True,none,True,True,73.376,0.223
REC000412,5,V03,0,1,A2,2800000000.0,-12.792,25.028,22.77,control,True,none,True,True,73.376,0.409
REC000413,5,V03,0,2,A2,2800000000.0,-12.409,20.688,22.73,control,True,none,True,True,73.376,0.53
REC000414,5,V03,0,3,A2,2800000000.0,-12.682,19.522,22.94,control,True,none,True,True,73.376,0.305
REC000415,5,V03,0,1,A3,2800000000.0,-13.052,22.811,23.2,control,True,none,True,True,73.376,0.198
REC000416,5,V03,0,2,A3,2800000000.0,-12.813,19.905,22.85,control,True,none,True,True,73.376,0.179
REC000417,5,V03,0,3,A3,2800000000.0,-13.435,21.1,22.56,control,True,none,True,True,73.376,0.499
REC000418,5,V03,0,1,A4,2800000000.0,-12.461,22.621,22.68,control,True,none,True,True,73.376,0.496
REC000419,5,V03,0,2,A4,2800000000.0,-12.589,15.018,22.14,control,True,none,True,True,73.376,0.709
REC000420,5,V03,0,3,A4,2800000000.0,-12.709,21.711,22.82,control,True,none,True,True,73.376,0.233
REC000421,5,V03,0,1,A5,2800000000.0,-13.045,21.96,23.34,control,True,none,True,True,73.376,0.132
REC000422,5,V03,0,2,A5,2800000000.0,-12.4,22.539,22.61,control,True,none,True,True,73.376,0.553
REC000423,5,V03,0,3,A5,2800000000.0,-12.766,15.642,22.82,control,True,none,True,True,73.376,0.582
REC000424,5,V03,0,1,A6,2800000000.0,-12.994,16.303,22.54,control,True,none,True,True,73.376,0.493
REC000425,5,V03,0,2,A6,2800000000.0,-13.595,18.134,22.76,control,True,none,True,True,73.376,0.726
REC000426,5,V03,0,3,A6,2800000000.0,-13.873,22.873,22.97,control,True,none,True,True,73.376,0.951
REC000427,5,V03,45,1,A1,2800000000.0,-12.669,14.795,22.44,control,True,none,True,True,73.376,0.694
REC000428,5,V03,45,2,A1,2800000000.0,-12.224,13.903,22.64,control,True,none,True,True,73.376,1.02
REC000429,5,V03,45,3,A1,2800000000.0,-12.948,24.651,22.54,control,True,none,True,True,73.376,0.345
REC000430,5,V03,45,1,A2,2800000000.0,-12.173,24.433,23.29,control,True,none,True,True,73.376,0.829
REC000431,5,V03,45,2,A2,2800000000.0,-12.355,23.865,22.29,control,True,none,True,True,73.376,0.64
REC000432,5,V03,45,3,A2,2800000000.0,-11.937,20.456,22.57,control,True,none,True,True,73.376,1.002
REC000433,5,V03,45,1,A3,2800000000.0,-12.901,17.048,22.81,control,True,none,True,True,73.376,0.417
REC000434,5,V03,45,2,A3,2800000000.0,-12.604,22.616,22.26,control,True,none,True,True,73.376,0.361
REC000435,5,V03,45,3,A3,2800000000.0,-12.931,23.963,22.18,control,True,none,True,True,73.376,0.276
REC000436,5,V03,45,1,A4,2800000000.0,-12.916,24.867,22.82,control,True,none,True,True,73.376,0.367
REC000437,5,V03,45,2,A4,2800000000.0,-12.47,27.816,22.88,control,True,none,True,True,73.376,0.809
REC000438,5,V03,45,3,A4,2800000000.0,-12.397,30.369,22.68,control,True,none,True,True,73.376,1.064
REC000439,5,V03,45,1,A5,2800000000.0,-12.533,24.02,22.87,control,True,none,True,True,73.376,0.492
REC000440,5,V03,45,2,A5,2800000000.0,-12.452,19.64,23.43,control,True,none,True,True,73.376,0.509
REC000441,5,V03,45,3,A5,2800000000.0,-12.196,20.54,23.02,control,True,none,True,True,73.376,0.744
REC000442,5,V03,45,1,A6,2800000000.0,-12.927,20.978,22.91,control,True,none,True,True,73.376,0.024
REC000443,5,V03,45,2,A6,2800000000.0,-13.282,22.795,23.31,control,True,none,True,True,73.376,0.38
REC000444,5,V03,45,3,A6,2800000000.0,-12.754,20.608,22.59,control,True,none,True,True,73.376,0.192
REC000445,5,V03,90,1,A1,2800000000.0,-12.571,21.768,22.63,control,True,none,True,True,73.376,0.37
REC000446,5,V03,90,2,A1,2800000000.0,-12.173,17.33,23.0,control,True,none,True,True,73.376,0.856
REC000447,5,V03,90,3,A1,2800000000.0,-12.561,23.661,22.4,control,True,none,True,True,73.376,0.449
REC000448,5,V03,90,1,A2,2800000000.0,-11.749,26.767,23.03,control,True,none,True,True,73.376,1.311
REC000449,5,V03,90,2,A2,2800000000.0,-12.602,25.517,22.86,control,True,none,True,True,73.376,0.546
REC000450,5,V03,90,3,A2,2800000000.0,-12.629,22.957,22.85,control,True,none,True,True,73.376,0.354
REC000451,5,V03,90,1,A3,2800000000.0,-12.581,22.562,22.83,control,True,none,True,True,73.376,0.381
REC000452,5,V03,90,2,A3,2800000000.0,-12.305,25.708,21.88,control,True,none,True,True,73.376,0.776
REC000453,5,V03,90,3,A3,2800000000.0,-12.843,21.536,22.21,control,True,none,True,True,73.376,0.099
REC000454,5,V03,90,1,A4,2800000000.0,-12.419,26.276,22.41,control,True,none,True,True,73.376,0.725
REC000455,5,V03,90,2,A4,2800000000.0,-12.347,19.782,22.54,control,True,none,True,True,73.376,0.606
REC000456,5,V03,90,3,A4,2800000000.0,-12.004,20.902,22.88,control,True,none,True,True,73.376,0.933
REC000457,5,V03,90,1,A5,2800000000.0,-12.709,28.617,22.92,control,True,none,True,True,73.376,0.776
REC000458,5,V03,90,2,A5,2800000000.0,-12.202,24.757,22.32,control,True,none,True,True,73.376,0.816
REC000459,5,V03,90,3,A5,2800000000.0,-11.793,22.058,22.68,control,True,none,True,True,73.376,1.147
REC000460,5,V03,90,1,A6,2800000000.0,-12.895,20.288,22.95,control,True,none,True,True,73.376,0.1
REC000461,5,V03,90,2,A6,2800000000.0,-12.671,23.985,22.74,control,True,none,True,True,73.376,0.385
REC000462,5,V03,90,3,A6,2800000000.0,-12.594,20.773,23.41,control,True,none,True,True,73.376,0.345
REC000463,5,V03,135,1,A1,2800000000.0,-13.064,26.02,23.15,control,True,none,True,True,73.376,0.498
REC000464,5,V03,135,2,A1,2800000000.0,-12.85,28.925,23.04,control,True,none,True,True,73.376,0.777
REC000465,5,V03,135,3,A1,2800000000.0,-12.303,22.321,22.68,control,True,none,True,True,73.376,0.643
REC000466,5,V03,135,1,A2,2800000000.0,-12.357,23.909,23.16,control,True,none,True,True,73.376,0.64
REC000467,5,V03,135,2,A2,2800000000.0,-12.24,20.003,22.99,control,True,none,True,True,73.376,0.707
REC000468,5,V03,135,3,A2,2800000000.0,-12.018,24.701,22.96,control,True,none,True,True,73.376,0.983
REC000469,5,V03,135,1,A3,2800000000.0,-12.975,18.95,22.48,control,True,none,True,True,73.376,0.229
REC000470,5,V03,135,2,A3,2800000000.0,-13.385,22.448,22.72,control,True,none,True,True,73.376,0.465
REC000471,5,V03,135,3,A3,2800000000.0,-13.026,12.87,22.37,control,True,none,True,True,73.376,0.838
REC000472,5,V03,135,1,A4,2800000000.0,-12.258,20.243,22.85,control,True,none,True,True,73.376,0.685
REC000473,5,V03,135,2,A4,2800000000.0,-13.011,26.553,22.7,control,True,none,True,True,73.376,0.54
REC000474,5,V03,135,3,A4,2800000000.0,-12.507,29.214,23.2,control,True,none,True,True,73.376,0.909
REC000475,5,V03,135,1,A5,2800000000.0,-12.386,20.957,22.64,control,True,none,True,True,73.376,0.551
REC000476,5,V03,135,2,A5,2800000000.0,-12.141,22.421,22.62,control,True,none,True,True,73.376,0.805
REC000477,5,V03,135,3,A5,2800000000.0,-11.854,22.394,23.43,control,True,none,True,True,73.376,1.089
REC000478,5,V03,135,1,A6,2800000000.0,-12.867,27.093,22.85,control,True,none,True,True,73.376,0.593
REC000479,5,V03,135,2,A6,2800000000.0,-12.605,19.563,22.48,control,True,none,True,True,73.376,0.37
REC000480,5,V03,135,3,A6,2800000000.0,-12.756,24.703,22.75,control,True,none,True,True,73.376,0.394
REC000481,5,V03,180,1,A1,2800000000.0,-13.333,17.449,22.31,control,True,none,True,True,73.376,0.546
REC000482,5,V03,180,2,A1,2800000000.0,-13.478,21.858,23.08,control,True,none,True,True,73.376,0.545
REC000483,5,V03,180,3,A1,2800000000.0,-12.952,14.749,22.68,control,True,none,True,True,73.376,0.646
REC000484,5,V03,180,1,A2,2800000000.0,-12.696,28.318,22.3,control,True,none,True,True,73.376,0.751
REC000485,5,V03,180,2,A2,2800000000.0,-12.765,27.147,22.88,control,True,none,True,True,73.376,0.619
REC000486,5,V03,180,3,A2,2800000000.0,-12.479,22.374,22.84,control,True,none,True,True,73.376,0.472
REC000487,5,V03,180,1,A3,2800000000.0,-13.014,18.601,23.0,control,True,none,True,True,73.376,0.271
REC000488,5,V03,180,2,A3,2800000000.0,-13.659,22.015,22.79,control,True,none,True,True,73.376,0.727
REC000489,5,V03,180,3,A3,2800000000.0,-13.432,20.962,22.55,control,True,none,True,True,73.376,0.496
REC000490,5,V03,180,1,A4,2800000000.0,-13.269,20.469,22.41,control,True,none,True,True,73.376,0.34
REC000491,5,V03,180,2,A4,2800000000.0,-12.851,18.08,22.95,control,True,none,True,True,73.376,0.324
REC000492,5,V03,180,3,A4,2800000000.0,-13.302,19.831,22.55,control,True,none,True,True,73.376,0.39
REC000493,5,V03,180,1,A5,2800000000.0,-12.25,23.021,22.68,control,True,none,True,True,73.376,0.71
REC000494,5,V03,180,2,A5,2800000000.0,-12.498,15.708,22.73,control,True,none,True,True,73.376,0.703
REC000495,5,V03,180,3,A5,2800000000.0,-12.048,22.427,22.76,control,True,none,True,True,73.376,0.897
REC000496,5,V03,180,1,A6,2800000000.0,-13.083,23.717,22.14,control,True,none,True,True,73.376,0.291
REC000497,5,V03,180,2,A6,2800000000.0,-13.752,21.661,22.53,control,True,none,True,True,73.376,0.817
REC000498,5,V03,180,3,A6,2800000000.0,-12.854,20.084,22.16,control,True,none,True,True,73.376,0.139
REC000499,5,V03,225,1,A1,2800000000.0,-13.681,12.574,22.67,control,True,none,True,True,73.376,1.14
REC000500,5,V03,225,2,A1,2800000000.0,-13.358,19.549,23.06,control,True,none,True,True,73.376,0.453
REC000501,5,V03,225,3,A1,2800000000.0,-12.942,20.312,22.1,control,True,none,True,True,73.376,0.089
REC000502,5,V03,225,1,A2,2800000000.0,-12.816,22.989,22.83,control,True,none,True,True,73.376,0.215
REC000503,5,V03,225,2,A2,2800000000.0,-12.707,17.828,23.34,control,True,none,True,True,73.376,0.408
REC000504,5,V03,225,3,A2,2800000000.0,-13.289,23.57,22.23,control,True,none,True,True,73.376,0.425
REC000505,5,V03,225,1,A3,2800000000.0,-13.88,24.872,22.66,control,True,none,True,True,73.376,1.012
REC000506,5,V03,225,2,A3,2800000000.0,-13.349,21.034,22.71,control,True,none,True,True,73.376,0.413
REC000507,5,V03,225,3,A3,2800000000.0,-13.192,19.613,22.21,control,True,none,True,True,73.376,0.301
REC000508,5,V03,225,1,A4,2800000000.0,-13.542,22.476,22.86,control,True,none,True,True,73.376,0.619
REC000509,5,V03,225,2,A4,2800000000.0,-13.771,18.65,22.57,control,True,none,True,True,73.376,0.873
REC000510,5,V03,225,3,A4,2800000000.0,-13.411,16.695,22.55,control,True,none,True,True,73.376,0.654
REC000511,5,V03,225,1,A5,2800000000.0,-13.22,23.637,22.98,control,True,none,True,True,73.376,0.374
REC000512,5,V03,225,2,A5,2800000000.0,-13.045,20.147,22.78,control,True,none,True,True,73.376,0.151
REC000513,5,V03,225,3,A5,2800000000.0,-13.246,17.882,22.46,control,True,none,True,True,73.376,0.454
REC000514,5,V03,225,1,A6,2800000000.0,-13.792,16.832,22.79,control,True,none,True,True,73.376,0.961
REC000515,5,V03,225,2,A6,2800000000.0,-13.382,15.562,22.75,control,True,none,True,True,73.376,0.719
REC000516,5,V03,225,3,A6,2800000000.0,-13.667,21.347,22.74,control,True,none,True,True,73.376,0.731
REC000517,5,V03,270,1,A1,2800000000.0,-13.884,16.743,22.75,control,True,none,True,True,73.376,1.047
REC000518,5,V03,270,2,A1,2800000000.0,-13.139,13.887,22.84,control,True,none,True,True,73.376,0.759
REC000519,5,V03,270,3,A1,2800000000.0,-13.091,20.071,22.91,control,True,none,True,True,73.376,0.191
REC000520,5,V03,270,1,A2,2800000000.0,-13.358,20.672,22.25,control,True,none,True,True,73.376,0.425
REC000521,5,V03,270,2,A2,2800000000.0,-13.851,23.858,22.44,control,True,none,True,True,73.376,0.952
REC000522,5,V03,270,3,A2,2800000000.0,-13.284,16.871,22.32,control,True,none,True,True,73.376,0.555
REC000523,5,V03,270,1,A3,2800000000.0,-13.8,17.841,22.85,control,True,none,True,True,73.376,0.927
REC000524,5,V03,270,2,A3,2800000000.0,-13.612,20.992,22.81,control,True,none,True,True,73.376,0.676
REC000525,5,V03,270,3,A3,2800000000.0,-13.274,16.827,22.72,control,True,none,True,True,73.376,0.553
REC000526,5,V03,270,1,A4,2800000000.0,-13.108,24.324,22.31,control,True,none,True,True,73.376,0.356
REC000527,5,V03,270,2,A4,2800000000.0,-13.541,24.604,22.89,control,True,none,True,True,73.376,0.694
REC000528,5,V03,270,3,A4,2800000000.0,-13.389,19.877,22.63,control,True,none,True,True,73.376,0.471
REC000529,5,V03,270,1,A5,2800000000.0,-13.061,20.273,22.73,control,True,none,True,True,73.376,0.155
REC000530,5,V03,270,2,A5,2800000000.0,-13.124,18.996,22.9,control,True,none,True,True,73.376,0.29
REC000531,5,V03,270,3,A5,2800000000.0,-12.273,15.699,22.84,control,True,none,True,True,73.376,0.862
REC000532,5,V03,270,1,A6,2800000000.0,-13.976,21.762,22.75,control,True,none,True,True,73.376,1.041
REC000533,5,V03,270,2,A6,2800000000.0,-13.519,23.556,22.8,control,True,none,True,True,73.376,0.628
REC000534,5,V03,270,3,A6,2800000000.0,-13.408,12.997,23.22,control,True,none,True,True,73.376,0.946
REC000535,5,V03,315,1,A1,2800000000.0,-13.189,24.056,22.37,control,True,none,True,True,73.376,0.381
REC000536,5,V03,315,2,A1,2800000000.0,-13.55,21.261,22.74,control,True,none,True,True,73.376,0.613
REC000537,5,V03,315,3,A1,2800000000.0,-13.216,24.076,22.21,control,True,none,True,True,73.376,0.401
REC000538,5,V03,315,1,A2,2800000000.0,-12.709,21.348,22.68,control,True,none,True,True,73.376,0.228
REC000539,5,V03,315,2,A2,2800000000.0,-13.442,22.832,22.02,control,True,none,True,True,73.376,0.531
REC000540,5,V03,315,3,A2,2800000000.0,-12.807,16.846,22.76,control,True,none,True,True,73.376,0.455
REC000541,5,V03,315,1,A3,2800000000.0,-13.637,23.831,22.69,control,True,none,True,True,73.376,0.748
REC000542,5,V03,315,2,A3,2800000000.0,-13.809,18.803,23.12,control,True,none,True,True,73.376,0.905
REC000543,5,V03,315,3,A3,2800000000.0,-13.44,19.166,22.67,control,True,none,True,True,73.376,0.543
REC000544,5,V03,315,1,A4,2800000000.0,-13.771,21.988,22.21,control,True,none,True,True,73.376,0.838
REC000545,5,V03,315,2,A4,2800000000.0,-13.076,21.209,23.46,control,True,none,True,True,73.376,0.139
REC000546,5,V03,315,3,A4,2800000000.0,-13.631,20.515,23.28,control,True,none,True,True,73.376,0.698
REC000547,5,V03,315,1,A5,2800000000.0,-12.644,19.234,22.81,control,True,none,True,True,73.376,0.353
REC000548,5,V03,315,2,A5,2800000000.0,-13.0,22.169,22.53,control,True,none,True,True,73.376,0.116
REC000549,5,V03,315,3,A5,2800000000.0,-13.028,16.529,22.78,control,True,none,True,True,73.376,0.476
REC000550,5,V03,315,1,A6,2800000000.0,-13.466,19.641,22.26,control,True,none,True,True,73.376,0.552
REC000551,5,V03,315,2,A6,2800000000.0,-13.305,21.416,22.52,control,True,none,True,True,73.376,0.369
REC000552,5,V03,315,3,A6,2800000000.0,-13.685,15.821,22.43,control,True,none,True,True,73.376,0.922
REC000553,6,V03,90,1,A6,2800000000.0,-10.264,45.147,23.79,control,False,none,True,False,74.491,3.588
REC000554,6,V03,90,2,A6,2800000000.0,-10.592,50.523,23.8,control,False,none,True,False,74.491,3.754
REC000555,6,V03,90,3,A6,2800000000.0,-9.505,44.08,24.01,control,False,none,True,False,74.491,4.124
REC000556,6,V03,90,1,A5,2800000000.0,-10.256,48.313,23.99,control,False,none,True,False,74.491,3.812
REC000557,6,V03,90,2,A5,2800000000.0,-10.615,50.503,24.52,control,False,none,True,False,74.491,3.738
REC000558,6,V03,90,3,A5,2800000000.0,-10.053,50.572,24.25,control,False,none,True,False,74.491,4.116
REC000559,6,V03,90,1,A4,2800000000.0,-10.566,47.05,23.26,control,False,none,True,False,74.491,3.507
REC000560,6,V03,90,2,A4,2800000000.0,-10.325,48.453,23.64,control,False,none,True,False,74.491,3.774
REC000561,6,V03,90,3,A4,2800000000.0,-10.479,47.042,23.79,control,False,none,True,False,74.491,3.566
REC000562,6,V03,90,1,A2,2800000000.0,-10.035,45.278,24.26,control,False,none,True,False,74.491,3.77
REC000563,6,V03,90,2,A2,2800000000.0,-10.637,47.305,24.52,control,False,none,True,False,74.491,3.479
REC000564,6,V03,90,3,A2,2800000000.0,-9.879,49.586,23.66,control,False,none,True,False,74.491,4.172
REC000565,6,V03,0,1,A6,2800000000.0,-10.876,48.513,23.96,control,False,none,True,False,74.491,3.421
REC000566,6,V03,0,2,A6,2800000000.0,-10.745,48.2,23.88,control,False,none,True,False,74.491,3.477
REC000567,6,V03,0,3,A6,2800000000.0,-11.15,46.743,24.22,control,False,none,True,False,74.491,3.117
REC000568,6,V03,0,1,A5,2800000000.0,-10.828,48.224,23.7,control,False,none,True,False,74.491,3.427
REC000569,6,V03,0,2,A5,2800000000.0,-10.384,47.627,24.39,control,False,none,True,False,74.491,3.674
REC000570,6,V03,0,3,A5,2800000000.0,-10.265,44.857,24.15,control,False,none,True,False,74.491,3.568
REC000571,6,V03,0,1,A4,2800000000.0,-11.25,46.062,24.04,control,False,none,True,False,74.491,3.004
REC000572,6,V03,0,2,A4,2800000000.0,-11.165,50.471,23.71,control,False,none,True,False,74.491,3.421
REC000573,6,V03,0,3,A4,2800000000.0,-11.203,45.824,23.77,control,False,none,True,False,74.491,3.011
REC000574,6,V03,0,1,A2,2800000000.0,-10.388,50.179,24.46,control,False,none,True,False,74.491,3.859
REC000575,6,V03,0,2,A2,2800000000.0,-10.037,45.201,23.97,control,False,none,True,False,74.491,3.764
REC000576,6,V03,0,3,A2,2800000000.0,-11.07,45.96,23.76,control,False,none,True,False,74.491,3.101
REC000577,6,V03,45,1,A6,2800000000.0,-10.681,45.844,23.9,control,False,none,True,False,74.491,3.341
REC000578,6,V03,45,2,A6,2800000000.0,-10.729,51.526,23.67,control,False,none,True,False,74.491,3.751
REC000579,6,V03,45,3,A6,2800000000.0,-9.521,47.646,23.97,control,False,none,True,False,74.491,4.32
REC000580,6,V03,45,1,A5,2800000000.0,-10.452,54.618,24.28,control,False,none,True,False,74.491,4.164
REC000581,6,V03,45,2,A5,2800000000.0,-9.975,45.46,24.01,control,False,none,True,False,74.491,3.828
REC000582,6,V03,45,3,A5,2800000000.0,-10.4,53.887,24.19,control,False,none,True,False,74.491,4.137
REC000583,6,V03,45,1,A4,2800000000.0,-10.635,41.191,23.65,control,False,none,True,False,74.491,3.048
REC000584,6,V03,45,2,A4,2800000000.0,-10.457,52.139,24.28,control,False,none,True,False,74.491,3.965
REC000585,6,V03,45,3,A4,2800000000.0,-11.141,49.405,24.25,control,False,none,True,False,74.491,3.343
REC000586,6,V03,45,1,A2,2800000000.0,-10.861,48.976,24.03,control,False,none,True,False,74.491,3.467
REC000587,6,V03,45,2,A2,2800000000.0,-10.454,43.443,23.85,control,False,none,True,False,74.491,3.333
REC000588,6,V03,45,3,A2,2800000000.0,-10.462,48.556,23.78,control,False,none,True,False,74.491,3.689
REC000589,6,V03,270,1,A6,2800000000.0,-11.35,47.174,24.08,control,False,none,True,False,74.491,3.043
REC000590,6,V03,270,2,A6,2800000000.0,-11.309,46.064,23.97,control,False,none,True,True,74.491,2.971
REC000591,6,V03,270,3,A6,2800000000.0,-11.794,48.724,23.94,control,False,none,True,True,74.491,2.98
REC000592,6,V03,270,1,A5,2800000000.0,-10.905,50.675,23.36,control,False,none,True,False,74.491,3.58
REC000593,6,V03,270,2,A5,2800000000.0,-11.509,48.614,23.94,control,False,none,True,False,74.491,3.091
REC000594,6,V03,270,3,A5,2800000000.0,-10.866,46.406,24.14,control,False,none,True,False,74.491,3.262
REC000595,6,V03,270,1,A4,2800000000.0,-11.237,48.245,23.87,control,False,none,True,False,74.491,3.194
REC000596,6,V03,270,2,A4,2800000000.0,-12.15,49.101,24.31,control,False,none,True,True,74.491,2.899
REC000597,6,V03,270,3,A4,2800000000.0,-11.324,44.154,24.15,control,False,none,True,True,74.491,2.805
REC000598,6,V03,270,1,A2,2800000000.0,-10.959,51.969,23.68,control,False,none,True,False,74.491,3.657
REC000599,6,V03,270,2,A2,2800000000.0,-11.285,49.535,23.96,control,False,none,True,False,74.491,3.279
REC000600,6,V03,270,3,A2,2800000000.0,-11.552,48.537,24.12,control,False,none,True,False,74.491,3.064
REC000601,6,V03,315,1,A6,2800000000.0,-11.044,48.244,23.87,control,False,none,True,False,74.491,3.301
REC000602,6,V03,315,2,A6,2800000000.0,-10.627,44.884,23.77,control,False,none,True,False,74.491,3.308
REC000603,6,V03,315,3,A6,2800000000.0,-11.068,50.223,23.5,control,False,none,True,False,74.491,3.452
REC000604,6,V03,315,1,A5,2800000000.0,-11.164,41.973,23.95,control,False,none,True,True,74.491,2.731
REC000605,6,V03,315,2,A5,2800000000.0,-11.106,46.932,24.14,control,False,none,True,False,74.491,3.158
REC000606,6,V03,315,3,A5,2800000000.0,-10.963,48.78,23.85,control,False,none,True,False,74.491,3.391
REC000607,6,V03,315,1,A4,2800000000.0,-11.169,48.511,23.74,control,False,none,True,False,74.491,3.253
REC000608,6,V03,315,2,A4,2800000000.0,-11.421,50.217,24.06,control,False,none,True,False,74.491,3.273
REC000609,6,V03,315,3,A4,2800000000.0,-11.79,49.053,23.62,control,False,none,True,False,74.491,3.012
REC000610,6,V03,315,1,A2,2800000000.0,-10.647,50.658,24.03,control,False,none,True,False,74.491,3.731
REC000611,6,V03,315,2,A2,2800000000.0,-11.024,46.959,24.15,control,False,none,True,False,74.491,3.208
REC000612,6,V03,315,3,A2,2800000000.0,-11.182,48.292,24.21,control,False,none,True,False,74.491,3.227
REC000613,7,V04,0,1,A1,2800000000.0,-21.798,-83.567,24.07,stressed,True,none,True,True,69.13,0.444
REC000614,7,V04,0,2,A1,2800000000.0,-21.22,-74.946,25.05,stressed,True,none,True,True,69.13,0.623
REC000615,7,V04,0,3,A1,2800000000.0,-21.927,-78.199,25.05,stressed,True,none,True,True,69.13,0.532
REC000616,7,V04,0,1,A2,2800000000.0,-21.276,-79.569,24.02,stressed,True,none,True,True,69.13,0.215
REC000617,7,V04,0,2,A2,2800000000.0,-21.059,-83.064,24.68,stressed,True,none,True,True,69.13,0.464
REC000618,7,V04,0,3,A2,2800000000.0,-21.608,-78.245,24.93,stressed,True,none,True,True,69.13,0.288
REC000619,7,V04,0,1,A3,2800000000.0,-21.974,-84.284,23.97,stressed,True,none,True,True,69.13,0.628
REC000620,7,V04,0,2,A3,2800000000.0,-21.819,-82.618,24.15,stressed,True,none,True,True,69.13,0.408
REC000621,7,V04,0,3,A3,2800000000.0,-21.604,-82.223,24.3,stressed,True,none,True,True,69.13,0.21
REC000622,7,V04,0,1,A4,2800000000.0,-21.606,-77.159,24.8,stressed,True,none,True,True,69.13,0.384
REC000623,7,V04,0,2,A4,2800000000.0,-21.478,-78.516,24.27,stressed,True,none,True,True,69.13,0.22
REC000624,7,V04,0,3,A4,2800000000.0,-21.43,-79.931,24.48,stressed,True,none,True,True,69.13,0.082
REC000625,7,V04,0,1,A5,2800000000.0,-21.009,-82.214,24.77,stressed,True,none,True,True,69.13,0.474
REC000626,7,V04,0,2,A5,2800000000.0,-20.974,-88.625,24.98,stressed,True,none,True,True,69.13,0.928
REC000627,7,V04,0,3,A5,2800000000.0,-22.054,-81.721,24.93,stressed,True,none,True,True,69.13,0.604
REC000628,7,V04,0,1,A6,2800000000.0,-21.835,-85.272,24.29,stressed,True,none,True,True,69.13,0.592
REC000629,7,V04,0,2,A6,2800000000.0,-21.431,-86.638,24.96,stressed,True,none,True,True,69.13,0.594
REC000630,7,V04,0,3,A6,2800000000.0,-21.756,-84.45,24.44,stressed,True,none,True,True,69.13,0.478
REC000631,7,V04,45,1,A1,2800000000.0,-21.391,-77.067,24.84,stressed,True,none,True,True,69.13,0.37
REC000632,7,V04,45,2,A1,2800000000.0,-21.602,-80.877,24.36,stressed,True,none,True,True,69.13,0.145
REC000633,7,V04,45,3,A1,2800000000.0,-20.698,-83.716,25.1,stressed,True,none,True,True,69.13,0.818
REC000634,7,V04,45,1,A2,2800000000.0,-20.796,-82.652,24.42,stressed,True,none,True,True,69.13,0.69
REC000635,7,V04,45,2,A2,2800000000.0,-21.026,-82.99,24.65,stressed,True,none,True,True,69.13,0.489
REC000636,7,V04,45,3,A2,2800000000.0,-21.154,-85.707,24.51,stressed,True,none,True,True,69.13,0.585
REC000637,7,V04,45,1,A3,2800000000.0,-21.927,-82.423,24.35,stressed,True,none,True,True,69.13,0.499
REC000638,7,V04,45,2,A3,2800000000.0,-21.647,-74.163,24.64,stressed,True,none,True,True,69.13,0.681
REC000639,7,V04,45,3,A3,2800000000.0,-21.312,-85.495,24.42,stressed,True,none,True,True,69.13,0.501
REC000640,7,V04,45,1,A4,2800000000.0,-21.021,-82.74,24.89,stressed,True,none,True,True,69.13,0.482
REC000641,7,V04,45,2,A4,2800000000.0,-21.447,-80.525,24.44,stressed,True,none,True,True,69.13,0.021
REC000642,7,V04,45,3,A4,2800000000.0,-21.037,-81.588,24.54,stressed,True,none,True,True,69.13,0.43
REC000643,7,V04,45,1,A5,2800000000.0,-20.857,-81.369,24.77,stressed,True,none,True,True,69.13,0.605
REC000644,7,V04,45,2,A5,2800000000.0,-20.714,-79.432,24.49,stressed,True,none,True,True,69.13,0.755
REC000645,7,V04,45,3,A5,2800000000.0,-20.547,-79.874,24.53,stressed,True,none,True,True,69.13,0.915
REC000646,7,V04,45,1,A6,2800000000.0,-21.354,-75.076,24.22,stressed,True,none,True,True,69.13,0.573
REC000647,7,V04,45,2,A6,2800000000.0,-21.155,-85.846,24.69,stressed,True,none,True,True,69.13,0.597
REC000648,7,V04,45,3,A6,2800000000.0,-20.913,-78.7,24.67,stressed,True,none,True,True,69.13,0.581
REC000649,7,V04,90,1,A1,2800000000.0,-21.108,-79.28,24.54,stressed,True,none,True,True,69.13,0.378
REC000650,7,V04,90,2,A1,2800000000.0,-21.175,-80.243,24.68,stressed,True,none,True,True,69.13,0.287
REC000651,7,V04,90,3,A1,2800000000.0,-21.17,-81.792,24.21,stressed,True,none,True,True,69.13,0.308
REC000652,7,V04,90,1,A2,2800000000.0,-20.522,-77.237,24.69,stressed,True,none,True,True,69.13,0.998
REC000653,7,V04,90,2,A2,2800000000.0,-20.35,-78.61,24.74,stressed,True,none,True,True,69.13,1.128
REC000654,7,V04,90,3,A2,2800000000.0,-20.548,-79.148,24.46,stressed,True,none,True,True,69.13,0.923
REC000655,7,V04,90,1,A3,2800000000.0,-20.575,-81.229,24.42,stressed,True,none,True,True,69.13,0.885
REC000656,7,V04,90,2,A3,2800000000.0,-21.109,-79.118,24.2,stressed,True,none,True,True,69.13,0.384
REC000657,7,V04,90,3,A3,2800000000.0,-20.903,-80.156,24.29,stressed,True,none,True,True,69.13,0.558
REC000658,7,V04,90,1,A4,2800000000.0,-20.583,-77.496,24.24,stressed,True,none,True,True,69.13,0.932
REC000659,7,V04,90,2,A4,2800000000.0,-20.406,-77.397,24.62,stressed,True,none,True,True,69.13,1.103
REC000660,7,V04,90,3,A4,2800000000.0,-20.462,-78.895,24.61,stressed,True,none,True,True,69.13,1.013
REC000661,7,V04,90,1,A5,2800000000.0,-20.838,-77.128,24.76,stressed,True,none,True,True,69.13,0.716
REC000662,7,V04,90,2,A5,2800000000.0,-20.635,-81.243,24.66,stressed,True,none,True,True,69.13,0.825
REC000663,7,V04,90,3,A5,2800000000.0,-20.66,-82.874,24.18,stressed,True,none,True,True,69.13,0.827
REC000664,7,V04,90,1,A6,2800000000.0,-21.07,-87.679,24.68,stressed,True,none,True,True,69.13,0.798
REC000665,7,V04,90,2,A6,2800000000.0,-21.383,-75.948,24.47,stressed,True,none,True,True,69.13,0.482
REC000666,7,V04,90,3,A6,2800000000.0,-21.042,-81.064,24.65,stressed,True,none,True,True,69.13,0.418
REC000667,7,V04,135,1,A1,2800000000.0,-20.865,-81.054,24.92,stressed,True,none,True,True,69.13,0.594
REC000668,7,V04,135,2,A1,2800000000.0,-21.384,-78.782,24.9,stressed,True,none,True,True,69.13,0.206
REC000669,7,V04,135,3,A1,2800000000.0,-20.888,-73.917,24.39,stressed,True,none,True,True,69.13,0.887
REC000670,7,V04,135,1,A2,2800000000.0,-21.2,-82.149,24.82,stressed,True,none,True,True,69.13,0.296
REC000671,7,V04,135,2,A2,2800000000.0,-20.637,-78.859,24.28,stressed,True,none,True,True,69.13,0.842
REC000672,7,V04,135,3,A2,2800000000.0,-20.556,-82.84,24.97,stressed,True,none,True,True,69.13,0.927
REC000673,7,V04,135,1,A3,2800000000.0,-20.529,-79.067,24.79,stressed,True,none,True,True,69.13,0.944
REC000674,7,V04,135,2,A3,2800000000.0,-21.534,-85.597,24.44,stressed,True,none,True,True,69.13,0.495
REC000675,7,V04,135,3,A3,2800000000.0,-21.714,-84.507,25.14,stressed,True,none,True,True,69.13,0.458
REC000676,7,V04,135,1,A4,2800000000.0,-21.004,-78.527,24.53,stressed,True,none,True,True,69.13,0.504
REC000677,7,V04,135,2,A4,2800000000.0,-21.138,-76.772,24.61,stressed,True,none,True,True,69.13,0.507
REC000678,7,V04,135,3,A4,2800000000.0,-20.927,-80.254,24.52,stressed,True,none,True,True,69.13,0.533
REC000679,7,V04,135,1,A5,2800000000.0,-21.208,-85.099,24.54,stressed,True,none,True,True,69.13,0.506
REC000680,7,V04,135,2,A5,2800000000.0,-20.769,-83.024,24.61,stressed,True,none,True,True,69.13,0.727
REC000681,7,V04,135,3,A5,2800000000.0,-20.77,-85.634,24.35,stressed,True,none,True,True,69.13,0.846
REC000682,7,V04,135,1,A6,2800000000.0,-21.264,-79.005,24.27,stressed,True,none,True,True,69.13,0.258
REC000683,7,V04,135,2,A6,2800000000.0,-21.338,-77.099,24.85,stressed,True,none,True,True,69.13,0.38
REC000684,7,V04,135,3,A6,2800000000.0,-21.414,-81.57,24.43,stressed,True,none,True,True,69.13,0.097
REC000685,7,V04,180,1,A1,2800000000.0,-21.299,-79.788,24.81,stressed,True,none,True,True,69.13,0.184
REC000686,7,V04,180,2,A1,2800000000.0,-21.4,-77.917,24.65,stressed,True,none,True,True,69.13,0.285
REC000687,7,V04,180,3,A1,2800000000.0,-21.204,-77.761,24.38,stressed,True,none,True,True,69.13,0.389
REC000688,7,V04,180,1,A2,2800000000.0,-21.682,-75.243,24.7,stressed,True,none,True,True,69.13,0.59
REC000689,7,V04,180,2,A2,2800000000.0,-21.654,-82.015,24.85,stressed,True,none,True,True,69.13,0.236
REC000690,7,V04,180,3,A2,2800000000.0,-21.223,-81.409,25.04,stressed,True,none,True,True,69.13,0.245
REC000691,7,V04,180,1,A3,2800000000.0,-22.054,-83.268,24.68,stressed,True,none,True,True,69.13,0.649
REC000692,7,V04,180,2,A3,2800000000.0,-21.622,-79.384,24.89,stressed,True,none,True,True,69.13,0.21
REC000693,7,V04,180,3,A3,2800000000.0,-21.68,-79.405,24.54,stressed,True,none,True,True,69.13,0.257
REC000694,7,V04,180,1,A4,2800000000.0,-21.421,-80.051,24.68,stressed,True,none,True,True,69.13,0.075
REC000695,7,V04,180,2,A4,2800000000.0,-21.208,-78.708,24.63,stressed,True,none,True,True,69.13,0.32
REC000696,7,V04,180,3,A4,2800000000.0,-21.682,-80.17,24.61,stressed,True,none,True,True,69.13,0.23
REC000697,7,V04,180,1,A5,2800000000.0,-21.081,-73.254,24.46,stressed,True,none,True,True,69.13,0.835
REC000698,7,V04,180,2,A5,2800000000.0,-21.013,-76.668,24.65,stressed,True,none,True,True,69.13,0.601
REC000699,7,V04,180,3,A5,2800000000.0,-20.438,-81.007,24.72,stressed,True,none,True,True,69.13,1.021
REC000700,7,V04,180,1,A6,2800000000.0,-21.979,-81.928,24.69,stressed,True,none,True,True,69.13,0.535
REC000701,7,V04,180,2,A6,2800000000.0,-21.486,-79.916,25.0,stressed,True,none,True,True,69.13,0.084
REC000702,7,V04,180,3,A6,2800000000.0,-21.768,-81.87,25.43,stressed,True,none,True,True,69.13,0.331
REC000703,7,V04,225,1,A1,2800000000.0,-21.675,-83.239,24.41,stressed,True,none,True,True,69.13,0.333
REC000704,7,V04,225,2,A1,2800000000.0,-22.076,-78.271,24.51,stressed,True,none,True,True,69.13,0.664
REC000705,7,V04,225,3,A1,2800000000.0,-21.755,-81.271,24.84,stressed,True,none,True,True,69.13,0.302
REC000706,7,V04,225,1,A2,2800000000.0,-21.747,-83.807,24.69,stressed,True,none,True,True,69.13,0.424
REC000707,7,V04,225,2,A2,2800000000.0,-21.313,-79.583,24.38,stressed,True,none,True,True,69.13,0.184
REC000708,7,V04,225,3,A2,2800000000.0,-21.29,-82.812,24.46,stressed,True,none,True,True,69.13,0.27
REC000709,7,V04,225,1,A3,2800000000.0,-22.376,-77.677,24.81,stressed,True,none,True,True,69.13,0.966
REC000710,7,V04,225,2,A3,2800000000.0,-21.911,-77.839,25.46,stressed,True,none,True,True,69.13,0.536
REC000711,7,V04,225,3,A3,2800000000.0,-22.606,-83.795,24.44,stressed,True,none,True,True,69.13,1.189
REC000712,7,V04,225,1,A4,2800000000.0,-22.048,-84.313,24.53,stressed,True,none,True,True,69.13,0.691
REC000713,7,V04,225,2,A4,2800000000.0,-22.158,-80.075,24.64,stressed,True,none,True,True,69.13,0.703
REC000714,7,V04,225,3,A4,2800000000.0,-21.649,-79.557,24.8,stressed,True,none,True,True,69.13,0.223
REC000715,7,V04,225,1,A5,2800000000.0,-21.605,-74.217,24.69,stressed,True,none,True,True,69.13,0.665
REC000716,7,V04,225,2,A5,2800000000.0,-22.052,-83.587,24.1,stressed,True,none,True,True,69.13,0.66
REC000717,7,V04,225,3,A5,2800000000.0,-21.488,-80.946,24.48,stressed,True,none,True,True,69.13,0.038
REC000718,7,V04,225,1,A6,2800000000.0,-21.49,-79.933,24.84,stressed,True,none,True,True,69.13,0.084
REC000719,7,V04,225,2,A6,2800000000.0,-22.372,-84.578,24.63,stressed,True,none,True,True,69.13,0.992
REC000720,7,V04,225,3,A6,2800000000.0,-22.041,-87.149,24.57,stressed,True,none,True,True,69.13,0.869
REC000721,7,V04,270,1,A1,2800000000.0,-21.935,-82.019,24.38,stressed,True,none,True,True,69.13,0.495
REC000722,7,V04,270,2,A1,2800000000.0,-22.101,-81.904,24.65,stressed,True,none,True,True,69.13,0.654
REC000723,7,V04,270,3,A1,2800000000.0,-21.758,-78.131,24.53,stressed,True,none,True,True,69.13,0.395
REC000724,7,V04,270,1,A2,2800000000.0,-21.776,-79.56,24.8,stressed,True,none,True,True,69.13,0.338
REC000725,7,V04,270,2,A2,2800000000.0,-21.77,-78.502,24.91,stressed,True,none,True,True,69.13,0.382
REC000726,7,V04,270,3,A2,2800000000.0,-21.252,-75.538,24.36,stressed,True,none,True,True,69.13,0.556
REC000727,7,V04,270,1,A3,2800000000.0,-22.235,-81.839,24.59,stressed,True,none,True,True,69.13,0.785
REC000728,7,V04,270,2,A3,2800000000.0,-22.434,-86.33,24.65,stressed,True,none,True,True,69.13,1.126
REC000729,7,V04,270,3,A3,2800000000.0,-22.47,-81.615,24.38,stressed,True,none,True,True,69.13,1.016
REC000730,7,V04,270,1,A4,2800000000.0,-22.269,-80.67,24.67,stressed,True,none,True,True,69.13,0.811
REC000731,7,V04,270,2,A4,2800000000.0,-21.766,-74.816,24.7,stressed,True,none,True,True,69.13,0.665
REC000732,7,V04,270,3,A4,2800000000.0,-21.794,-84.606,24.23,stressed,True,none,True,True,69.13,0.515
REC000733,7,V04,270,1,A5,2800000000.0,-21.165,-83.644,24.31,stressed,True,none,True,True,69.13,0.415
REC000734,7,V04,270,2,A5,2800000000.0,-21.651,-81.144,24.35,stressed,True,none,True,True,69.13,0.198
REC000735,7,V04,270,3,A5,2800000000.0,-21.731,-77.185,24.38,stressed,True,none,True,True,69.13,0.445
REC000736,7,V04,270,1,A6,2800000000.0,-22.658,-79.045,24.77,stressed,True,none,True,True,69.13,1.211
REC000737,7,V04,270,2,A6,2800000000.0,-22.426,-86.62,24.4,stressed,True,none,True,True,69.13,1.134
REC000738,7,V04,270,3,A6,2800000000.0,-22.256,-78.376,24.31,stressed,True,none,True,True,69.13,0.831
REC000739,7,V04,315,1,A1,2800000000.0,-21.818,-79.055,23.91,stressed,True,none,True,True,69.13,0.396
REC000740,7,V04,315,2,A1,2800000000.0,-21.483,-84.628,24.72,stressed,True,none,True,True,69.13,0.393
REC000741,7,V04,315,3,A1,2800000000.0,-21.719,-77.827,24.79,stressed,True,none,True,True,69.13,0.388
REC000742,7,V04,315,1,A2,2800000000.0,-22.206,-82.935,24.66,stressed,True,none,True,True,69.13,0.78
REC000743,7,V04,315,2,A2,2800000000.0,-21.551,-79.147,24.86,stressed,True,none,True,True,69.13,0.181
REC000744,7,V04,315,3,A2,2800000000.0,-21.31,-81.223,24.07,stressed,True,none,True,True,69.13,0.157
REC000745,7,V04,315,1,A3,2800000000.0,-22.23,-80.331,24.29,stressed,True,none,True,True,69.13,0.773
REC000746,7,V04,315,2,A3,2800000000.0,-21.904,-78.855,24.66,stressed,True,none,True,True,69.13,0.483
REC000747,7,V04,315,3,A3,2800000000.0,-23.012,-85.415,25.19,stressed,True,none,True,True,69.13,1.624
REC000748,7,V04,315,1,A4,2800000000.0,-21.957,-87.033,24.99,stressed,True,none,True,True,69.13,0.806
REC000749,7,V04,315,2,A4,2800000000.0,-21.789,-77.765,24.7,stressed,True,none,True,True,69.13,0.443
REC000750,7,V04,315,3,A4,2800000000.0,-21.655,-79.991,24.83,stressed,True,none,True,True,69.13,0.209
REC000751,7,V04,315,1,A5,2800000000.0,-20.81,-77.667,24.15,stressed,True,none,True,True,69.13,0.716
REC000752,7,V04,315,2,A5,2800000000.0,-21.359,-77.156,24.98,stressed,True,none,True,True,69.13,0.369
REC000753,7,V04,315,3,A5,2800000000.0,-21.621,-77.085,24.9,stressed,True,none,True,True,69.13,0.397
REC000754,7,V04,315,1,A6,2800000000.0,-21.321,-83.83,24.47,stressed,True,none,True,True,69.13,0.341
REC000755,7,V04,315,2,A6,2800000000.0,-22.185,-83.051,24.35,stressed,True,none,True,True,69.13,0.764
REC000756,7,V04,315,3,A6,2800000000.0,-22.922,-82.884,24.73,stressed,True,none,True,True,69.13,1.48
REC000757,8,V04,135,1,A3,2800000000.0,-17.914,-43.788,25.69,stressed,False,none,True,False,70.661,5.118
REC000758,8,V04,135,2,A3,2800000000.0,-17.354,-43.735,25.69,stressed,False,none,True,False,70.661,5.524
REC000759,8,V04,135,3,A3,2800000000.0,-17.647,-39.503,25.57,stressed,False,none,True,False,70.661,5.613
REC000760,8,V04,135,1,A2,2800000000.0,-18.439,-40.873,24.9,stressed,False,none,True,False,70.661,4.998
REC000761,8,V04,135,2,A2,2800000000.0,-17.283,-41.915,25.87,stressed,False,none,True,False,70.661,5.699
REC000762,8,V04,135,3,A2,2800000000.0,-17.995,-47.081,25.65,stressed,False,none,True,False,70.661,4.827
REC000763,8,V04,135,1,A1,2800000000.0,-18.334,-44.898,25.59,stressed,False,none,True,False,70.661,4.752
REC000764,8,V04,135,2,A1,2800000000.0,-17.494,-40.92,25.88,stressed,False,none,True,False,70.661,5.616
REC000765,8,V04,135,3,A1,2800000000.0,-18.071,-38.985,25.51,stressed,False,none,True,False,70.661,5.374
REC000766,8,V04,135,1,A6,2800000000.0,-18.64,-43.489,25.81,stressed,False,none,True,False,70.661,4.668
REC000767,8,V04,135,2,A6,2800000000.0,-18.315,-43.453,25.36,stressed,False,none,True,False,70.661,4.874
REC000768,8,V04,135,3,A6,2800000000.0,-17.573,-40.675,25.76,stressed,False,none,True,False,70.661,5.578
REC000769,8,V04,90,1,A3,2800000000.0,-17.691,-42.742,25.63,stressed,False,none,True,False,70.661,5.348
REC000770,8,V04,90,2,A3,2800000000.0,-18.233,-49.19,25.61,stressed,False,none,True,False,70.661,4.509
REC000771,8,V04,90,3,A3,2800000000.0,-17.78,-39.003,26.04,stressed,False,none,True,False,70.661,5.561
REC000772,8,V04,90,1,A2,2800000000.0,-17.107,-45.125,25.46,stressed,False,none,True,False,70.661,5.621
REC000773,8,V04,90,2,A2,2800000000.0,-17.433,-34.535,26.01,stressed,False,none,True,False,70.661,6.125
REC000774,8,V04,90,3,A2,2800000000.0,-17.242,-43.294,25.3,stressed,False,none,True,False,70.661,5.637
REC000775,8,V04,90,1,A1,2800000000.0,-17.941,-46.432,25.5,stressed,False,none,True,False,70.661,4.911
REC000776,8,V04,90,2,A1,2800000000.0,-18.212,-38.352,25.46,stressed,False,none,True,False,70.661,5.336
REC000777,8,V04,90,3,A1,2800000000.0,-18.909,-41.617,25.36,stressed,False,none,True,False,70.661,4.667
REC000778,8,V04,90,1,A6,2800000000.0,-17.865,-42.891,25.49,stressed,False,none,True,False,70.661,5.216
REC000779,8,V04,90,2,A6,2800000000.0,-17.64,-47.229,25.41,stressed,False,none,True,False,70.661,5.078
REC000780,8,V04,90,3,A6,2800000000.0,-17.672,-44.473,25.09,stressed,False,none,True,False,70.661,5.241
REC000781,8,V04,270,1,A3,2800000000.0,-18.677,-41.261,25.56,stressed,False,none,True,False,70.661,4.826
REC000782,8,V04,270,2,A3,2800000000.0,-19.466,-42.513,25.07,stressed,False,none,True,False,70.661,4.308
REC000783,8,V04,270,3,A3,2800000000.0,-18.785,-47.293,25.22,stressed,False,none,True,False,70.661,4.279
REC000784,8,V04,270,1,A2,2800000000.0,-18.71,-44.68,25.38,stressed,False,none,True,False,70.661,4.531
REC000785,8,V04,270,2,A2,2800000000.0,-18.401,-45.469,25.86,stressed,False,none,True,False,70.661,4.665
REC000786,8,V04,270,3,A2,2800000000.0,-18.493,-46.223,25.31,stressed,False,none,True,False,70.661,4.548
REC000787,8,V04,270,1,A1,2800000000.0,-19.672,-44.258,25.46,stressed,False,none,True,False,70.661,4.059
REC000788,8,V04,270,2,A1,2800000000.0,-19.889,-46.738,25.3,stressed,False,none,True,False,70.661,3.742
REC000789,8,V04,270,3,A1,2800000000.0,-18.705,-50.239,25.14,stressed,False,none,True,False,70.661,4.106
REC000790,8,V04,270,1,A6,2800000000.0,-18.545,-40.56,25.35,stressed,False,none,True,False,70.661,4.96
REC000791,8,V04,270,2,A6,2800000000.0,-19.067,-42.782,24.87,stressed,False,none,True,False,70.661,4.483
REC000792,8,V04,270,3,A6,2800000000.0,-19.436,-45.473,26.03,stressed,False,none,True,False,70.661,4.062
REC000793,8,V04,225,1,A3,2800000000.0,-18.862,-44.035,25.91,stressed,False,none,True,False,70.661,4.493
REC000794,8,V04,225,2,A3,2800000000.0,-18.099,-46.068,25.56,stressed,False,none,True,False,70.661,4.825
REC000795,8,V04,225,3,A3,2800000000.0,-18.184,-48.904,25.88,stressed,False,none,True,False,70.661,4.564
REC000796,8,V04,225,1,A2,2800000000.0,-18.737,-43.53,25.5,stressed,False,none,True,False,70.661,4.607
REC000797,8,V04,225,2,A2,2800000000.0,-18.718,-46.787,25.65,stressed,False,none,True,False,70.661,4.36
REC000798,8,V04,225,3,A2,2800000000.0,-18.132,-44.227,25.59,stressed,False,none,True,False,70.661,4.937
REC000799,8,V04,225,1,A1,2800000000.0,-18.86,-47.752,25.79,stressed,False,none,True,False,70.661,4.196
REC000800,8,V04,225,2,A1,2800000000.0,-18.785,-37.027,25.46,stressed,False,none,True,False,70.661,5.121
REC000801,8,V04,225,3,A1,2800000000.0,-19.169,-42.531,25.81,stressed,False,none,True,False,70.661,4.451
REC000802,8,V04,225,1,A6,2800000000.0,-18.892,-45.547,25.73,stressed,False,none,True,False,70.661,4.353
REC000803,8,V04,225,2,A6,2800000000.0,-18.979,-45.569,25.6,stressed,False,none,True,False,70.661,4.3
REC000804,8,V04,225,3,A6,2800000000.0,-18.432,-46.151,25.02,stressed,False,none,True,False,70.661,4.593
REC000805,8,V04,0,1,A3,2800000000.0,-18.953,-47.409,25.17,stressed,False,none,True,False,70.661,4.167
REC000806,8,V04,0,2,A3,2800000000.0,-18.424,-47.197,25.36,stressed,False,none,True,False,70.661,4.52
REC000807,8,V04,0,3,A3,2800000000.0,-18.61,-44.952,25.97,stressed,False,none,True,False,70.661,4.571
REC000808,8,V04,0,1,A2,2800000000.0,-17.879,-43.082,25.43,stressed,False,none,True,False,70.661,5.193
REC000809,8,V04,0,2,A2,2800000000.0,-18.208,-42.147,25.74,stressed,False,none,True,False,70.661,5.043
REC000810,8,V04,0,3,A2,2800000000.0,-18.35,-43.021,24.96,stressed,False,none,True,False,70.661,4.885
REC000811,8,V04,0,1,A1,2800000000.0,-18.614,-41.844,25.48,stressed,False,none,True,False,70.661,4.816
REC000812,8,V04,0,2,A1,2800000000.0,-18.133,-46.774,25.63,stressed,False,none,True,False,70.661,4.751
REC000813,8,V04,0,3,A1,2800000000.0,-18.688,-44.431,25.53,stressed,False,none,True,False,70.661,4.564
REC000814,8,V04,0,1,A6,2800000000.0,-18.345,-41.087,25.98,stressed,False,none,True,False,70.661,5.039
REC000815,8,V04,0,2,A6,2800000000.0,-18.378,-41.185,25.36,stressed,False,none,True,False,70.661,5.011
REC000816,8,V04,0,3,A6,2800000000.0,-18.148,-45.916,25.9,stressed,False,none,True,False,70.661,4.802
REC000817,9,V05,0,1,A1,2800000000.0,-12.455,33.684,23.86,control,True,none,True,True,73.951,0.697
REC000818,9,V05,0,2,A1,2800000000.0,-11.632,36.075,23.8,control,True,none,True,True,73.951,0.165
REC000819,9,V05,0,3,A1,2800000000.0,-11.652,38.981,23.77,control,True,none,True,True,73.951,0.39
REC000820,9,V05,0,1,A2,2800000000.0,-11.041,36.904,23.77,control,True,none,True,True,73.951,0.754
REC000821,9,V05,0,2,A2,2800000000.0,-11.59,34.024,24.01,control,True,none,True,True,73.951,0.226
REC000822,9,V05,0,3,A2,2800000000.0,-11.433,38.243,23.53,control,True,none,True,True,73.951,0.453
REC000823,9,V05,0,1,A3,2800000000.0,-12.274,34.861,23.93,control,True,none,True,True,73.951,0.499
REC000824,9,V05,0,2,A3,2800000000.0,-11.931,29.694,23.43,control,True,none,True,True,73.951,0.58
REC000825,9,V05,0,3,A3,2800000000.0,-11.563,34.187,22.95,control,True,none,True,True,73.951,0.241
REC000826,9,V05,0,1,A4,2800000000.0,-11.23,37.375,23.47,control,True,none,True,True,73.951,0.585
REC000827,9,V05,0,2,A4,2800000000.0,-11.909,38.575,23.33,control,True,none,True,True,73.951,0.354
REC000828,9,V05,0,3,A4,2800000000.0,-11.453,36.955,23.57,control,True,none,True,True,73.951,0.364
REC000829,9,V05,0,1,A5,2800000000.0,-11.454,35.303,23.81,control,True,none,True,True,73.951,0.323
REC000830,9,V05,0,2,A5,2800000000.0,-11.757,30.962,23.68,control,True,none,True,True,73.951,0.433
REC000831,9,V05,0,3,A5,2800000000.0,-11.308,37.269,23.62,control,True,none,True,True,73.951,0.509
REC000832,9,V05,0,1,A6,2800000000.0,-12.194,37.19,23.48,control,True,none,True,True,73.951,0.458
REC000833,9,V05,0,2,A6,2800000000.0,-12.244,33.892,24.1,control,True,none,True,True,73.951,0.487
REC000834,9,V05,0,3,A6,2800000000.0,-12.618,36.327,22.99,control,True,none,True,True,73.951,0.847
REC000835,9,V05,45,1,A1,2800000000.0,-11.477,34.734,22.87,control,True,none,True,True,73.951,0.305
REC000836,9,V05,45,2,A1,2800000000.0,-11.327,34.895,22.87,control,True,none,True,True,73.951,0.452
REC000837,9,V05,45,3,A1,2800000000.0,-11.192,40.34,23.94,control,True,none,True,True,73.951,0.773
REC000838,9,V05,45,1,A2,2800000000.0,-11.036,36.673,23.89,control,True,none,True,True,73.951,0.754
REC000839,9,V05,45,2,A2,2800000000.0,-10.639,39.936,23.21,control,True,none,True,True,73.951,1.229
REC000840,9,V05,45,3,A2,2800000000.0,-11.084,37.854,22.95,control,True,none,True,True,73.951,0.739
REC000841,9,V05,45,1,A3,2800000000.0,-11.603,42.354,23.69,control,True,none,True,True,73.951,0.728
REC000842,9,V05,45,2,A3,2800000000.0,-11.302,36.084,23.47,control,True,none,True,True,73.951,0.482
REC000843,9,V05,45,3,A3,2800000000.0,-11.63,33.088,23.21,control,True,none,True,True,73.951,0.265
REC000844,9,V05,45,1,A4,2800000000.0,-11.064,40.152,23.2,control,True,none,True,True,73.951,0.863
REC000845,9,V05,45,2,A4,2800000000.0,-11.154,35.774,23.6,control,True,none,True,True,73.951,0.625
REC000846,9,V05,45,3,A4,2800000000.0,-11.306,39.018,23.52,control,True,none,True,True,73.951,0.601
REC000847,9,V05,45,1,A5,2800000000.0,-10.721,37.463,23.68,control,True,none,True,True,73.951,1.078
REC000848,9,V05,45,2,A5,2800000000.0,-11.394,43.011,23.64,control,True,none,True,True,73.951,0.862
REC000849,9,V05,45,3,A5,2800000000.0,-10.93,31.711,23.25,control,True,none,True,True,73.951,0.919
REC000850,9,V05,45,1,A6,2800000000.0,-11.373,36.396,22.92,control,True,none,True,True,73.951,0.419
REC000851,9,V05,45,2,A6,2800000000.0,-11.433,33.904,23.92,control,True,none,True,True,73.951,0.371
REC000852,9,V05,45,3,A6,2800000000.0,-11.77,36.149,23.85,control,True,none,True,True,73.951,0.086
REC000853,9,V05,90,1,A1,2800000000.0,-11.567,33.349,23.44,control,True,none,True,True,73.951,0.286
REC000854,9,V05,90,2,A1,2800000000.0,-11.05,32.335,22.99,control,True,none,True,True,73.951,0.785
REC000855,9,V05,90,3,A1,2800000000.0,-11.051,34.519,23.38,control,True,none,True,True,73.951,0.73
REC000856,9,V05,90,1,A2,2800000000.0,-11.555,34.791,23.49,control,True,none,True,True,73.951,0.228
REC000857,9,V05,90,2,A2,2800000000.0,-10.719,34.514,23.99,control,True,none,True,True,73.951,1.061
REC000858,9,V05,90,3,A2,2800000000.0,-11.203,34.779,23.96,control,True,none,True,True,73.951,0.576
REC000859,9,V05,90,1,A3,2800000000.0,-11.534,34.172,23.45,control,True,none,True,True,73.951,0.267
REC000860,9,V05,90,2,A3,2800000000.0,-11.192,40.227,23.25,control,True,none,True,True,73.951,0.766
REC000861,9,V05,90,3,A3,2800000000.0,-11.61,36.098,23.2,control,True,none,True,True,73.951,0.186
REC000862,9,V05,90,1,A4,2800000000.0,-11.314,36.344,23.84,control,True,none,True,True,73.951,0.475
REC000863,9,V05,90,2,A4,2800000000.0,-10.935,35.34,23.43,control,True,none,True,True,73.951,0.842
REC000864,9,V05,90,3,A4,2800000000.0,-11.098,34.572,23.67,control,True,none,True,True,73.951,0.683
REC000865,9,V05,90,1,A5,2800000000.0,-11.024,33.92,23.21,control,True,none,True,True,73.951,0.765
REC000866,9,V05,90,2,A5,2800000000.0,-10.564,36.359,23.99,control,True,none,True,True,73.951,1.218
REC000867,9,V05,90,3,A5,2800000000.0,-11.152,37.702,24.21,control,True,none,True,True,73.951,0.67
REC000868,9,V05,90,1,A6,2800000000.0,-11.915,30.135,23.88,control,True,none,True,True,73.951,0.533
REC000869,9,V05,90,2,A6,2800000000.0,-11.846,35.766,23.32,control,True,none,True,True,73.951,0.084
REC000870,9,V05,90,3,A6,2800000000.0,-11.517,32.976,23.44,control,True,none,True,True,73.951,0.348
REC000871,9,V05,135,1,A1,2800000000.0,-11.309,33.01,23.28,control,True,none,True,True,73.951,0.521
REC000872,9,V05,135,2,A1,2800000000.0,-11.548,31.749,23.37,control,True,none,True,True,73.951,0.422
REC000873,9,V05,135,3,A1,2800000000.0,-11.408,34.836,23.41,control,True,none,True,True,73.951,0.372
REC000874,9,V05,135,1,A2,2800000000.0,-11.15,34.568,23.7,control,True,none,True,True,73.951,0.631
REC000875,9,V05,135,2,A2,2800000000.0,-10.713,35.142,23.64,control,True,none,True,True,73.951,1.064
REC000876,9,V05,135,3,A2,2800000000.0,-11.216,37.632,23.96,control,True,none,True,True,73.951,0.608
REC000877,9,V05,135,1,A3,2800000000.0,-11.592,30.215,23.63,control,True,none,True,True,73.951,0.54
REC000878,9,V05,135,2,A3,2800000000.0,-11.374,34.87,23.79,control,True,none,True,True,73.951,0.405
REC000879,9,V05,135,3,A3,2800000000.0,-11.951,31.078,23.54,control,True,none,True,True,73.951,0.456
REC000880,9,V05,135,1,A4,2800000000.0,-11.971,35.316,23.88,control,True,none,True,True,73.951,0.194
REC000881,9,V05,135,2,A4,2800000000.0,-12.017,32.197,23.19,control,True,none,True,True,73.951,0.391
REC000882,9,V05,135,3,A4,2800000000.0,-11.463,34.938,23.91,control,True,none,True,True,73.951,0.316
REC000883,9,V05,135,1,A5,2800000000.0,-10.858,38.021,23.54,control,True,none,True,True,73.951,0.959
REC000884,9,V05,135,2,A5,2800000000.0,-11.026,33.949,23.75,control,True,none,True,True,73.951,0.763
REC000885,9,V05,135,3,A5,2800000000.0,-11.478,39.041,23.85,control,True,none,True,True,73.951,0.48
REC000886,9,V05,135,1,A6,2800000000.0,-11.681,35.006,23.62,control,True,none,True,True,73.951,0.1
REC000887,9,V05,135,2,A6,2800000000.0,-12.603,36.442,23.46,control,True,none,True,True,73.951,0.834
REC000888,9,V05,135,3,A6,2800000000.0,-11.759,37.655,23.47,control,True,none,True,True,73.951,0.237
REC000889,9,V05,180,1,A1,2800000000.0,-12.14,34.904,23.52,control,True,none,True,True,73.951,0.365
REC000890,9,V05,180,2,A1,2800000000.0,-11.763,35.814,23.81,control,True,none,True,True,73.951,0.054
REC000891,9,V05,180,3,A1,2800000000.0,-12.123,35.855,23.88,control,True,none,True,True,73.951,0.351
REC000892,9,V05,180,1,A2,2800000000.0,-12.018,36.367,23.32,control,True,none,True,True,73.951,0.264
REC000893,9,V05,180,2,A2,2800000000.0,-11.609,33.114,23.44,control,True,none,True,True,73.951,0.275
REC000894,9,V05,180,3,A2,2800000000.0,-10.945,32.035,23.14,control,True,none,True,True,73.951,0.893
REC000895,9,V05,180,1,A3,2800000000.0,-12.488,40.01,23.36,control,True,none,True,True,73.951,0.853
REC000896,9,V05,180,2,A3,2800000000.0,-12.105,33.62,23.21,control,True,none,True,True,73.951,0.368
REC000897,9,V05,180,3,A3,2800000000.0,-12.168,42.203,23.91,control,True,none,True,True,73.951,0.794
REC000898,9,V05,180,1,A4,2800000000.0,-12.054,37.271,23.25,control,True,none,True,True,73.951,0.341
REC000899,9,V05,180,2,A4,2800000000.0,-12.331,38.387,23.84,control,True,none,True,True,73.951,0.635
REC000900,9,V05,180,3,A4,2800000000.0,-11.484,33.918,23.44,control,True,none,True,True,73.951,0.323
REC000901,9,V05,180,1,A5,2800000000.0,-11.273,37.002,23.38,control,True,none,True,True,73.951,0.532
REC000902,9,V05,180,2,A5,2800000000.0,-11.983,36.17,23.82,control,True,none,True,True,73.951,0.224
REC000903,9,V05,180,3,A5,2800000000.0,-11.857,37.744,23.59,control,True,none,True,True,73.951,0.258
REC000904,9,V05,180,1,A6,2800000000.0,-11.873,37.444,23.29,control,True,none,True,True,73.951,0.236
REC000905,9,V05,180,2,A6,2800000000.0,-12.583,33.227,23.76,control,True,none,True,True,73.951,0.832
REC000906,9,V05,180,3,A6,2800000000.0,-12.26,32.746,22.95,control,True,none,True,True,73.951,0.546
REC000907,9,V05,225,1,A1,2800000000.0,-11.625,37.098,23.73,control,True,none,True,True,73.951,0.236
REC000908,9,V05,225,2,A1,2800000000.0,-11.861,36.351,23.42,control,True,none,True,True,73.951,0.135
REC000909,9,V05,225,3,A1,2800000000.0,-12.2,33.338,24.29,control,True,none,True,True,73.951,0.466
REC000910,9,V05,225,1,A2,2800000000.0,-11.684,33.729,23.63,control,True,none,True,True,73.951,0.182
REC000911,9,V05,225,2,A2,2800000000.0,-12.154,39.634,23.3,control,True,none,True,True,73.951,0.575
REC000912,9,V05,225,3,A2,2800000000.0,-11.701,38.319,23.61,control,True,none,True,True,73.951,0.312
REC000913,9,V05,225,1,A3,2800000000.0,-12.423,34.153,23.48,control,True,none,True,True,73.951,0.656
REC000914,9,V05,225,2,A3,2800000000.0,-12.624,32.772,23.94,control,True,none,True,True,73.951,0.884
REC000915,9,V05,225,3,A3,2800000000.0,-12.484,31.763,23.34,control,True,none,True,True,73.951,0.79
REC000916,9,V05,225,1,A4,2800000000.0,-11.821,36.648,23.66,control,True,none,True,True,73.951,0.143
REC000917,9,V05,225,2,A4,2800000000.0,-12.228,36.341,23.3,control,True,none,True,True,73.951,0.463
REC000918,9,V05,225,3,A4,2800000000.0,-12.229,37.53,23.76,control,True,none,True,True,73.951,0.505
REC000919,9,V05,225,1,A5,2800000000.0,-12.146,32.554,23.53,control,True,none,True,True,73.951,0.459
REC000920,9,V05,225,2,A5,2800000000.0,-11.333,29.374,23.58,control,True,none,True,True,73.951,0.74
REC000921,9,V05,225,3,A5,2800000000.0,-12.264,33.218,23.39,control,True,none,True,True,73.951,0.529
REC000922,9,V05,225,1,A6,2800000000.0,-12.577,32.52,23.5,control,True,none,True,True,73.951,0.847
REC000923,9,V05,225,2,A6,2800000000.0,-12.612,29.734,23.73,control,True,none,True,True,73.951,1.003
REC000924,9,V05,225,3,A6,2800000000.0,-12.225,36.65,23.03,control,True,none,True,True,73.951,0.468
REC000925,9,V05,270,1,A1,2800000000.0,-12.208,36.356,23.19,control,True,none,True,True,73.951,0.444
REC000926,9,V05,270,2,A1,2800000000.0,-12.295,33.979,24.05,control,True,none,True,True,73.951,0.534
REC000927,9,V05,270,3,A1,2800000000.0,-11.72,29.335,24.24,control,True,none,True,True,73.951,0.598
REC000928,9,V05,270,1,A2,2800000000.0,-12.272,37.77,23.79,control,True,none,True,True,73.951,0.554
REC000929,9,V05,270,2,A2,2800000000.0,-12.296,36.308,23.46,control,True,none,True,True,73.951,0.529
REC000930,9,V05,270,3,A2,2800000000.0,-11.831,35.52,23.85,control,True,none,True,True,73.951,0.059
REC000931,9,V05,270,1,A3,2800000000.0,-12.575,33.324,23.82,control,True,none,True,True,73.951,0.822
REC000932,9,V05,270,2,A3,2800000000.0,-12.424,36.023,23.3,control,True,none,True,True,73.951,0.651
REC000933,9,V05,270,3,A3,2800000000.0,-12.911,32.125,23.31,control,True,none,True,True,73.951,1.177
REC000934,9,V05,270,1,A4,2800000000.0,-12.062,37.256,23.45,control,True,none,True,True,73.951,0.346
REC000935,9,V05,270,2,A4,2800000000.0,-11.868,38.433,23.57,control,True,none,True,True,73.951,0.327
REC000936,9,V05,270,3,A4,2800000000.0,-12.544,39.054,23.48,control,True,none,True,True,73.951,0.854
REC000937,9,V05,270,1,A5,2800000000.0,-11.96,33.809,23.23,control,True,none,True,True,73.951,0.235
REC000938,9,V05,270,2,A5,2800000000.0,-12.438,36.727,23.26,control,True,none,True,True,73.951,0.676
REC000939,9,V05,270,3,A5,2800000000.0,-11.08,31.57,23.12,control,True,none,True,True,73.951,0.79
REC000940,9,V05,270,1,A6,2800000000.0,-12.445,38.416,23.51,control,True,none,True,True,73.951,0.738
REC000941,9,V05,270,2,A6,2800000000.0,-12.426,28.297,23.29,control,True,none,True,True,73.951,0.954
REC000942,9,V05,270,3,A6,2800000000.0,-12.92,28.143,23.53,control,True,none,True,True,73.951,1.348
REC000943,9,V05,315,1,A1,2800000000.0,-12.824,30.654,23.33,control,True,none,True,True,73.951,1.145
REC000944,9,V05,315,2,A1,2800000000.0,-12.401,35.81,23.59,control,True,none,True,True,73.951,0.626
REC000945,9,V05,315,3,A1,2800000000.0,-11.883,36.878,23.84,control,True,none,True,True,73.951,0.191
REC000946,9,V05,315,1,A2,2800000000.0,-11.852,36.031,23.65,control,True,none,True,True,73.951,0.106
REC000947,9,V05,315,2,A2,2800000000.0,-11.809,33.929,23.4,control,True,none,True,True,73.951,0.14
REC000948,9,V05,315,3,A2,2800000000.0,-12.096,36.386,23.47,control,True,none,True,True,73.951,0.337
REC000949,9,V05,315,1,A3,2800000000.0,-12.65,32.134,23.13,control,True,none,True,True,73.951,0.928
REC000950,9,V05,315,2,A3,2800000000.0,-12.158,34.357,23.24,control,True,none,True,True,73.951,0.392
REC000951,9,V05,315,3,A3,2800000000.0,-12.209,32.44,23.07,control,True,none,True,True,73.951,0.517
REC000952,9,V05,315,1,A4,2800000000.0,-11.845,33.01,23.37,control,True,none,True,True,73.951,0.238
REC000953,9,V05,315,2,A4,2800000000.0,-12.139,38.049,23.5,control,True,none,True,True,73.951,0.455
REC000954,9,V05,315,3,A4,2800000000.0,-12.511,36.253,23.35,control,True,none,True,True,73.951,0.74
REC000955,9,V05,315,1,A5,2800000000.0,-11.285,35.118,22.82,control,True,none,True,True,73.951,0.492
REC000956,9,V05,315,2,A5,2800000000.0,-11.744,40.955,23.97,control,True,none,True,True,73.951,0.568
REC000957,9,V05,315,3,A5,2800000000.0,-11.302,32.062,23.77,control,True,none,True,True,73.951,0.574
REC000958,9,V05,315,1,A6,2800000000.0,-12.668,34.794,23.11,control,True,none,True,True,73.951,0.892
REC000959,9,V05,315,2,A6,2800000000.0,-12.645,32.092,23.76,control,True,none,True,True,73.951,0.925
REC000960,9,V05,315,3,A6,2800000000.0,-12.211,34.951,23.09,control,True,none,True,True,73.951,0.435
REC000961,10,V05,0,1,A6,2800000000.0,-12.522,34.265,24.97,control,False,none,True,True,73.702,0.752
REC000962,10,V05,0,2,A6,2800000000.0,-12.29,28.457,24.55,control,False,none,True,True,73.702,0.854
REC000963,10,V05,0,3,A6,2800000000.0,-12.229,34.137,24.71,control,False,none,True,True,73.702,0.466
REC000964,10,V05,0,1,A4,2800000000.0,-11.779,33.345,24.23,control,False,none,True,True,73.702,0.194
REC000965,10,V05,0,2,A4,2800000000.0,-11.77,28.954,23.83,control,False,none,True,True,73.702,0.633
REC000966,10,V05,0,3,A4,2800000000.0,-12.635,26.783,24.75,control,False,none,True,True,73.702,1.208
REC000967,10,V05,0,1,A2,2800000000.0,-12.563,29.39,25.17,control,False,none,True,True,73.702,0.983
REC000968,10,V05,0,2,A2,2800000000.0,-12.978,28.755,24.68,control,False,none,True,True,73.702,1.367
REC000969,10,V05,0,3,A2,2800000000.0,-12.818,28.922,24.11,control,False,none,True,True,73.702,1.22
REC000970,10,V05,0,1,A1,2800000000.0,-11.874,27.292,25.2,control,False,none,True,True,73.702,0.805
REC000971,10,V05,0,2,A1,2800000000.0,-12.307,32.421,24.57,control,False,none,True,True,73.702,0.603
REC000972,10,V05,0,3,A1,2800000000.0,-12.306,27.585,24.62,control,False,none,True,True,73.702,0.934
REC000973,10,V05,135,1,A6,2800000000.0,-11.848,27.692,24.55,control,False,none,True,True,73.702,0.763
REC000974,10,V05,135,2,A6,2800000000.0,-12.126,36.943,24.56,control,False,none,True,True,73.702,0.386
REC000975,10,V05,135,3,A6,2800000000.0,-11.48,29.458,24.66,control,False,none,True,True,73.702,0.654
REC000976,10,V05,135,1,A4,2800000000.0,-12.04,29.203,24.65,control,False,none,True,True,73.702,0.663
REC000977,10,V05,135,2,A4,2800000000.0,-11.168,31.21,25.0,control,False,none,True,True,73.702,0.733
REC000978,10,V05,135,3,A4,2800000000.0,-11.451,35.427,24.57,control,False,none,True,True,73.702,0.326
REC000979,10,V05,135,1,A2,2800000000.0,-11.526,28.088,24.36,control,False,none,True,True,73.702,0.763
REC000980,10,V05,135,2,A2,2800000000.0,-12.606,36.537,24.83,control,False,none,True,True,73.702,0.838
REC000981,10,V05,135,3,A2,2800000000.0,-12.344,33.291,24.79,control,False,none,True,True,73.702,0.601
REC000982,10,V05,135,1,A1,2800000000.0,-11.354,25.401,24.51,control,False,none,True,True,73.702,1.075
REC000983,10,V05,135,2,A1,2800000000.0,-12.082,24.123,24.9,control,False,none,True,True,73.702,1.157
REC000984,10,V05,135,3,A1,2800000000.0,-12.024,32.263,25.29,control,False,none,True,True,73.702,0.391
REC000985,10,V05,180,1,A6,2800000000.0,-12.403,28.074,24.62,control,False,none,True,True,73.702,0.955
REC000986,10,V05,180,2,A6,2800000000.0,-12.001,27.637,24.4,control,False,none,True,True,73.702,0.797
REC000987,10,V05,180,3,A6,2800000000.0,-11.98,30.473,23.97,control,False,none,True,True,73.702,0.523
REC000988,10,V05,180,1,A4,2800000000.0,-12.365,34.341,24.71,control,False,none,True,True,73.702,0.596
REC000989,10,V05,180,2,A4,2800000000.0,-12.226,29.326,24.59,control,False,none,True,True,73.702,0.746
REC000990,10,V05,180,3,A4,2800000000.0,-11.776,25.762,24.33,control,False,none,True,True,73.702,0.953
REC000991,10,V05,180,1,A2,2800000000.0,-12.515,28.538,24.76,control,False,none,True,True,73.702,1.0
REC000992,10,V05,180,2,A2,2800000000.0,-12.966,29.909,24.91,control,False,none,True,True,73.702,1.305
REC000993,10,V05,180,3,A2,2800000000.0,-12.451,29.255,24.56,control,False,none,True,True,73.702,0.905
REC000994,10,V05,180,1,A1,2800000000.0,-12.547,29.121,24.96,control,False,none,True,True,73.702,0.987
REC000995,10,V05,180,2,A1,2800000000.0,-12.333,26.668,24.44,control,False,none,True,True,73.702,1.026
REC000996,10,V05,180,3,A1,2800000000.0,-12.237,28.217,24.73,control,False,none,True,True,73.702,0.844
REC000997,10,V05,225,1,A6,2800000000.0,-12.494,31.297,25.01,control,False,none,True,True,73.702,0.821
REC000998,10,V05,225,2,A6,2800000000.0,-12.352,25.827,24.31,control,False,none,True,True,73.702,1.107
REC000999,10,V05,225,3,A6,2800000000.0,-12.673,27.277,24.24,control,False,none,True,True,73.702,1.202
REC001000,10,V05,225,1,A4,2800000000.0,-12.483,27.707,24.38,control,False,none,True,True,73.702,1.036
REC001001,10,V05,225,2,A4,2800000000.0,-12.445,32.666,24.65,control,False,none,True,True,73.702,0.718
REC001002,10,V05,225,3,A4,2800000000.0,-11.609,29.642,24.5,control,False,none,True,True,73.702,0.589
REC001003,10,V05,225,1,A2,2800000000.0,-12.949,28.9,24.72,control,False,none,True,True,73.702,1.335
REC001004,10,V05,225,2,A2,2800000000.0,-12.327,25.594,24.84,control,False,none,True,True,73.702,1.115
REC001005,10,V05,225,3,A2,2800000000.0,-12.888,23.417,24.82,control,False,none,True,True,73.702,1.626
REC001006,10,V05,225,1,A1,2800000000.0,-12.27,26.059,24.58,control,False,none,True,True,73.702,1.046
REC001007,10,V05,225,2,A1,2800000000.0,-13.168,24.854,24.9,control,False,none,True,True,73.702,1.739
REC001008,10,V05,225,3,A1,2800000000.0,-12.79,25.304,24.65,control,False,none,True,True,73.702,1.422
REC001009,10,V05,315,1,A6,2800000000.0,-12.807,27.218,24.81,control,False,none,True,True,73.702,1.308
REC001010,10,V05,315,2,A6,2800000000.0,-12.999,25.914,24.63,control,False,none,True,True,73.702,1.54
REC001011,10,V05,315,3,A6,2800000000.0,-12.36,32.345,24.39,control,False,none,True,True,73.702,0.653
REC001012,10,V05,315,1,A4,2800000000.0,-12.069,26.778,25.13,control,False,none,True,True,73.702,0.9
REC001013,10,V05,315,2,A4,2800000000.0,-12.691,33.116,24.39,control,False,none,True,True,73.702,0.939
REC001014,10,V05,315,3,A4,2800000000.0,-11.746,30.904,24.28,control,False,none,True,True,73.702,0.44
REC001015,10,V05,315,1,A2,2800000000.0,-13.107,30.474,24.9,control,False,none,True,True,73.702,1.414
REC001016,10,V05,315,2,A2,2800000000.0,-12.972,28.264,24.81,control,False,none,True,True,73.702,1.386
REC001017,10,V05,315,3,A2,2800000000.0,-12.911,24.25,24.34,control,False,none,True,True,73.702,1.583
REC001018,10,V05,315,1,A1,2800000000.0,-12.58,32.277,25.07,control,False,none,True,True,73.702,0.858
REC001019,10,V05,315,2,A1,2800000000.0,-12.417,29.492,24.81,control,False,none,True,True,73.702,0.863
REC001020,10,V05,315,3,A1,2800000000.0,-12.85,28.17,24.34,control,False,none,True,True,73.702,1.288
REC001021,11,V06,0,1,A1,2800000000.0,-20.244,-64.634,25.06,stressed,True,none,True,True,69.7,0.231
REC001022,11,V06,0,2,A1,2800000000.0,-20.227,-65.027,24.89,stressed,True,none,True,True,69.7,0.197
REC001023,11,V06,0,3,A1,2800000000.0,-20.176,-68.875,25.01,stressed,True,none,True,True,69.7,0.226
REC001024,11,V06,0,1,A2,2800000000.0,-19.799,-68.206,24.92,stressed,True,none,True,True,69.7,0.505
REC001025,11,V06,0,2,A2,2800000000.0,-20.187,-67.776,24.56,stressed,True,none,True,True,69.7,0.133
REC001026,11,V06,0,3,A2,2800000000.0,-19.62,-63.0,25.06,stressed,True,none,True,True,69.7,0.773
REC001027,11,V06,0,1,A3,2800000000.0,-20.008,-67.765,25.81,stressed,True,none,True,True,69.7,0.292
REC001028,11,V06,0,2,A3,2800000000.0,-20.668,-66.431,24.78,stressed,True,none,True,True,69.7,0.384
REC001029,11,V06,0,3,A3,2800000000.0,-20.488,-64.69,24.87,stressed,True,none,True,True,69.7,0.299
REC001030,11,V06,0,1,A4,2800000000.0,-19.767,-65.979,24.98,stressed,True,none,True,True,69.7,0.528
REC001031,11,V06,0,2,A4,2800000000.0,-20.572,-65.441,24.86,stressed,True,none,True,True,69.7,0.32
REC001032,11,V06,0,3,A4,2800000000.0,-20.482,-69.026,25.7,stressed,True,none,True,True,69.7,0.288
REC001033,11,V06,0,1,A5,2800000000.0,-20.079,-70.568,24.69,stressed,True,none,True,True,69.7,0.421
REC001034,11,V06,0,2,A5,2800000000.0,-20.015,-64.557,25.07,stressed,True,none,True,True,69.7,0.359
REC001035,11,V06,0,3,A5,2800000000.0,-19.797,-68.131,25.0,stressed,True,none,True,True,69.7,0.505
REC001036,11,V06,0,1,A6,2800000000.0,-20.863,-69.056,24.62,stressed,True,none,True,True,69.7,0.615
REC001037,11,V06,0,2,A6,2800000000.0,-20.956,-64.004,25.11,stressed,True,none,True,True,69.7,0.729
REC001038,11,V06,0,3,A6,2800000000.0,-20.307,-67.079,25.13,stressed,True,none,True,True,69.7,0.027
REC001039,11,V06,45,1,A1,2800000000.0,-20.475,-63.401,24.95,stressed,True,none,True,True,69.7,0.397
REC001040,11,V06,45,2,A1,2800000000.0,-19.758,-64.85,24.6,stressed,True,none,True,True,69.7,0.567
REC001041,11,V06,45,3,A1,2800000000.0,-20.396,-68.126,25.07,stressed,True,none,True,True,69.7,0.164
REC001042,11,V06,45,1,A2,2800000000.0,-19.439,-69.594,24.61,stressed,True,none,True,True,69.7,0.89
REC001043,11,V06,45,2,A2,2800000000.0,-19.863,-66.562,24.49,stressed,True,none,True,True,69.7,0.425
REC001044,11,V06,45,3,A2,2800000000.0,-20.073,-67.955,24.93,stressed,True,none,True,True,69.7,0.238
REC001045,11,V06,45,1,A3,2800000000.0,-20.6,-66.837,25.22,stressed,True,none,True,True,69.7,0.313
REC001046,11,V06,45,2,A3,2800000000.0,-20.637,-67.109,25.21,stressed,True,none,True,True,69.7,0.351
REC001047,11,V06,45,3,A3,2800000000.0,-20.372,-68.211,25.25,stressed,True,none,True,True,69.7,0.156
REC001048,11,V06,45,1,A4,2800000000.0,-20.038,-62.676,25.03,stressed,True,none,True,True,69.7,0.491
REC001049,11,V06,45,2,A4,2800000000.0,-20.049,-64.551,25.0,stressed,True,none,True,True,69.7,0.335
REC001050,11,V06,45,3,A4,2800000000.0,-19.64,-67.635,24.91,stressed,True,none,True,True,69.7,0.651
REC001051,11,V06,45,1,A5,2800000000.0,-19.665,-63.377,24.59,stressed,True,none,True,True,69.7,0.715
REC001052,11,V06,45,2,A5,2800000000.0,-19.341,-64.091,24.5,stressed,True,none,True,True,69.7,0.987
REC001053,11,V06,45,3,A5,2800000000.0,-19.284,-58.788,25.2,stressed,True,none,True,True,69.7,1.29
REC001054,11,V06,45,1,A6,2800000000.0,-19.818,-66.234,24.4,stressed,True,none,True,True,69.7,0.474
REC001055,11,V06,45,2,A6,2800000000.0,-20.799,-65.725,24.72,stressed,True,none,True,True,69.7,0.525
REC001056,11,V06,45,3,A6,2800000000.0,-20.521,-66.678,25.08,stressed,True,none,True,True,69.7,0.235
REC001057,11,V06,90,1,A1,2800000000.0,-20.236,-67.044,25.35,stressed,True,none,True,True,69.7,0.053
REC001058,11,V06,90,2,A1,2800000000.0,-20.122,-63.088,24.75,stressed,True,none,True,True,69.7,0.416
REC001059,11,V06,90,3,A1,2800000000.0,-19.636,-62.405,25.12,stressed,True,none,True,True,69.7,0.791
REC001060,11,V06,90,1,A2,2800000000.0,-19.227,-68.652,25.23,stressed,True,none,True,True,69.7,1.074
REC001061,11,V06,90,2,A2,2800000000.0,-19.756,-64.418,24.98,stressed,True,none,True,True,69.7,0.586
REC001062,11,V06,90,3,A2,2800000000.0,-19.354,-64.186,24.65,stressed,True,none,True,True,69.7,0.972
REC001063,11,V06,90,1,A3,2800000000.0,-20.505,-63.58,24.96,stressed,True,none,True,True,69.7,0.397
REC001064,11,V06,90,2,A3,2800000000.0,-19.755,-66.331,24.48,stressed,True,none,True,True,69.7,0.535
REC001065,11,V06,90,3,A3,2800000000.0,-19.81,-67.308,25.0,stressed,True,none,True,True,69.7,0.479
REC001066,11,V06,90,1,A4,2800000000.0,-19.994,-60.764,24.64,stressed,True,none,True,True,69.7,0.68
REC001067,11,V06,90,2,A4,2800000000.0,-19.901,-65.375,24.57,stressed,True,none,True,True,69.7,0.415
REC001068,11,V06,90,3,A4,2800000000.0,-19.701,-60.861,24.75,stressed,True,none,True,True,69.7,0.842
REC001069,11,V06,90,1,A5,2800000000.0,-19.381,-73.445,24.89,stressed,True,none,True,True,69.7,1.118
REC001070,11,V06,90,2,A5,2800000000.0,-19.594,-67.652,25.22,stressed,True,none,True,True,69.7,0.697
REC001071,11,V06,90,3,A5,2800000000.0,-19.598,-65.729,24.79,stressed,True,none,True,True,69.7,0.699
REC001072,11,V06,90,1,A6,2800000000.0,-20.675,-69.593,25.19,stressed,True,none,True,True,69.7,0.472
REC001073,11,V06,90,2,A6,2800000000.0,-20.733,-68.496,24.78,stressed,True,none,True,True,69.7,0.474
REC001074,11,V06,90,3,A6,2800000000.0,-19.577,-63.891,24.73,stressed,True,none,True,True,69.7,0.771
REC001075,11,V06,135,1,A1,2800000000.0,-19.555,-68.211,25.2,stressed,True,none,True,True,69.7,0.744
REC001076,11,V06,135,2,A1,2800000000.0,-20.354,-62.77,24.78,stressed,True,none,True,True,69.7,0.419
REC001077,11,V06,135,3,A1,2800000000.0,-20.255,-66.641,24.98,stressed,True,none,True,True,69.7,0.041
REC001078,11,V06,135,1,A2,2800000000.0,-19.795,-63.828,24.72,stressed,True,none,True,True,69.7,0.58
REC001079,11,V06,135,2,A2,2800000000.0,-19.46,-64.163,24.88,stressed,True,none,True,True,69.7,0.871
REC001080,11,V06,135,3,A2,2800000000.0,-19.779,-65.035,25.06,stressed,True,none,True,True,69.7,0.541
REC001081,11,V06,135,1,A3,2800000000.0,-19.628,-63.672,25.19,stressed,True,none,True,True,69.7,0.734
REC001082,11,V06,135,2,A3,2800000000.0,-19.32,-64.942,25.04,stressed,True,none,True,True,69.7,0.987
REC001083,11,V06,135,3,A3,2800000000.0,-20.035,-69.517,24.77,stressed,True,none,True,True,69.7,0.363
REC001084,11,V06,135,1,A4,2800000000.0,-20.098,-64.047,24.85,stressed,True,none,True,True,69.7,0.342
REC001085,11,V06,135,2,A4,2800000000.0,-19.905,-62.727,25.16,stressed,True,none,True,True,69.7,0.566
REC001086,11,V06,135,3,A4,2800000000.0,-19.995,-68.0,25.24,stressed,True,none,True,True,69.7,0.312
REC001087,11,V06,135,1,A5,2800000000.0,-19.414,-70.309,24.81,stressed,True,none,True,True,69.7,0.937
REC001088,11,V06,135,2,A5,2800000000.0,-19.597,-63.153,25.17,stressed,True,none,True,True,69.7,0.785
REC001089,11,V06,135,3,A5,2800000000.0,-19.561,-63.734,24.92,stressed,True,none,True,True,69.7,0.792
REC001090,11,V06,135,1,A6,2800000000.0,-20.448,-67.274,24.91,stressed,True,none,True,True,69.7,0.165
REC001091,11,V06,135,2,A6,2800000000.0,-20.257,-72.147,24.78,stressed,True,none,True,True,69.7,0.525
REC001092,11,V06,135,3,A6,2800000000.0,-20.229,-67.334,24.83,stressed,True,none,True,True,69.7,0.072
REC001093,11,V06,180,1,A1,2800000000.0,-20.153,-69.934,24.41,stressed,True,none,True,True,69.7,0.331
REC001094,11,V06,180,2,A1,2800000000.0,-20.404,-64.405,25.41,stressed,True,none,True,True,69.7,0.276
REC001095,11,V06,180,3,A1,2800000000.0,-20.065,-71.102,24.83,stressed,True,none,True,True,69.7,0.475
REC001096,11,V06,180,1,A2,2800000000.0,-19.923,-65.664,25.06,stressed,True,none,True,True,69.7,0.384
REC001097,11,V06,180,2,A2,2800000000.0,-20.275,-66.002,25.03,stressed,True,none,True,True,69.7,0.091
REC001098,11,V06,180,3,A2,2800000000.0,-19.752,-68.614,24.8,stressed,True,none,True,True,69.7,0.562
REC001099,11,V06,180,1,A3,2800000000.0,-21.411,-69.061,24.74,stressed,True,none,True,True,69.7,1.145
REC001100,11,V06,180,2,A3,2800000000.0,-20.906,-66.7,24.88,stressed,True,none,True,True,69.7,0.619
REC001101,11,V06,180,3,A3,2800000000.0,-21.278,-66.55,24.62,stressed,True,none,True,True,69.7,0.992
REC001102,11,V06,180,1,A4,2800000000.0,-20.154,-70.542,24.91,stressed,True,none,True,True,69.7,0.387
REC001103,11,V06,180,2,A4,2800000000.0,-20.385,-65.788,24.94,stressed,True,none,True,True,69.7,0.148
REC001104,11,V06,180,3,A4,2800000000.0,-20.376,-71.306,24.46,stressed,True,none,True,True,69.7,0.449
REC001105,11,V06,180,1,A5,2800000000.0,-20.175,-66.222,24.72,stressed,True,none,True,True,69.7,0.131
REC001106,11,V06,180,2,A5,2800000000.0,-19.812,-67.035,24.61,stressed,True,none,True,True,69.7,0.475
REC001107,11,V06,180,3,A5,2800000000.0,-20.083,-65.519,25.0,stressed,True,none,True,True,69.7,0.247
REC001108,11,V06,180,1,A6,2800000000.0,-20.036,-69.204,24.88,stressed,True,none,True,True,69.7,0.341
REC001109,11,V06,180,2,A6,2800000000.0,-20.472,-67.267,24.75,stressed,True,none,True,True,69.7,0.189
REC001110,11,V06,180,3,A6,2800000000.0,-21.065,-68.729,24.58,stressed,True,none,True,True,69.7,0.799
REC001111,11,V06,225,1,A1,2800000000.0,-21.171,-69.791,24.59,stressed,True,none,True,True,69.7,0.93
REC001112,11,V06,225,2,A1,2800000000.0,-20.478,-65.601,24.63,stressed,True,none,True,True,69.7,0.231
REC001113,11,V06,225,3,A1,2800000000.0,-20.731,-72.979,24.75,stressed,True,none,True,True,69.7,0.753
REC001114,11,V06,225,1,A2,2800000000.0,-20.234,-64.429,24.69,stressed,True,none,True,True,69.7,0.253
REC001115,11,V06,225,2,A2,2800000000.0,-20.038,-71.451,24.53,stressed,True,none,True,True,69.7,0.519
REC001116,11,V06,225,3,A2,2800000000.0,-20.14,-61.891,25.05,stressed,True,none,True,True,69.7,0.522
REC001117,11,V06,225,1,A3,2800000000.0,-20.965,-74.49,24.29,stressed,True,none,True,True,69.7,1.018
REC001118,11,V06,225,2,A3,2800000000.0,-20.914,-68.978,24.57,stressed,True,none,True,True,69.7,0.66
REC001119,11,V06,225,3,A3,2800000000.0,-20.934,-67.559,25.18,stressed,True,none,True,True,69.7,0.65
REC001120,11,V06,225,1,A4,2800000000.0,-20.612,-63.719,24.9,stressed,True,none,True,True,69.7,0.455
REC001121,11,V06,225,2,A4,2800000000.0,-20.688,-64.211,24.61,stressed,True,none,True,True,69.7,0.483
REC001122,11,V06,225,3,A4,2800000000.0,-19.809,-66.278,25.01,stressed,True,none,True,True,69.7,0.482
REC001123,11,V06,225,1,A5,2800000000.0,-20.196,-61.273,25.14,stressed,True,none,True,True,69.7,0.57
REC001124,11,V06,225,2,A5,2800000000.0,-20.835,-62.694,24.8,stressed,True,none,True,True,69.7,0.691
REC001125,11,V06,225,3,A5,2800000000.0,-20.321,-70.742,25.06,stressed,True,none,True,True,69.7,0.385
REC001126,11,V06,225,1,A6,2800000000.0,-21.149,-67.603,24.81,stressed,True,none,True,True,69.7,0.865
REC001127,11,V06,225,2,A6,2800000000.0,-20.376,-61.957,24.91,stressed,True,none,True,True,69.7,0.503
REC001128,11,V06,225,3,A6,2800000000.0,-20.934,-69.024,25.23,stressed,True,none,True,True,69.7,0.681
REC001129,11,V06,270,1,A1,2800000000.0,-20.898,-68.961,25.19,stressed,True,none,True,True,69.7,0.645
REC001130,11,V06,270,2,A1,2800000000.0,-20.961,-67.81,24.43,stressed,True,none,True,True,69.7,0.68
REC001131,11,V06,270,3,A1,2800000000.0,-20.588,-61.874,25.12,stressed,True,none,True,True,69.7,0.586
REC001132,11,V06,270,1,A2,2800000000.0,-20.061,-69.735,24.97,stressed,True,none,True,True,69.7,0.362
REC001133,11,V06,270,2,A2,2800000000.0,-20.783,-67.88,25.13,stressed,True,none,True,True,69.7,0.506
REC001134,11,V06,270,3,A2,2800000000.0,-20.469,-71.435,24.5,stressed,True,none,True,True,69.7,0.488
REC001135,11,V06,270,1,A3,2800000000.0,-21.514,-66.723,25.52,stressed,True,none,True,True,69.7,1.227
REC001136,11,V06,270,2,A3,2800000000.0,-20.691,-73.885,25.33,stressed,True,none,True,True,69.7,0.807
REC001137,11,V06,270,3,A3,2800000000.0,-20.819,-72.833,24.81,stressed,True,none,True,True,69.7,0.797
REC001138,11,V06,270,1,A4,2800000000.0,-20.471,-66.046,24.51,stressed,True,none,True,True,69.7,0.203
REC001139,11,V06,270,2,A4,2800000000.0,-20.617,-74.109,24.83,stressed,True,none,True,True,69.7,0.793
REC001140,11,V06,270,3,A4,2800000000.0,-20.458,-67.642,24.75,stressed,True,none,True,True,69.7,0.186
REC001141,11,V06,270,1,A5,2800000000.0,-20.233,-64.273,25.29,stressed,True,none,True,True,69.7,0.268
REC001142,11,V06,270,2,A5,2800000000.0,-20.237,-63.953,25.12,stressed,True,none,True,True,69.7,0.299
REC001143,11,V06,270,3,A5,2800000000.0,-20.42,-66.928,24.83,stressed,True,none,True,True,69.7,0.133
REC001144,11,V06,270,1,A6,2800000000.0,-21.463,-71.063,24.81,stressed,True,none,True,True,69.7,1.247
REC001145,11,V06,270,2,A6,2800000000.0,-21.027,-63.874,24.89,stressed,True,none,True,True,69.7,0.8
REC001146,11,V06,270,3,A6,2800000000.0,-20.799,-64.959,24.83,stressed,True,none,True,True,69.7,0.548
REC001147,11,V06,315,1,A1,2800000000.0,-20.475,-68.135,25.3,stressed,True,none,True,True,69.7,0.225
REC001148,11,V06,315,2,A1,2800000000.0,-20.463,-70.975,24.95,stressed,True,none,True,True,69.7,0.444
REC001149,11,V06,315,3,A1,2800000000.0,-20.159,-67.948,25.03,stressed,True,none,True,True,69.7,0.165
REC001150,11,V06,315,1,A2,2800000000.0,-20.19,-70.014,25.05,stressed,True,none,True,True,69.7,0.326
REC001151,11,V06,315,2,A2,2800000000.0,-20.771,-68.781,25.22,stressed,True,none,True,True,69.7,0.519
REC001152,11,V06,315,3,A2,2800000000.0,-20.246,-67.817,25.03,stressed,True,none,True,True,69.7,0.1
REC001153,11,V06,315,1,A3,2800000000.0,-20.971,-67.866,25.1,stressed,True,none,True,True,69.7,0.691
REC001154,11,V06,315,2,A3,2800000000.0,-21.172,-67.783,24.81,stressed,True,none,True,True,69.7,0.889
REC001155,11,V06,315,3,A3,2800000000.0,-21.429,-70.665,25.37,stressed,True,none,True,True,69.7,1.202
REC001156,11,V06,315,1,A4,2800000000.0,-20.538,-71.375,24.44,stressed,True,none,True,True,69.7,0.513
REC001157,11,V06,315,2,A4,2800000000.0,-20.687,-62.72,24.84,stressed,True,none,True,True,69.7,0.579
REC001158,11,V06,315,3,A4,2800000000.0,-20.261,-66.348,25.04,stressed,True,none,True,True,69.7,0.061
REC001159,11,V06,315,1,A5,2800000000.0,-20.754,-64.091,24.8,stressed,True,none,True,True,69.7,0.545
REC001160,11,V06,315,2,A5,2800000000.0,-20.094,-69.347,24.95,stressed,True,none,True,True,69.7,0.311
REC001161,11,V06,315,3,A5,2800000000.0,-20.248,-67.366,25.02,stressed,True,none,True,True,69.7,0.061
REC001162,11,V06,315,1,A6,2800000000.0,-21.033,-69.851,25.38,stressed,True,none,True,True,69.7,0.802
REC001163,11,V06,315,2,A6,2800000000.0,-20.639,-70.187,25.07,stressed,True,none,True,True,69.7,0.481
REC001164,11,V06,315,3,A6,2800000000.0,-21.176,-71.458,25.21,stressed,True,none,True,True,69.7,0.999
REC001165,12,V06,45,1,A2,2800000000.0,-19.285,-53.302,22.02,stressed,False,none,True,True,70.056,1.689
REC001166,12,V06,45,2,A2,2800000000.0,-19.019,-61.017,21.66,stressed,False,none,True,True,70.056,1.398
REC001167,12,V06,45,3,A2,2800000000.0,-18.979,-55.269,21.75,stressed,False,none,True,True,70.056,1.751
REC001168,12,V06,45,1,A5,2800000000.0,-18.825,-57.163,21.33,stressed,False,none,True,True,70.056,1.757
REC001169,12,V06,45,2,A5,2800000000.0,-19.504,-55.927,21.57,stressed,False,none,True,True,70.056,1.348
REC001170,12,V06,45,3,A5,2800000000.0,-18.767,-60.959,21.71,stressed,False,none,True,True,70.056,1.632
REC001171,12,V06,45,1,A1,2800000000.0,-18.918,-57.711,21.5,stressed,False,none,True,True,70.056,1.649
REC001172,12,V06,45,2,A1,2800000000.0,-19.442,-51.849,21.21,stressed,False,none,True,True,70.056,1.726
REC001173,12,V06,45,3,A1,2800000000.0,-19.473,-60.345,21.35,stressed,False,none,True,True,70.056,1.045
REC001174,12,V06,45,1,A6,2800000000.0,-19.249,-53.404,22.06,stressed,False,none,True,True,70.056,1.703
REC001175,12,V06,45,2,A6,2800000000.0,-19.1,-58.576,22.26,stressed,False,none,True,True,70.056,1.45
REC001176,12,V06,45,3,A6,2800000000.0,-19.362,-59.16,20.98,stressed,False,none,True,True,70.056,1.206
REC001177,12,V06,180,1,A2,2800000000.0,-19.169,-55.249,22.24,stressed,False,none,True,True,70.056,1.615
REC001178,12,V06,180,2,A2,2800000000.0,-20.005,-53.779,21.54,stressed,False,none,True,True,70.056,1.342
REC001179,12,V06,180,3,A2,2800000000.0,-19.346,-63.097,21.96,stressed,False,none,True,True,70.056,1.015
REC001180,12,V06,180,1,A5,2800000000.0,-19.052,-57.77,21.71,stressed,False,none,True,True,70.056,1.536
REC001181,12,V06,180,2,A5,2800000000.0,-19.517,-59.392,21.38,stressed,False,none,True,True,70.056,1.076
REC001182,12,V06,180,3,A5,2800000000.0,-19.844,-55.068,21.87,stressed,False,none,True,True,70.056,1.264
REC001183,12,V06,180,1,A1,2800000000.0,-20.098,-57.609,21.44,stressed,False,none,True,True,70.056,0.948
REC001184,12,V06,180,2,A1,2800000000.0,-19.789,-60.536,21.25,stressed,False,none,True,True,70.056,0.808
REC001185,12,V06,180,3,A1,2800000000.0,-19.572,-58.845,22.12,stressed,False,none,True,True,70.056,1.077
REC001186,12,V06,180,1,A6,2800000000.0,-19.574,-60.932,21.88,stressed,False,none,True,True,70.056,0.93
REC001187,12,V06,180,2,A6,2800000000.0,-19.399,-55.973,21.87,stressed,False,none,True,True,70.056,1.408
REC001188,12,V06,180,3,A6,2800000000.0,-19.784,-58.535,21.47,stressed,False,none,True,True,70.056,0.976
REC001189,12,V06,135,1,A2,2800000000.0,-19.621,-58.237,21.92,stressed,False,none,True,True,70.056,1.093
REC001190,12,V06,135,2,A2,2800000000.0,-19.163,-61.484,21.05,stressed,False,none,True,True,70.056,1.248
REC001191,12,V06,135,3,A2,2800000000.0,-18.735,-57.717,21.32,stressed,False,none,True,True,70.056,1.803
REC001192,12,V06,135,1,A5,2800000000.0,-19.016,-61.378,21.94,stressed,False,none,True,True,70.056,1.386
REC001193,12,V06,135,2,A5,2800000000.0,-19.052,-52.844,21.53,stressed,False,none,True,True,70.056,1.871
REC001194,12,V06,135,3,A5,2800000000.0,-18.505,-56.176,21.77,stressed,False,none,True,True,70.056,2.08
REC001195,12,V06,135,1,A1,2800000000.0,-19.318,-56.076,21.62,stressed,False,none,True,True,70.056,1.453
REC001196,12,V06,135,2,A1,2800000000.0,-19.604,-52.2,21.24,stressed,False,none,True,True,70.056,1.621
REC001197,12,V06,135,3,A1,2800000000.0,-19.533,-57.902,21.64,stressed,False,none,True,True,70.056,1.174
REC001198,12,V06,135,1,A6,2800000000.0,-19.363,-56.502,21.47,stressed,False,none,True,True,70.056,1.391
REC001199,12,V06,135,2,A6,2800000000.0,-19.709,-57.418,21.19,stressed,False,none,True,True,70.056,1.111
REC001200,12,V06,135,3,A6,2800000000.0,-19.755,-57.036,21.66,stressed,False,none,True,True,70.056,1.121
REC001201,12,V06,225,1,A2,2800000000.0,-19.783,-57.159,20.94,stressed,False,none,True,True,70.056,1.097
REC001202,12,V06,225,2,A2,2800000000.0,-20.35,-52.94,21.2,stressed,False,none,True,True,70.056,1.398
REC001203,12,V06,225,3,A2,2800000000.0,-19.758,-60.921,21.54,stressed,False,none,True,True,70.056,0.799
REC001204,12,V06,225,1,A5,2800000000.0,-19.831,-56.676,21.56,stressed,False,none,True,True,70.056,1.12
REC001205,12,V06,225,2,A5,2800000000.0,-19.776,-61.511,21.6,stressed,False,none,True,True,70.056,0.743
REC001206,12,V06,225,3,A5,2800000000.0,-20.005,-57.078,22.3,stressed,False,none,True,True,70.056,1.022
REC001207,12,V06,225,1,A1,2800000000.0,-19.836,-57.205,21.49,stressed,False,none,True,True,70.056,1.07
REC001208,12,V06,225,2,A1,2800000000.0,-20.823,-63.327,21.9,stressed,False,none,True,True,70.056,0.644
REC001209,12,V06,225,3,A1,2800000000.0,-20.478,-61.458,21.47,stressed,False,none,True,True,70.056,0.577
REC001210,12,V06,225,1,A6,2800000000.0,-20.26,-62.541,21.5,stressed,False,none,True,True,70.056,0.437
REC001211,12,V06,225,2,A6,2800000000.0,-20.209,-61.083,21.28,stressed,False,none,True,True,70.056,0.587
REC001212,12,V06,225,3,A6,2800000000.0,-19.785,-59.557,21.46,stressed,False,none,True,True,70.056,0.89
REC001213,12,V06,90,1,A2,2800000000.0,-18.909,-57.579,21.43,stressed,False,none,True,True,70.056,1.664
REC001214,12,V06,90,2,A2,2800000000.0,-18.947,-55.149,21.47,stressed,False,none,True,True,70.056,1.782
REC001215,12,V06,90,3,A2,2800000000.0,-19.064,-59.499,21.26,stressed,False,none,True,True,70.056,1.43
REC001216,12,V06,90,1,A5,2800000000.0,-18.557,-55.318,21.65,stressed,False,none,True,True,70.056,2.082
REC001217,12,V06,90,2,A5,2800000000.0,-18.704,-56.515,21.73,stressed,False,none,True,True,70.056,1.893
REC001218,12,V06,90,3,A5,2800000000.0,-18.507,-53.92,21.49,stressed,False,none,True,True,70.056,2.203
REC001219,12,V06,90,1,A1,2800000000.0,-18.972,-56.968,21.71,stressed,False,none,True,True,70.056,1.648
REC001220,12,V06,90,2,A1,2800000000.0,-19.303,-56.912,21.3,stressed,False,none,True,True,70.056,1.402
REC001221,12,V06,90,3,A1,2800000000.0,-19.177,-49.117,21.4,stressed,False,none,True,True,70.056,2.097
REC001222,12,V06,90,1,A6,2800000000.0,-19.066,-58.492,21.37,stressed,False,none,True,True,70.056,1.483
REC001223,12,V06,90,2,A6,2800000000.0,-18.624,-59.172,21.37,stressed,False,none,True,True,70.056,1.834
REC001224,12,V06,90,3,A6,2800000000.0,-19.564,-59.426,21.0,stressed,False,none,True,True,70.056,1.04
REC001225,13,V07,0,1,A1,2800000000.0,-9.57,58.377,23.6,control,True,none,True,True,75.12,0.477
REC001226,13,V07,0,2,A1,2800000000.0,-9.678,67.275,23.25,control,True,none,True,True,75.12,0.473
REC001227,13,V07,0,3,A1,2800000000.0,-9.65,62.843,23.56,control,True,none,True,True,75.12,0.183
REC001228,13,V07,0,1,A2,2800000000.0,-9.228,62.387,23.27,control,True,none,True,True,75.12,0.249
REC001229,13,V07,0,2,A2,2800000000.0,-9.542,65.068,22.8,control,True,none,True,True,75.12,0.216
REC001230,13,V07,0,3,A2,2800000000.0,-9.293,66.155,23.42,control,True,none,True,True,75.12,0.358
REC001231,13,V07,0,1,A3,2800000000.0,-9.583,62.682,23.68,control,True,none,True,True,75.12,0.12
REC001232,13,V07,0,2,A3,2800000000.0,-9.483,64.216,23.61,control,True,none,True,True,75.12,0.119
REC001233,13,V07,0,3,A3,2800000000.0,-9.535,61.559,22.93,control,True,none,True,True,75.12,0.162
REC001234,13,V07,0,1,A4,2800000000.0,-9.334,65.015,23.66,control,True,none,True,True,75.12,0.239
REC001235,13,V07,0,2,A4,2800000000.0,-9.741,60.658,23.47,control,True,none,True,True,75.12,0.362
REC001236,13,V07,0,3,A4,2800000000.0,-9.482,57.72,23.44,control,True,none,True,True,75.12,0.532
REC001237,13,V07,0,1,A5,2800000000.0,-9.716,61.041,23.74,control,True,none,True,True,75.12,0.318
REC001238,13,V07,0,2,A5,2800000000.0,-8.613,60.23,23.23,control,True,none,True,True,75.12,0.9
REC001239,13,V07,0,3,A5,2800000000.0,-9.147,69.221,23.18,control,True,none,True,True,75.12,0.697
REC001240,13,V07,0,1,A6,2800000000.0,-9.903,67.523,23.22,control,True,none,True,True,75.12,0.625
REC001241,13,V07,0,2,A6,2800000000.0,-9.544,58.446,23.28,control,True,none,True,True,75.12,0.465
REC001242,13,V07,0,3,A6,2800000000.0,-10.258,59.711,23.58,control,True,none,True,True,75.12,0.857
REC001243,13,V07,45,1,A1,2800000000.0,-9.122,63.127,23.11,control,True,none,True,True,75.12,0.347
REC001244,13,V07,45,2,A1,2800000000.0,-9.173,64.988,23.63,control,True,none,True,True,75.12,0.354
REC001245,13,V07,45,3,A1,2800000000.0,-9.894,61.589,23.38,control,True,none,True,True,75.12,0.449
REC001246,13,V07,45,1,A2,2800000000.0,-8.836,65.794,23.41,control,True,none,True,True,75.12,0.69
REC001247,13,V07,45,2,A2,2800000000.0,-8.898,63.004,23.26,control,True,none,True,True,75.12,0.57
REC001248,13,V07,45,3,A2,2800000000.0,-8.462,62.388,23.31,control,True,none,True,True,75.12,1.009
REC001249,13,V07,45,1,A3,2800000000.0,-9.352,68.265,23.24,control,True,none,True,True,75.12,0.536
REC001250,13,V07,45,2,A3,2800000000.0,-9.119,67.28,23.31,control,True,none,True,True,75.12,0.55
REC001251,13,V07,45,3,A3,2800000000.0,-9.47,62.597,23.25,control,True,none,True,True,75.12,0.044
REC001252,13,V07,45,1,A4,2800000000.0,-8.85,64.777,23.4,control,True,none,True,True,75.12,0.642
REC001253,13,V07,45,2,A4,2800000000.0,-9.444,61.182,23.97,control,True,none,True,True,75.12,0.187
REC001254,13,V07,45,3,A4,2800000000.0,-9.16,61.76,23.76,control,True,none,True,True,75.12,0.334
REC001255,13,V07,45,1,A5,2800000000.0,-8.722,66.319,23.29,control,True,none,True,True,75.12,0.815
REC001256,13,V07,45,2,A5,2800000000.0,-8.902,64.075,22.92,control,True,none,True,True,75.12,0.576
REC001257,13,V07,45,3,A5,2800000000.0,-8.833,65.472,23.89,control,True,none,True,True,75.12,0.681
REC001258,13,V07,45,1,A6,2800000000.0,-9.381,56.582,23.3,control,True,none,True,True,75.12,0.651
REC001259,13,V07,45,2,A6,2800000000.0,-8.585,66.183,23.09,control,True,none,True,True,75.12,0.938
REC001260,13,V07,45,3,A6,2800000000.0,-9.229,61.358,22.93,control,True,none,True,True,75.12,0.292
REC001261,13,V07,90,1,A1,2800000000.0,-9.065,64.652,22.77,control,True,none,True,True,75.12,0.435
REC001262,13,V07,90,2,A1,2800000000.0,-9.305,64.408,23.21,control,True,none,True,True,75.12,0.213
REC001263,13,V07,90,3,A1,2800000000.0,-8.842,60.733,23.55,control,True,none,True,True,75.12,0.668
REC001264,13,V07,90,1,A2,2800000000.0,-9.015,69.805,22.82,control,True,none,True,True,75.12,0.815
REC001265,13,V07,90,2,A2,2800000000.0,-8.988,66.129,23.83,control,True,none,True,True,75.12,0.571
REC001266,13,V07,90,3,A2,2800000000.0,-8.566,66.566,23.34,control,True,none,True,True,75.12,0.969
REC001267,13,V07,90,1,A3,2800000000.0,-9.568,62.407,22.97,control,True,none,True,True,75.12,0.118
REC001268,13,V07,90,2,A3,2800000000.0,-9.644,65.082,22.99,control,True,none,True,True,75.12,0.269
REC001269,13,V07,90,3,A3,2800000000.0,-9.164,59.972,23.42,control,True,none,True,True,75.12,0.432
REC001270,13,V07,90,1,A4,2800000000.0,-9.107,68.597,23.43,control,True,none,True,True,75.12,0.663
REC001271,13,V07,90,2,A4,2800000000.0,-8.59,62.11,23.35,control,True,none,True,True,75.12,0.883
REC001272,13,V07,90,3,A4,2800000000.0,-9.255,63.136,23.25,control,True,none,True,True,75.12,0.214
REC001273,13,V07,90,1,A5,2800000000.0,-8.878,61.231,22.91,control,True,none,True,True,75.12,0.617
REC001274,13,V07,90,2,A5,2800000000.0,-9.362,61.708,23.52,control,True,none,True,True,75.12,0.17
REC001275,13,V07,90,3,A5,2800000000.0,-9.14,60.773,23.87,control,True,none,True,True,75.12,0.399
REC001276,13,V07,90,1,A6,2800000000.0,-9.451,64.84,23.52,control,True,none,True,True,75.12,0.181
REC001277,13,V07,90,2,A6,2800000000.0,-9.061,59.31,23.26,control,True,none,True,True,75.12,0.552
REC001278,13,V07,90,3,A6,2800000000.0,-9.746,71.216,22.85,control,True,none,True,True,75.12,0.864
REC001279,13,V07,135,1,A1,2800000000.0,-9.421,60.962,22.88,control,True,none,True,True,75.12,0.213
REC001280,13,V07,135,2,A1,2800000000.0,-8.701,71.352,23.19,control,True,none,True,True,75.12,1.132
REC001281,13,V07,135,3,A1,2800000000.0,-9.503,57.373,23.26,control,True,none,True,True,75.12,0.567
REC001282,13,V07,135,1,A2,2800000000.0,-8.902,62.63,23.4,control,True,none,True,True,75.12,0.568
REC001283,13,V07,135,2,A2,2800000000.0,-8.688,65.553,23.24,control,True,none,True,True,75.12,0.82
REC001284,13,V07,135,3,A2,2800000000.0,-9.137,66.582,23.34,control,True,none,True,True,75.12,0.485
REC001285,13,V07,135,1,A3,2800000000.0,-9.14,65.954,22.9,control,True,none,True,True,75.12,0.439
REC001286,13,V07,135,2,A3,2800000000.0,-9.837,61.318,23.01,control,True,none,True,True,75.12,0.407
REC001287,13,V07,135,3,A3,2800000000.0,-9.18,64.638,23.66,control,True,none,True,True,75.12,0.33
REC001288,13,V07,135,1,A4,2800000000.0,-8.988,64.71,23.69,control,True,none,True,True,75.12,0.509
REC001289,13,V07,135,2,A4,2800000000.0,-8.966,64.289,23.78,control,True,none,True,True,75.12,0.518
REC001290,13,V07,135,3,A4,2800000000.0,-9.072,63.171,23.08,control,True,none,True,True,75.12,0.397
REC001291,13,V07,135,1,A5,2800000000.0,-8.596,68.295,23.32,control,True,none,True,True,75.12,1.019
REC001292,13,V07,135,2,A5,2800000000.0,-8.414,58.674,23.31,control,True,none,True,True,75.12,1.141
REC001293,13,V07,135,3,A5,2800000000.0,-8.819,62.403,24.05,control,True,none,True,True,75.12,0.653
REC001294,13,V07,135,1,A6,2800000000.0,-9.427,62.361,23.34,control,True,none,True,True,75.12,0.079
REC001295,13,V07,135,2,A6,2800000000.0,-10.008,61.305,23.63,control,True,none,True,True,75.12,0.567
REC001296,13,V07,135,3,A6,2800000000.0,-9.595,61.098,23.72,control,True,none,True,True,75.12,0.232
REC001297,13,V07,180,1,A1,2800000000.0,-9.058,64.928,23.19,control,True,none,True,True,75.12,0.452
REC001298,13,V07,180,2,A1,2800000000.0,-9.532,60.965,23.03,control,True,none,True,True,75.12,0.217
REC001299,13,V07,180,3,A1,2800000000.0,-9.774,61.523,23.02,control,True,none,True,True,75.12,0.341
REC001300,13,V07,180,1,A2,2800000000.0,-9.629,64.535,23.4,control,True,none,True,True,75.12,0.22
REC001301,13,V07,180,2,A2,2800000000.0,-8.65,61.872,23.42,control,True,none,True,True,75.12,0.827
REC001302,13,V07,180,3,A2,2800000000.0,-9.066,63.116,23.55,control,True,none,True,True,75.12,0.403
REC001303,13,V07,180,1,A3,2800000000.0,-9.528,63.859,23.25,control,True,none,True,True,75.12,0.101
REC001304,13,V07,180,2,A3,2800000000.0,-9.868,58.774,23.09,control,True,none,True,True,75.12,0.584
REC001305,13,V07,180,3,A3,2800000000.0,-9.947,59.505,23.46,control,True,none,True,True,75.12,0.595
REC001306,13,V07,180,1,A4,2800000000.0,-9.101,60.653,23.42,control,True,none,True,True,75.12,0.438
REC001307,13,V07,180,2,A4,2800000000.0,-9.77,62.462,23.12,control,True,none,True,True,75.12,0.307
REC001308,13,V07,180,3,A4,2800000000.0,-9.28,61.341,23.63,control,True,none,True,True,75.12,0.254
REC001309,13,V07,180,1,A5,2800000000.0,-9.234,61.928,22.96,control,True,none,True,True,75.12,0.259
REC001310,13,V07,180,2,A5,2800000000.0,-9.084,66.563,23.41,control,True,none,True,True,75.12,0.522
REC001311,13,V07,180,3,A5,2800000000.0,-8.489,68.166,23.24,control,True,none,True,True,75.12,1.106
REC001312,13,V07,180,1,A6,2800000000.0,-9.856,64.286,23.08,control,True,none,True,True,75.12,0.407
REC001313,13,V07,180,2,A6,2800000000.0,-9.41,63.962,23.41,control,True,none,True,True,75.12,0.109
REC001314,13,V07,180,3,A6,2800000000.0,-9.554,68.046,23.38,control,True,none,True,True,75.12,0.508
REC001315,13,V07,225,1,A1,2800000000.0,-9.848,67.196,23.62,control,True,none,True,True,75.12,0.563
REC001316,13,V07,225,2,A1,2800000000.0,-9.91,62.686,23.39,control,True,none,True,True,75.12,0.443
REC001317,13,V07,225,3,A1,2800000000.0,-9.705,58.6,22.87,control,True,none,True,True,75.12,0.503
REC001318,13,V07,225,1,A2,2800000000.0,-9.78,60.276,23.14,control,True,none,True,True,75.12,0.416
REC001319,13,V07,225,2,A2,2800000000.0,-9.323,62.663,23.39,control,True,none,True,True,75.12,0.15
REC001320,13,V07,225,3,A2,2800000000.0,-9.881,61.785,23.51,control,True,none,True,True,75.12,0.431
REC001321,13,V07,225,1,A3,2800000000.0,-9.935,59.996,23.38,control,True,none,True,True,75.12,0.557
REC001322,13,V07,225,2,A3,2800000000.0,-9.454,62.117,23.12,control,True,none,True,True,75.12,0.093
REC001323,13,V07,225,3,A3,2800000000.0,-10.166,62.447,23.29,control,True,none,True,True,75.12,0.7
REC001324,13,V07,225,1,A4,2800000000.0,-9.823,58.34,23.04,control,True,none,True,True,75.12,0.588
REC001325,13,V07,225,2,A4,2800000000.0,-9.859,62.174,23.16,control,True,none,True,True,75.12,0.4
REC001326,13,V07,225,3,A4,2800000000.0,-9.867,62.853,23.6,control,True,none,True,True,75.12,0.399
REC001327,13,V07,225,1,A5,2800000000.0,-9.544,64.367,23.17,control,True,none,True,True,75.12,0.153
REC001328,13,V07,225,2,A5,2800000000.0,-9.342,64.297,23.59,control,True,none,True,True,75.12,0.179
REC001329,13,V07,225,3,A5,2800000000.0,-9.3,64.936,23.3,control,True,none,True,True,75.12,0.254
REC001330,13,V07,225,1,A6,2800000000.0,-10.04,65.361,23.14,control,True,none,True,True,75.12,0.617
REC001331,13,V07,225,2,A6,2800000000.0,-10.302,62.714,23.46,control,True,none,True,True,75.12,0.834
REC001332,13,V07,225,3,A6,2800000000.0,-10.361,61.946,23.3,control,True,none,True,True,75.12,0.899
REC001333,13,V07,270,1,A1,2800000000.0,-10.625,61.718,23.28,control,True,none,True,True,75.12,1.164
REC001334,13,V07,270,2,A1,2800000000.0,-10.008,66.625,22.97,control,True,none,True,True,75.12,0.648
REC001335,13,V07,270,3,A1,2800000000.0,-10.208,54.541,23.19,control,True,none,True,True,75.12,1.126
REC001336,13,V07,270,1,A2,2800000000.0,-9.779,61.347,23.66,control,True,none,True,True,75.12,0.354
REC001337,13,V07,270,2,A2,2800000000.0,-9.402,63.111,23.22,control,True,none,True,True,75.12,0.067
REC001338,13,V07,270,3,A2,2800000000.0,-9.352,62.818,23.09,control,True,none,True,True,75.12,0.119
REC001339,13,V07,270,1,A3,2800000000.0,-10.775,60.553,23.56,control,True,none,True,True,75.12,1.33
REC001340,13,V07,270,2,A3,2800000000.0,-9.577,62.062,23.1,control,True,none,True,True,75.12,0.146
REC001341,13,V07,270,3,A3,2800000000.0,-10.616,63.533,22.8,control,True,none,True,True,75.12,1.149
REC001342,13,V07,270,1,A4,2800000000.0,-9.795,64.83,23.46,control,True,none,True,True,75.12,0.373
REC001343,13,V07,270,2,A4,2800000000.0,-10.026,64.072,23.38,control,True,none,True,True,75.12,0.567
REC001344,13,V07,270,3,A4,2800000000.0,-10.194,67.928,23.23,control,True,none,True,True,75.12,0.875
REC001345,13,V07,270,1,A5,2800000000.0,-9.428,55.621,23.71,control,True,none,True,True,75.12,0.743
REC001346,13,V07,270,2,A5,2800000000.0,-9.22,62.967,23.5,control,True,none,True,True,75.12,0.249
REC001347,13,V07,270,3,A5,2800000000.0,-9.493,60.949,23.5,control,True,none,True,True,75.12,0.21
REC001348,13,V07,270,1,A6,2800000000.0,-10.503,60.051,23.67,control,True,none,True,True,75.12,1.077
REC001349,13,V07,270,2,A6,2800000000.0,-9.968,59.758,23.11,control,True,none,True,True,75.12,0.598
REC001350,13,V07,270,3,A6,2800000000.0,-10.454,64.075,23.03,control,True,none,True,True,75.12,0.991
REC001351,13,V07,315,1,A1,2800000000.0,-9.707,64.911,23.3,control,True,none,True,True,75.12,0.303
REC001352,13,V07,315,2,A1,2800000000.0,-9.511,61.757,23.27,control,True,none,True,True,75.12,0.135
REC001353,13,V07,315,3,A1,2800000000.0,-10.107,65.722,23.1,control,True,none,True,True,75.12,0.693
REC001354,13,V07,315,1,A2,2800000000.0,-9.409,62.956,23.02,control,True,none,True,True,75.12,0.06
REC001355,13,V07,315,2,A2,2800000000.0,-9.697,67.319,23.39,control,True,none,True,True,75.12,0.485
REC001356,13,V07,315,3,A2,2800000000.0,-9.817,64.086,23.29,control,True,none,True,True,75.12,0.364
REC001357,13,V07,315,1,A3,2800000000.0,-9.078,63.025,23.22,control,True,none,True,True,75.12,0.39
REC001358,13,V07,315,2,A3,2800000000.0,-9.688,56.647,23.36,control,True,none,True,True,75.12,0.676
REC001359,13,V07,315,3,A3,2800000000.0,-9.515,61.821,22.81,control,True,none,True,True,75.12,0.13
REC001360,13,V07,315,1,A4,2800000000.0,-9.933,67.034,23.44,control,True,none,True,True,75.12,0.613
REC001361,13,V07,315,2,A4,2800000000.0,-10.065,60.614,23.16,control,True,none,True,True,75.12,0.644
REC001362,13,V07,315,3,A4,2800000000.0,-9.705,66.685,23.65,control,True,none,True,True,75.12,0.435
REC001363,13,V07,315,1,A5,2800000000.0,-9.377,59.175,22.93,control,True,none,True,True,75.12,0.397
REC001364,13,V07,315,2,A5,2800000000.0,-9.354,59.134,23.26,control,True,none,True,True,75.12,0.407
REC001365,13,V07,315,3,A5,2800000000.0,-9.423,59.757,23.02,control,True,none,True,True,75.12,0.331
REC001366,13,V07,315,1,A6,2800000000.0,-10.142,63.681,23.65,control,True,none,True,True,75.12,0.677
REC001367,13,V07,315,2,A6,2800000000.0,-9.932,62.391,23.11,control,True,none,True,True,75.12,0.468
REC001368,13,V07,315,3,A6,2800000000.0,-10.435,60.637,23.45,control,True,none,True,True,75.12,0.996
REC001369,14,V07,225,1,A4,2800000000.0,-13.844,13.451,23.47,control,False,none,True,False,73.16,6.613
REC001370,14,V07,225,2,A4,2800000000.0,-13.433,18.1,23.01,control,False,none,True,False,73.16,5.993
REC001371,14,V07,225,3,A4,2800000000.0,-14.034,19.466,22.58,control,False,none,True,False,73.16,6.311
REC001372,14,V07,225,1,A2,2800000000.0,-13.348,11.216,22.22,control,False,none,True,False,73.16,6.473
REC001373,14,V07,225,2,A2,2800000000.0,-13.338,13.707,22.24,control,False,none,True,False,73.16,6.27
REC001374,14,V07,225,3,A2,2800000000.0,-13.271,22.494,23.25,control,False,none,True,False,73.16,5.558
REC001375,14,V07,225,1,A1,2800000000.0,-14.111,15.16,23.1,control,False,none,True,False,73.16,6.669
REC001376,14,V07,225,2,A1,2800000000.0,-13.697,14.103,22.84,control,False,none,True,False,73.16,6.467
REC001377,14,V07,225,3,A1,2800000000.0,-13.943,16.795,22.79,control,False,none,True,False,73.16,6.435
REC001378,14,V07,225,1,A6,2800000000.0,-13.77,19.773,23.2,control,False,none,True,False,73.16,6.101
REC001379,14,V07,225,2,A6,2800000000.0,-13.59,20.791,22.72,control,False,none,True,False,73.16,5.902
REC001380,14,V07,225,3,A6,2800000000.0,-13.247,17.261,23.81,control,False,none,True,False,73.16,5.936
REC001381,14,V07,315,1,A4,2800000000.0,-14.091,13.566,22.96,control,False,none,True,False,73.16,6.771
REC001382,14,V07,315,2,A4,2800000000.0,-13.614,21.484,22.63,control,False,none,True,False,73.16,5.87
REC001383,14,V07,315,3,A4,2800000000.0,-13.462,19.121,23.04,control,False,none,True,False,73.16,5.936
REC001384,14,V07,315,1,A2,2800000000.0,-13.722,20.357,23.2,control,False,none,True,False,73.16,6.026
REC001385,14,V07,315,2,A2,2800000000.0,-13.254,16.747,22.9,control,False,none,True,False,73.16,5.98
REC001386,14,V07,315,3,A2,2800000000.0,-13.457,18.056,22.84,control,False,none,True,False,73.16,6.012
REC001387,14,V07,315,1,A1,2800000000.0,-14.288,11.988,22.61,control,False,none,True,False,73.16,7.021
REC001388,14,V07,315,2,A1,2800000000.0,-13.967,15.053,22.9,control,False,none,True,False,73.16,6.577
REC001389,14,V07,315,3,A1,2800000000.0,-13.883,13.252,23.27,control,False,none,True,False,73.16,6.654
REC001390,14,V07,315,1,A6,2800000000.0,-13.814,14.334,22.98,control,False,none,True,False,73.16,6.527
REC001391,14,V07,315,2,A6,2800000000.0,-14.284,13.262,23.13,control,False,none,True,False,73.16,6.926
REC001392,14,V07,315,3,A6,2800000000.0,-14.255,18.987,23.29,control,False,none,True,False,73.16,6.505
REC001393,14,V07,45,1,A4,2800000000.0,-13.137,17.923,23.17,control,False,none,True,False,73.16,5.815
REC001394,14,V07,45,2,A4,2800000000.0,-13.166,19.651,22.63,control,False,none,True,False,73.16,5.7
REC001395,14,V07,45,3,A4,2800000000.0,-13.17,14.65,22.94,control,False,none,True,False,73.16,6.092
REC001396,14,V07,45,1,A2,2800000000.0,-12.379,16.996,22.45,control,False,none,True,False,73.16,5.447
REC001397,14,V07,45,2,A2,2800000000.0,-13.051,18.732,23.39,control,False,none,True,False,73.16,5.698
REC001398,14,V07,45,3,A2,2800000000.0,-12.608,16.387,23.06,control,False,none,True,False,73.16,5.623
REC001399,14,V07,45,1,A1,2800000000.0,-13.398,15.413,22.55,control,False,none,True,False,73.16,6.174
REC001400,14,V07,45,2,A1,2800000000.0,-12.904,8.93,23.07,control,False,none,True,False,73.16,6.409
REC001401,14,V07,45,3,A1,2800000000.0,-13.465,15.317,23.34,control,False,none,True,False,73.16,6.224
REC001402,14,V07,45,1,A6,2800000000.0,-13.241,15.008,22.79,control,False,none,True,False,73.16,6.107
REC001403,14,V07,45,2,A6,2800000000.0,-12.902,15.722,22.36,control,False,none,True,False,73.16,5.846
REC001404,14,V07,45,3,A6,2800000000.0,-13.286,20.892,22.86,control,False,none,True,False,73.16,5.686
REC001405,14,V07,180,1,A4,2800000000.0,-13.245,15.557,22.64,control,False,none,True,False,73.16,6.067
REC001406,14,V07,180,2,A4,2800000000.0,-12.877,15.776,22.7,control,False,none,True,False,73.16,5.827
REC001407,14,V07,180,3,A4,2800000000.0,-13.051,14.174,22.65,control,False,none,True,False,73.16,6.059
REC001408,14,V07,180,1,A2,2800000000.0,-13.077,16.842,22.91,control,False,none,True,False,73.16,5.862
REC001409,14,V07,180,2,A2,2800000000.0,-12.452,17.85,22.12,control,False,none,True,False,73.16,5.415
REC001410,14,V07,180,3,A2,2800000000.0,-12.982,16.955,22.85,control,False,none,True,False,73.16,5.795
REC001411,14,V07,180,1,A1,2800000000.0,-13.606,15.755,22.82,control,False,none,True,False,73.16,6.283
REC001412,14,V07,180,2,A1,2800000000.0,-13.496,14.215,22.55,control,False,none,True,False,73.16,6.329
REC001413,14,V07,180,3,A1,2800000000.0,-12.773,13.693,22.86,control,False,none,True,False,73.16,5.939
REC001414,14,V07,180,1,A6,2800000000.0,-13.829,16.69,22.55,control,False,none,True,False,73.16,6.364
REC001415,14,V07,180,2,A6,2800000000.0,-13.513,19.476,22.97,control,False,none,True,False,73.16,5.944
REC001416,14,V07,180,3,A6,2800000000.0,-13.209,11.027,23.38,control,False,none,True,False,73.16,6.406
REC001417,14,V07,135,1,A4,2800000000.0,-13.384,21.634,23.14,control,False,none,True,False,73.16,5.699
REC001418,14,V07,135,2,A4,2800000000.0,-12.853,14.483,22.88,control,False,none,True,False,73.16,5.919
REC001419,14,V07,135,3,A4,2800000000.0,-13.168,17.135,22.76,control,False,none,True,False,73.16,5.895
REC001420,14,V07,135,1,A2,2800000000.0,-13.338,20.913,22.81,control,False,none,True,False,73.16,5.72
REC001421,14,V07,135,2,A2,2800000000.0,-12.872,15.867,22.94,control,False,none,True,False,73.16,5.817
REC001422,14,V07,135,3,A2,2800000000.0,-12.994,10.783,22.96,control,False,none,True,False,73.16,6.304
REC001423,14,V07,135,1,A1,2800000000.0,-13.171,15.949,22.49,control,False,none,True,False,73.16,5.99
REC001424,14,V07,135,2,A1,2800000000.0,-13.3,12.154,22.53,control,False,none,True,False,73.16,6.37
REC001425,14,V07,135,3,A1,2800000000.0,-13.552,19.08,22.72,control,False,none,True,False,73.16,6.0
REC001426,14,V07,135,1,A6,2800000000.0,-13.161,22.912,22.94,control,False,none,True,False,73.16,5.453
REC001427,14,V07,135,2,A6,2800000000.0,-12.925,15.939,22.65,control,False,none,True,False,73.16,5.842
REC001428,14,V07,135,3,A6,2800000000.0,-13.682,19.954,22.97,control,False,none,True,False,73.16,6.026
REC001429,15,V08,0,1,A1,2800000000.0,-20.644,-78.14,21.77,stressed,True,none,True,True,69.418,0.538
REC001430,15,V08,0,2,A1,2800000000.0,-21.206,-68.162,22.21,stressed,True,none,True,True,69.418,0.607
REC001431,15,V08,0,3,A1,2800000000.0,-21.525,-78.017,21.91,stressed,True,none,True,True,69.418,0.764
REC001432,15,V08,0,1,A2,2800000000.0,-20.706,-76.949,22.53,stressed,True,none,True,True,69.418,0.404
REC001433,15,V08,0,2,A2,2800000000.0,-20.471,-71.552,21.74,stressed,True,none,True,True,69.418,0.48
REC001434,15,V08,0,3,A2,2800000000.0,-20.348,-74.117,21.87,stressed,True,none,True,True,69.418,0.567
REC001435,15,V08,0,1,A3,2800000000.0,-20.981,-78.863,22.43,stressed,True,none,True,True,69.418,0.544
REC001436,15,V08,0,2,A3,2800000000.0,-21.11,-70.133,21.63,stressed,True,none,True,True,69.418,0.388
REC001437,15,V08,0,3,A3,2800000000.0,-21.442,-77.462,22.03,stressed,True,none,True,True,69.418,0.664
REC001438,15,V08,0,1,A4,2800000000.0,-20.845,-74.869,21.65,stressed,True,none,True,True,69.418,0.155
REC001439,15,V08,0,2,A4,2800000000.0,-21.245,-73.622,21.81,stressed,True,none,True,True,69.418,0.334
REC001440,15,V08,0,3,A4,2800000000.0,-21.07,-68.835,21.93,stressed,True,none,True,True,69.418,0.49
REC001441,15,V08,0,1,A5,2800000000.0,-20.184,-74.576,22.02,stressed,True,none,True,True,69.418,0.736
REC001442,15,V08,0,2,A5,2800000000.0,-20.581,-78.069,22.38,stressed,True,none,True,True,69.418,0.566
REC001443,15,V08,0,3,A5,2800000000.0,-20.605,-70.737,21.72,stressed,True,none,True,True,69.418,0.41
REC001444,15,V08,0,1,A6,2800000000.0,-21.214,-76.577,22.32,stressed,True,none,True,True,69.418,0.434
REC001445,15,V08,0,2,A6,2800000000.0,-21.071,-72.875,22.36,stressed,True,none,True,True,69.418,0.17
REC001446,15,V08,0,3,A6,2800000000.0,-20.818,-71.68,21.52,stressed,True,none,True,True,69.418,0.202
REC001447,15,V08,45,1,A1,2800000000.0,-20.72,-75.781,22.17,stressed,True,none,True,True,69.418,0.3
REC001448,15,V08,45,2,A1,2800000000.0,-20.46,-76.94,21.89,stressed,True,none,True,True,69.418,0.569
REC001449,15,V08,45,3,A1,2800000000.0,-20.959,-72.928,21.45,stressed,True,none,True,True,69.418,0.072
REC001450,15,V08,45,1,A2,2800000000.0,-20.052,-71.135,22.52,stressed,True,none,True,True,69.418,0.89
REC001451,15,V08,45,2,A2,2800000000.0,-19.957,-73.538,22.2,stressed,True,none,True,True,69.418,0.954
REC001452,15,V08,45,3,A2,2800000000.0,-20.63,-75.156,22.05,stressed,True,none,True,True,69.418,0.328
REC001453,15,V08,45,1,A3,2800000000.0,-21.459,-73.38,21.64,stressed,True,none,True,True,69.418,0.548
REC001454,15,V08,45,2,A3,2800000000.0,-20.781,-76.502,22.08,stressed,True,none,True,True,69.418,0.33
REC001455,15,V08,45,3,A3,2800000000.0,-20.805,-69.068,21.95,stressed,True,none,True,True,69.418,0.453
REC001456,15,V08,45,1,A4,2800000000.0,-20.742,-73.51,21.55,stressed,True,none,True,True,69.418,0.169
REC001457,15,V08,45,2,A4,2800000000.0,-20.389,-70.999,22.69,stressed,True,none,True,True,69.418,0.578
REC001458,15,V08,45,3,A4,2800000000.0,-20.698,-73.572,21.78,stressed,True,none,True,True,69.418,0.213
REC001459,15,V08,45,1,A5,2800000000.0,-20.147,-71.124,21.93,stressed,True,none,True,True,69.418,0.799
REC001460,15,V08,45,2,A5,2800000000.0,-19.885,-74.12,22.25,stressed,True,none,True,True,69.418,1.028
REC001461,15,V08,45,3,A5,2800000000.0,-20.05,-72.305,21.86,stressed,True,none,True,True,69.418,0.869
REC001462,15,V08,45,1,A6,2800000000.0,-20.083,-75.72,22.04,stressed,True,none,True,True,69.418,0.858
REC001463,15,V08,45,2,A6,2800000000.0,-21.036,-67.912,22.22,stressed,True,none,True,True,69.418,0.569
REC001464,15,V08,45,3,A6,2800000000.0,-21.015,-71.731,22.03,stressed,True,none,True,True,69.418,0.202
REC001465,15,V08,90,1,A1,2800000000.0,-20.52,-70.202,22.07,stressed,True,none,True,True,69.418,0.51
REC001466,15,V08,90,2,A1,2800000000.0,-20.3,-72.602,22.08,stressed,True,none,True,True,69.418,0.617
REC001467,15,V08,90,3,A1,2800000000.0,-20.296,-72.299,21.76,stressed,True,none,True,True,69.418,0.626
REC001468,15,V08,90,1,A2,2800000000.0,-19.557,-75.127,22.08,stressed,True,none,True,True,69.418,1.364
REC001469,15,V08,90,2,A2,2800000000.0,-20.161,-66.697,21.68,stressed,True,none,True,True,69.418,1.01
REC001470,15,V08,90,3,A2,2800000000.0,-20.285,-74.886,22.05,stressed,True,none,True,True,69.418,0.642
REC001471,15,V08,90,1,A3,2800000000.0,-21.077,-74.412,21.3,stressed,True,none,True,True,69.418,0.191
REC001472,15,V08,90,2,A3,2800000000.0,-20.593,-74.477,21.5,stressed,True,none,True,True,69.418,0.334
REC001473,15,V08,90,3,A3,2800000000.0,-20.339,-76.899,22.19,stressed,True,none,True,True,69.418,0.667
REC001474,15,V08,90,1,A4,2800000000.0,-20.575,-67.671,22.18,stressed,True,none,True,True,69.418,0.67
REC001475,15,V08,90,2,A4,2800000000.0,-20.667,-75.227,22.13,stressed,True,none,True,True,69.418,0.301
REC001476,15,V08,90,3,A4,2800000000.0,-20.443,-72.984,22.33,stressed,True,none,True,True,69.418,0.471
REC001477,15,V08,90,1,A5,2800000000.0,-20.289,-71.702,22.24,stressed,True,none,True,True,69.418,0.647
REC001478,15,V08,90,2,A5,2800000000.0,-19.822,-72.455,21.86,stressed,True,none,True,True,69.418,1.094
REC001479,15,V08,90,3,A5,2800000000.0,-20.586,-75.145,22.05,stressed,True,none,True,True,69.418,0.366
REC001480,15,V08,90,1,A6,2800000000.0,-20.706,-72.751,22.26,stressed,True,none,True,True,69.418,0.217
REC001481,15,V08,90,2,A6,2800000000.0,-21.021,-73.685,22.01,stressed,True,none,True,True,69.418,0.112
REC001482,15,V08,90,3,A6,2800000000.0,-20.876,-68.682,22.22,stressed,True,none,True,True,69.418,0.48
REC001483,15,V08,135,1,A1,2800000000.0,-20.424,-67.386,21.5,stressed,True,none,True,True,69.418,0.779
REC001484,15,V08,135,2,A1,2800000000.0,-20.513,-71.67,21.68,stressed,True,none,True,True,69.418,0.437
REC001485,15,V08,135,3,A1,2800000000.0,-20.421,-76.089,22.16,stressed,True,none,True,True,69.418,0.556
REC001486,15,V08,135,1,A2,2800000000.0,-19.894,-71.452,21.39,stressed,True,none,True,True,69.418,1.037
REC001487,15,V08,135,2,A2,2800000000.0,-20.501,-70.575,21.96,stressed,True,none,True,True,69.418,0.502
REC001488,15,V08,135,3,A2,2800000000.0,-21.019,-68.54,21.99,stressed,True,none,True,True,69.418,0.504
REC001489,15,V08,135,1,A3,2800000000.0,-21.057,-70.284,21.75,stressed,True,none,True,True,69.418,0.35
REC001490,15,V08,135,2,A3,2800000000.0,-21.018,-72.194,22.48,stressed,True,none,True,True,69.418,0.166
REC001491,15,V08,135,3,A3,2800000000.0,-20.324,-72.19,22.09,stressed,True,none,True,True,69.418,0.601
REC001492,15,V08,135,1,A4,2800000000.0,-20.274,-76.54,22.14,stressed,True,none,True,True,69.418,0.707
REC001493,15,V08,135,2,A4,2800000000.0,-20.731,-71.814,21.88,stressed,True,none,True,True,69.418,0.245
REC001494,15,V08,135,3,A4,2800000000.0,-20.361,-72.415,21.03,stressed,True,none,True,True,69.418,0.56
REC001495,15,V08,135,1,A5,2800000000.0,-20.157,-70.342,22.08,stressed,True,none,True,True,69.418,0.816
REC001496,15,V08,135,2,A5,2800000000.0,-20.242,-67.342,22.04,stressed,True,none,True,True,69.418,0.907
REC001497,15,V08,135,3,A5,2800000000.0,-20.08,-69.135,22.06,stressed,True,none,True,True,69.418,0.937
REC001498,15,V08,135,1,A6,2800000000.0,-21.081,-80.584,21.81,stressed,True,none,True,True,69.418,0.732
REC001499,15,V08,135,2,A6,2800000000.0,-20.583,-74.328,22.19,stressed,True,none,True,True,69.418,0.339
REC001500,15,V08,135,3,A6,2800000000.0,-20.767,-69.405,21.86,stressed,True,none,True,True,69.418,0.431
REC001501,15,V08,180,1,A1,2800000000.0,-20.724,-71.958,22.4,stressed,True,none,True,True,69.418,0.24
REC001502,15,V08,180,2,A1,2800000000.0,-21.377,-74.851,22.2,stressed,True,none,True,True,69.418,0.486
REC001503,15,V08,180,3,A1,2800000000.0,-20.401,-72.756,21.86,stressed,True,none,True,True,69.418,0.515
REC001504,15,V08,180,1,A2,2800000000.0,-20.338,-70.37,21.84,stressed,True,none,True,True,69.418,0.651
REC001505,15,V08,180,2,A2,2800000000.0,-20.466,-69.434,22.52,stressed,True,none,True,True,69.418,0.601
REC001506,15,V08,180,3,A2,2800000000.0,-20.342,-72.844,21.93,stressed,True,none,True,True,69.418,0.573
REC001507,15,V08,180,1,A3,2800000000.0,-20.997,-74.323,22.01,stressed,True,none,True,True,69.418,0.121
REC001508,15,V08,180,2,A3,2800000000.0,-21.482,-70.085,21.61,stressed,True,none,True,True,69.418,0.663
REC001509,15,V08,180,3,A3,2800000000.0,-21.294,-73.683,22.55,stressed,True,none,True,True,69.418,0.383
REC001510,15,V08,180,1,A4,2800000000.0,-20.991,-75.474,21.79,stressed,True,none,True,True,69.418,0.216
REC001511,15,V08,180,2,A4,2800000000.0,-20.367,-81.913,21.65,stressed,True,none,True,True,69.418,1.005
REC001512,15,V08,180,3,A4,2800000000.0,-20.045,-71.703,21.62,stressed,True,none,True,True,69.418,0.884
REC001513,15,V08,180,1,A5,2800000000.0,-20.577,-72.774,22.2,stressed,True,none,True,True,69.418,0.341
REC001514,15,V08,180,2,A5,2800000000.0,-20.013,-71.81,21.79,stressed,True,none,True,True,69.418,0.913
REC001515,15,V08,180,3,A5,2800000000.0,-20.329,-75.071,21.64,stressed,True,none,True,True,69.418,0.604
REC001516,15,V08,180,1,A6,2800000000.0,-21.693,-78.671,21.68,stressed,True,none,True,True,69.418,0.939
REC001517,15,V08,180,2,A6,2800000000.0,-21.518,-73.036,21.59,stressed,True,none,True,True,69.418,0.608
REC001518,15,V08,180,3,A6,2800000000.0,-22.108,-77.108,21.81,stressed,True,none,True,True,69.418,1.251
REC001519,15,V08,225,1,A1,2800000000.0,-21.4,-69.625,21.77,stressed,True,none,True,True,69.418,0.622
REC001520,15,V08,225,2,A1,2800000000.0,-20.954,-74.24,21.94,stressed,True,none,True,True,69.418,0.088
REC001521,15,V08,225,3,A1,2800000000.0,-21.469,-74.36,21.72,stressed,True,none,True,True,69.418,0.565
REC001522,15,V08,225,1,A2,2800000000.0,-20.867,-74.392,21.67,stressed,True,none,True,True,69.418,0.102
REC001523,15,V08,225,2,A2,2800000000.0,-20.621,-72.403,21.82,stressed,True,none,True,True,69.418,0.309
REC001524,15,V08,225,3,A2,2800000000.0,-20.875,-73.935,21.69,stressed,True,none,True,True,69.418,0.059
REC001525,15,V08,225,1,A3,2800000000.0,-21.497,-76.546,21.67,stressed,True,none,True,True,69.418,0.662
REC001526,15,V08,225,2,A3,2800000000.0,-22.005,-75.759,22.12,stressed,True,none,True,True,69.418,1.118
REC001527,15,V08,225,3,A3,2800000000.0,-21.727,-67.121,22.22,stressed,True,none,True,True,69.418,1.034
REC001528,15,V08,225,1,A4,2800000000.0,-20.827,-71.797,22.51,stressed,True,none,True,True,69.418,0.187
REC001529,15,V08,225,2,A4,2800000000.0,-21.454,-81.865,21.82,stressed,True,none,True,True,69.418,1.0
REC001530,15,V08,225,3,A4,2800000000.0,-21.051,-73.729,22.03,stressed,True,none,True,True,69.418,0.142
REC001531,15,V08,225,1,A5,2800000000.0,-20.522,-72.537,22.19,stressed,True,none,True,True,69.418,0.4
REC001532,15,V08,225,2,A5,2800000000.0,-21.2,-76.969,22.43,stressed,True,none,True,True,69.418,0.454
REC001533,15,V08,225,3,A5,2800000000.0,-20.888,-75.553,21.76,stressed,True,none,True,True,69.418,0.21
REC001534,15,V08,225,1,A6,2800000000.0,-21.713,-76.81,21.57,stressed,True,none,True,True,69.418,0.869
REC001535,15,V08,225,2,A6,2800000000.0,-21.968,-75.268,21.77,stressed,True,none,True,True,69.418,1.072
REC001536,15,V08,225,3,A6,2800000000.0,-21.186,-73.804,22.03,stressed,True,none,True,True,69.418,0.277
REC001537,15,V08,270,1,A1,2800000000.0,-21.588,-74.839,22.06,stressed,True,none,True,True,69.418,0.691
REC001538,15,V08,270,2,A1,2800000000.0,-21.15,-74.758,22.27,stressed,True,none,True,True,69.418,0.271
REC001539,15,V08,270,3,A1,2800000000.0,-21.362,-72.098,21.8,stressed,True,none,True,True,69.418,0.471
REC001540,15,V08,270,1,A2,2800000000.0,-21.608,-73.171,22.17,stressed,True,none,True,True,69.418,0.697
REC001541,15,V08,270,2,A2,2800000000.0,-20.892,-72.71,21.85,stressed,True,none,True,True,69.418,0.078
REC001542,15,V08,270,3,A2,2800000000.0,-21.307,-72.321,22.08,stressed,True,none,True,True,69.418,0.412
REC001543,15,V08,270,1,A3,2800000000.0,-21.833,-71.648,21.69,stressed,True,none,True,True,69.418,0.94
REC001544,15,V08,270,2,A3,2800000000.0,-21.84,-70.067,22.21,stressed,True,none,True,True,69.418,0.989
REC001545,15,V08,270,3,A3,2800000000.0,-21.772,-74.114,22.0,stressed,True,none,True,True,69.418,0.863
REC001546,15,V08,270,1,A4,2800000000.0,-22.188,-77.195,21.94,stressed,True,none,True,True,69.418,1.33
REC001547,15,V08,270,2,A4,2800000000.0,-21.472,-73.735,22.29,stressed,True,none,True,True,69.418,0.561
REC001548,15,V08,270,3,A4,2800000000.0,-21.461,-77.649,22.05,stressed,True,none,True,True,69.418,0.691
REC001549,15,V08,270,1,A5,2800000000.0,-21.163,-74.444,21.86,stressed,True,none,True,True,69.418,0.27
REC001550,15,V08,270,2,A5,2800000000.0,-20.392,-80.698,21.83,stressed,True,none,True,True,69.418,0.89
REC001551,15,V08,270,3,A5,2800000000.0,-21.066,-76.319,22.22,stressed,True,none,True,True,69.418,0.325
REC001552,15,V08,270,1,A6,2800000000.0,-21.421,-75.119,21.87,stressed,True,none,True,True,69.418,0.536
REC001553,15,V08,270,2,A6,2800000000.0,-21.698,-75.29,21.93,stressed,True,none,True,True,69.418,0.808
REC001554,15,V08,270,3,A6,2800000000.0,-21.721,-74.219,22.18,stressed,True,none,True,True,69.418,0.813
REC001555,15,V08,315,1,A1,2800000000.0,-21.587,-77.335,21.43,stressed,True,none,True,True,69.418,0.779
REC001556,15,V08,315,2,A1,2800000000.0,-20.958,-73.432,22.1,stressed,True,none,True,True,69.418,0.047
REC001557,15,V08,315,3,A1,2800000000.0,-21.647,-68.828,21.77,stressed,True,none,True,True,69.418,0.87
REC001558,15,V08,315,1,A2,2800000000.0,-20.868,-71.12,21.65,stressed,True,none,True,True,69.418,0.239
REC001559,15,V08,315,2,A2,2800000000.0,-21.082,-73.146,22.81,stressed,True,none,True,True,69.418,0.174
REC001560,15,V08,315,3,A2,2800000000.0,-20.828,-68.864,22.31,stressed,True,none,True,True,69.418,0.468
REC001561,15,V08,315,1,A3,2800000000.0,-21.408,-77.651,22.27,stressed,True,none,True,True,69.418,0.65
REC001562,15,V08,315,2,A3,2800000000.0,-21.968,-69.881,22.01,stressed,True,none,True,True,69.418,1.116
REC001563,15,V08,315,3,A3,2800000000.0,-22.313,-75.705,22.15,stressed,True,none,True,True,69.418,1.42
REC001564,15,V08,315,1,A4,2800000000.0,-21.289,-72.038,21.7,stressed,True,none,True,True,69.418,0.404
REC001565,15,V08,315,2,A4,2800000000.0,-21.61,-74.398,21.96,stressed,True,none,True,True,69.418,0.705
REC001566,15,V08,315,3,A4,2800000000.0,-21.323,-70.501,21.7,stressed,True,none,True,True,69.418,0.508
REC001567,15,V08,315,1,A5,2800000000.0,-20.824,-73.479,21.48,stressed,True,none,True,True,69.418,0.087
REC001568,15,V08,315,2,A5,2800000000.0,-21.314,-73.647,22.54,stressed,True,none,True,True,69.418,0.403
REC001569,15,V08,315,3,A5,2800000000.0,-20.744,-78.86,21.02,stressed,True,none,True,True,69.418,0.565
REC001570,15,V08,315,1,A6,2800000000.0,-21.298,-74.972,22.29,stressed,True,none,True,True,69.418,0.415
REC001571,15,V08,315,2,A6,2800000000.0,-21.782,-73.633,22.2,stressed,True,none,True,True,69.418,0.871
REC001572,15,V08,315,3,A6,2800000000.0,-21.652,-75.961,21.96,stressed,True,none,True,True,69.418,0.782
REC001573,16,V08,270,1,A3,2800000000.0,-21.333,-72.759,21.92,stressed,False,none,True,True,69.491,0.428
REC001574,16,V08,270,2,A3,2800000000.0,-21.165,-79.779,22.49,stressed,False,none,True,True,69.491,0.68
REC001575,16,V08,270,3,A3,2800000000.0,-21.261,-70.965,21.52,stressed,False,none,True,True,69.491,0.43
REC001576,16,V08,270,1,A2,2800000000.0,-21.059,-74.223,22.37,stressed,False,none,True,True,69.491,0.166
REC001577,16,V08,270,2,A2,2800000000.0,-21.093,-69.932,21.74,stressed,False,none,True,True,69.491,0.398
REC001578,16,V08,270,3,A2,2800000000.0,-21.053,-72.943,22.32,stressed,False,none,True,True,69.491,0.151
REC001579,16,V08,270,1,A5,2800000000.0,-22.084,-77.153,21.35,stressed,False,none,True,True,69.491,1.229
REC001580,16,V08,270,2,A5,2800000000.0,-21.843,-75.641,21.45,stressed,False,none,True,True,69.491,0.957
REC001581,16,V08,270,3,A5,2800000000.0,-21.737,-79.251,21.62,stressed,False,none,True,True,69.491,1.008
REC001582,16,V08,270,1,A4,2800000000.0,-20.857,-71.496,21.99,stressed,False,none,True,True,69.491,0.204
REC001583,16,V08,270,2,A4,2800000000.0,-21.518,-77.315,21.59,stressed,False,none,True,True,69.491,0.719
REC001584,16,V08,270,3,A4,2800000000.0,-21.23,-70.102,22.2,stressed,False,none,True,True,69.491,0.464
REC001585,16,V08,90,1,A3,2800000000.0,-20.028,-72.919,21.94,stressed,False,none,True,True,69.491,0.885
REC001586,16,V08,90,2,A3,2800000000.0,-20.314,-71.31,22.54,stressed,False,none,True,True,69.491,0.635
REC001587,16,V08,90,3,A3,2800000000.0,-20.746,-71.41,22.29,stressed,False,none,True,True,69.491,0.264
REC001588,16,V08,90,1,A2,2800000000.0,-20.357,-72.138,21.77,stressed,False,none,True,True,69.491,0.57
REC001589,16,V08,90,2,A2,2800000000.0,-19.984,-74.994,22.11,stressed,False,none,True,True,69.491,0.94
REC001590,16,V08,90,3,A2,2800000000.0,-19.717,-68.681,21.67,stressed,False,none,True,True,69.491,1.287
REC001591,16,V08,90,1,A5,2800000000.0,-20.491,-73.905,21.83,stressed,False,none,True,True,69.491,0.422
REC001592,16,V08,90,2,A5,2800000000.0,-19.871,-70.919,21.57,stressed,False,none,True,True,69.491,1.071
REC001593,16,V08,90,3,A5,2800000000.0,-20.463,-75.262,21.57,stressed,False,none,True,True,69.491,0.483
REC001594,16,V08,90,1,A4,2800000000.0,-20.53,-72.039,22.21,stressed,False,none,True,True,69.491,0.407
REC001595,16,V08,90,2,A4,2800000000.0,-20.044,-69.137,21.6,stressed,False,none,True,True,69.491,0.969
REC001596,16,V08,90,3,A4,2800000000.0,-20.38,-69.89,21.74,stressed,False,none,True,True,69.491,0.64
REC001597,16,V08,315,1,A3,2800000000.0,-21.154,-71.089,21.83,stressed,False,none,True,True,69.491,0.34
REC001598,16,V08,315,2,A3,2800000000.0,-21.003,-67.635,21.88,stressed,False,none,True,True,69.491,0.59
REC001599,16,V08,315,3,A3,2800000000.0,-20.717,-70.735,21.49,stressed,False,none,True,True,69.491,0.335
REC001600,16,V08,315,1,A2,2800000000.0,-21.101,-74.414,21.67,stressed,False,none,True,True,69.491,0.212
REC001601,16,V08,315,2,A2,2800000000.0,-20.798,-70.07,22.31,stressed,False,none,True,True,69.491,0.358
REC001602,16,V08,315,3,A2,2800000000.0,-20.678,-73.251,21.31,stressed,False,none,True,True,69.491,0.234
REC001603,16,V08,315,1,A5,2800000000.0,-21.35,-72.836,21.99,stressed,False,none,True,True,69.491,0.443
REC001604,16,V08,315,2,A5,2800000000.0,-20.739,-69.192,22.17,stressed,False,none,True,True,69.491,0.461
REC001605,16,V08,315,3,A5,2800000000.0,-21.659,-74.453,21.9,stressed,False,none,True,True,69.491,0.754
REC001606,16,V08,315,1,A4,2800000000.0,-21.303,-70.912,22.04,stressed,False,none,True,True,69.491,0.468
REC001607,16,V08,315,2,A4,2800000000.0,-21.397,-68.823,21.96,stressed,False,none,True,True,69.491,0.672
REC001608,16,V08,315,3,A4,2800000000.0,-21.589,-72.568,22.01,stressed,False,none,True,True,69.491,0.684
REC001609,16,V08,45,1,A3,2800000000.0,-20.072,-72.012,22.18,stressed,False,none,True,True,69.491,0.852
REC001610,16,V08,45,2,A3,2800000000.0,-20.308,-74.944,21.51,stressed,False,none,True,True,69.491,0.621
REC001611,16,V08,45,3,A3,2800000000.0,-20.027,-67.411,22.03,stressed,False,none,True,True,69.491,1.072
REC001612,16,V08,45,1,A2,2800000000.0,-19.615,-67.329,22.14,stressed,False,none,True,True,69.491,1.434
REC001613,16,V08,45,2,A2,2800000000.0,-20.337,-65.305,22.09,stressed,False,none,True,True,69.491,0.998
REC001614,16,V08,45,3,A2,2800000000.0,-20.179,-72.504,22.01,stressed,False,none,True,True,69.491,0.738
REC001615,16,V08,45,1,A5,2800000000.0,-21.165,-69.4,21.64,stressed,False,none,True,True,69.491,0.479
REC001616,16,V08,45,2,A5,2800000000.0,-20.552,-73.064,21.85,stressed,False,none,True,True,69.491,0.361
REC001617,16,V08,45,3,A5,2800000000.0,-20.891,-71.983,22.5,stressed,False,none,True,True,69.491,0.15
REC001618,16,V08,45,1,A4,2800000000.0,-19.948,-69.936,21.92,stressed,False,none,True,True,69.491,1.026
REC001619,16,V08,45,2,A4,2800000000.0,-20.11,-67.609,21.68,stressed,False,none,True,True,69.491,0.992
REC001620,16,V08,45,3,A4,2800000000.0,-20.387,-76.465,22.27,stressed,False,none,True,True,69.491,0.604
REC001621,16,V08,180,1,A3,2800000000.0,-20.098,-71.466,21.29,stressed,False,none,True,True,69.491,0.837
REC001622,16,V08,180,2,A3,2800000000.0,-20.535,-74.419,21.73,stressed,False,none,True,True,69.491,0.388
REC001623,16,V08,180,3,A3,2800000000.0,-20.529,-70.943,21.78,stressed,False,none,True,True,69.491,0.458
REC001624,16,V08,180,1,A2,2800000000.0,-20.612,-70.829,21.81,stressed,False,none,True,True,69.491,0.399
REC001625,16,V08,180,2,A2,2800000000.0,-20.75,-72.204,22.03,stressed,False,none,True,True,69.491,0.205
REC001626,16,V08,180,3,A2,2800000000.0,-20.471,-75.447,22.23,stressed,False,none,True,True,69.491,0.483
REC001627,16,V08,180,1,A5,2800000000.0,-21.839,-73.546,21.74,stressed,False,none,True,True,69.491,0.928
REC001628,16,V08,180,2,A5,2800000000.0,-20.973,-70.521,22.27,stressed,False,none,True,True,69.491,0.301
REC001629,16,V08,180,3,A5,2800000000.0,-21.231,-70.447,21.99,stressed,False,none,True,True,69.491,0.44
REC001630,16,V08,180,1,A4,2800000000.0,-21.231,-66.005,21.5,stressed,False,none,True,True,69.491,0.812
REC001631,16,V08,180,2,A4,2800000000.0,-20.591,-70.537,22.01,stressed,False,none,True,True,69.491,0.434
REC001632,16,V08,180,3,A4,2800000000.0,-20.866,-69.225,21.46,stressed,False,none,True,True,69.491,0.427
REC001633,17,V09,0,1,A1,2800000000.0,-12.354,32.373,25.6,control,True,none,True,True,73.774,0.204
REC001634,17,V09,0,2,A1,2800000000.0,-12.254,33.429,25.29,control,True,none,True,True,73.774,0.219
REC001635,17,V09,0,3,A1,2800000000.0,-12.419,30.313,25.18,control,True,none,True,True,73.774,0.267
REC001636,17,V09,0,1,A2,2800000000.0,-12.06,32.872,25.34,control,True,none,True,True,73.774,0.187
REC001637,17,V09,0,2,A2,2800000000.0,-12.328,26.632,25.4,control,True,none,True,True,73.774,0.5
REC001638,17,V09,0,3,A2,2800000000.0,-12.096,32.493,25.51,control,True,none,True,True,73.774,0.136
REC001639,17,V09,0,1,A3,2800000000.0,-12.832,26.352,25.78,control,True,none,True,True,73.774,0.828
REC001640,17,V09,0,2,A3,2800000000.0,-12.346,29.329,24.99,control,True,none,True,True,73.774,0.268
REC001641,17,V09,0,3,A3,2800000000.0,-12.604,27.015,25.54,control,True,none,True,True,73.774,0.613
REC001642,17,V09,0,1,A4,2800000000.0,-12.384,34.367,25.15,control,True,none,True,True,73.774,0.364
REC001643,17,V09,0,2,A4,2800000000.0,-12.464,29.808,24.49,control,True,none,True,True,73.774,0.33
REC001644,17,V09,0,3,A4,2800000000.0,-12.187,30.576,25.52,control,True,none,True,True,73.774,0.082
REC001645,17,V09,0,1,A5,2800000000.0,-12.417,35.072,25.52,control,True,none,True,True,73.774,0.441
REC001646,17,V09,0,2,A5,2800000000.0,-11.475,31.429,25.58,control,True,none,True,True,73.774,0.7
REC001647,17,V09,0,3,A5,2800000000.0,-12.292,33.726,25.04,control,True,none,True,True,73.774,0.261
REC001648,17,V09,0,1,A6,2800000000.0,-12.947,27.214,25.28,control,True,none,True,True,73.774,0.878
REC001649,17,V09,0,2,A6,2800000000.0,-12.698,31.715,24.73,control,True,none,True,True,73.774,0.524
REC001650,17,V09,0,3,A6,2800000000.0,-13.089,34.704,25.54,control,True,none,True,True,73.774,0.972
REC001651,17,V09,45,1,A1,2800000000.0,-12.112,31.785,25.58,control,True,none,True,True,73.774,0.074
REC001652,17,V09,45,2,A1,2800000000.0,-11.672,32.239,25.6,control,True,none,True,True,73.774,0.51
REC001653,17,V09,45,3,A1,2800000000.0,-12.017,31.887,25.27,control,True,none,True,True,73.774,0.166
REC001654,17,V09,45,1,A2,2800000000.0,-11.579,31.124,25.3,control,True,none,True,True,73.774,0.597
REC001655,17,V09,45,2,A2,2800000000.0,-11.487,29.149,25.51,control,True,none,True,True,73.774,0.724
REC001656,17,V09,45,3,A2,2800000000.0,-11.79,31.639,25.18,control,True,none,True,True,73.774,0.386
REC001657,17,V09,45,1,A3,2800000000.0,-11.99,24.937,25.54,control,True,none,True,True,73.774,0.671
REC001658,17,V09,45,2,A3,2800000000.0,-12.301,34.954,25.13,control,True,none,True,True,73.774,0.378
REC001659,17,V09,45,3,A3,2800000000.0,-12.112,37.035,25.19,control,True,none,True,True,73.774,0.568
REC001660,17,V09,45,1,A4,2800000000.0,-11.426,31.911,25.4,control,True,none,True,True,73.774,0.751
REC001661,17,V09,45,2,A4,2800000000.0,-11.777,34.337,25.07,control,True,none,True,True,73.774,0.495
REC001662,17,V09,45,3,A4,2800000000.0,-12.093,29.878,25.3,control,True,none,True,True,73.774,0.172
REC001663,17,V09,45,1,A5,2800000000.0,-11.564,34.425,25.66,control,True,none,True,True,73.774,0.682
REC001664,17,V09,45,2,A5,2800000000.0,-11.79,30.092,24.84,control,True,none,True,True,73.774,0.406
REC001665,17,V09,45,3,A5,2800000000.0,-10.888,33.208,25.42,control,True,none,True,True,73.774,1.3
REC001666,17,V09,45,1,A6,2800000000.0,-12.5,31.29,25.43,control,True,none,True,True,73.774,0.325
REC001667,17,V09,45,2,A6,2800000000.0,-12.173,34.521,25.97,control,True,none,True,True,73.774,0.313
REC001668,17,V09,45,3,A6,2800000000.0,-12.382,28.228,25.01,control,True,none,True,True,73.774,0.378
REC001669,17,V09,90,1,A1,2800000000.0,-11.169,35.214,25.23,control,True,none,True,True,73.774,1.076
REC001670,17,V09,90,2,A1,2800000000.0,-11.64,29.637,25.54,control,True,none,True,True,73.774,0.563
REC001671,17,V09,90,3,A1,2800000000.0,-11.765,31.307,25.46,control,True,none,True,True,73.774,0.41
REC001672,17,V09,90,1,A2,2800000000.0,-11.407,31.882,25.28,control,True,none,True,True,73.774,0.769
REC001673,17,V09,90,2,A2,2800000000.0,-11.112,37.526,25.45,control,True,none,True,True,73.774,1.227
REC001674,17,V09,90,3,A2,2800000000.0,-11.11,31.987,25.06,control,True,none,True,True,73.774,1.067
REC001675,17,V09,90,1,A3,2800000000.0,-11.755,32.101,24.85,control,True,none,True,True,73.774,0.426
REC001676,17,V09,90,2,A3,2800000000.0,-12.05,31.338,25.12,control,True,none,True,True,73.774,0.125
REC001677,17,V09,90,3,A3,2800000000.0,-11.507,33.026,25.69,control,True,none,True,True,73.774,0.688
REC001678,17,V09,90,1,A4,2800000000.0,-11.572,32.331,24.99,control,True,none,True,True,73.774,0.61
REC001679,17,V09,90,2,A4,2800000000.0,-11.648,32.126,24.86,control,True,none,True,True,73.774,0.532
REC001680,17,V09,90,3,A4,2800000000.0,-11.813,31.117,25.4,control,True,none,True,True,73.774,0.363
REC001681,17,V09,90,1,A5,2800000000.0,-11.213,30.843,25.41,control,True,none,True,True,73.774,0.963
REC001682,17,V09,90,2,A5,2800000000.0,-11.406,23.978,25.13,control,True,none,True,True,73.774,1.068
REC001683,17,V09,90,3,A5,2800000000.0,-11.027,27.541,25.31,control,True,none,True,True,73.774,1.211
REC001684,17,V09,90,1,A6,2800000000.0,-11.476,29.305,25.27,control,True,none,True,True,73.774,0.729
REC001685,17,V09,90,2,A6,2800000000.0,-12.342,36.468,25.25,control,True,none,True,True,73.774,0.534
REC001686,17,V09,90,3,A6,2800000000.0,-11.937,35.65,25.47,control,True,none,True,True,73.774,0.488
REC001687,17,V09,135,1,A1,2800000000.0,-12.06,29.852,25.42,control,True,none,True,True,73.774,0.192
REC001688,17,V09,135,2,A1,2800000000.0,-11.985,25.442,25.26,control,True,none,True,True,73.774,0.624
REC001689,17,V09,135,3,A1,2800000000.0,-12.242,36.643,25.33,control,True,none,True,True,73.774,0.529
REC001690,17,V09,135,1,A2,2800000000.0,-11.769,30.198,24.71,control,True,none,True,True,73.774,0.423
REC001691,17,V09,135,2,A2,2800000000.0,-11.827,35.343,25.94,control,True,none,True,True,73.774,0.527
REC001692,17,V09,135,3,A2,2800000000.0,-11.28,32.018,25.14,control,True,none,True,True,73.774,0.897
REC001693,17,V09,135,1,A3,2800000000.0,-12.384,37.473,25.22,control,True,none,True,True,73.774,0.643
REC001694,17,V09,135,2,A3,2800000000.0,-11.463,35.474,24.75,control,True,none,True,True,73.774,0.821
REC001695,17,V09,135,3,A3,2800000000.0,-12.297,29.287,25.25,control,True,none,True,True,73.774,0.243
REC001696,17,V09,135,1,A4,2800000000.0,-11.816,40.783,24.95,control,True,none,True,True,73.774,1.005
REC001697,17,V09,135,2,A4,2800000000.0,-11.729,33.643,25.27,control,True,none,True,True,73.774,0.5
REC001698,17,V09,135,3,A4,2800000000.0,-11.764,28.659,25.31,control,True,none,True,True,73.774,0.493
REC001699,17,V09,135,1,A5,2800000000.0,-11.344,33.277,25.44,control,True,none,True,True,73.774,0.852
REC001700,17,V09,135,2,A5,2800000000.0,-11.074,35.105,25.29,control,True,none,True,True,73.774,1.162
REC001701,17,V09,135,3,A5,2800000000.0,-11.849,30.494,25.21,control,True,none,True,True,73.774,0.338
REC001702,17,V09,135,1,A6,2800000000.0,-12.022,29.859,24.99,control,True,none,True,True,73.774,0.216
REC001703,17,V09,135,2,A6,2800000000.0,-12.454,26.34,25.2,control,True,none,True,True,73.774,0.577
REC001704,17,V09,135,3,A6,2800000000.0,-12.538,28.292,25.16,control,True,none,True,True,73.774,0.477
REC001705,17,V09,180,1,A1,2800000000.0,-12.552,32.226,25.5,control,True,none,True,True,73.774,0.386
REC001706,17,V09,180,2,A1,2800000000.0,-12.316,29.776,25.43,control,True,none,True,True,73.774,0.214
REC001707,17,V09,180,3,A1,2800000000.0,-12.365,28.739,25.63,control,True,none,True,True,73.774,0.326
REC001708,17,V09,180,1,A2,2800000000.0,-11.586,33.391,25.55,control,True,none,True,True,73.774,0.622
REC001709,17,V09,180,2,A2,2800000000.0,-12.444,35.648,25.39,control,True,none,True,True,73.774,0.504
REC001710,17,V09,180,3,A2,2800000000.0,-11.548,32.748,25.29,control,True,none,True,True,73.774,0.641
REC001711,17,V09,180,1,A3,2800000000.0,-12.534,31.688,25.18,control,True,none,True,True,73.774,0.36
REC001712,17,V09,180,2,A3,2800000000.0,-12.191,25.827,25.11,control,True,none,True,True,73.774,0.557
REC001713,17,V09,180,3,A3,2800000000.0,-11.838,28.709,25.2,control,True,none,True,True,73.774,0.431
REC001714,17,V09,180,1,A4,2800000000.0,-12.416,32.094,25.05,control,True,none,True,True,73.774,0.251
REC001715,17,V09,180,2,A4,2800000000.0,-12.207,33.633,25.06,control,True,none,True,True,73.774,0.226
REC001716,17,V09,180,3,A4,2800000000.0,-11.915,33.553,25.59,control,True,none,True,True,73.774,0.338
REC001717,17,V09,180,1,A5,2800000000.0,-11.809,41.311,25.59,control,True,none,True,True,73.774,1.057
REC001718,17,V09,180,2,A5,2800000000.0,-11.754,28.959,25.24,control,True,none,True,True,73.774,0.486
REC001719,17,V09,180,3,A5,2800000000.0,-11.423,36.715,25.72,control,True,none,True,True,73.774,0.921
REC001720,17,V09,180,1,A6,2800000000.0,-12.216,26.82,25.42,control,True,none,True,True,73.774,0.459
REC001721,17,V09,180,2,A6,2800000000.0,-12.824,26.124,25.35,control,True,none,True,True,73.774,0.836
REC001722,17,V09,180,3,A6,2800000000.0,-12.294,33.297,25.42,control,True,none,True,True,73.774,0.225
REC001723,17,V09,225,1,A1,2800000000.0,-12.345,27.426,25.24,control,True,none,True,True,73.774,0.431
REC001724,17,V09,225,2,A1,2800000000.0,-12.957,24.37,25.5,control,True,none,True,True,73.774,1.051
REC001725,17,V09,225,3,A1,2800000000.0,-12.731,32.997,25.61,control,True,none,True,True,73.774,0.579
REC001726,17,V09,225,1,A2,2800000000.0,-12.39,32.651,25.08,control,True,none,True,True,73.774,0.249
REC001727,17,V09,225,2,A2,2800000000.0,-12.758,31.25,25.13,control,True,none,True,True,73.774,0.583
REC001728,17,V09,225,3,A2,2800000000.0,-12.337,36.806,24.82,control,True,none,True,True,73.774,0.565
REC001729,17,V09,225,1,A3,2800000000.0,-12.69,26.895,25.55,control,True,none,True,True,73.774,0.684
REC001730,17,V09,225,2,A3,2800000000.0,-12.715,31.018,24.99,control,True,none,True,True,73.774,0.541
REC001731,17,V09,225,3,A3,2800000000.0,-13.034,32.661,25.8,control,True,none,True,True,73.774,0.868
REC001732,17,V09,225,1,A4,2800000000.0,-12.361,27.687,25.38,control,True,none,True,True,73.774,0.415
REC001733,17,V09,225,2,A4,2800000000.0,-11.776,30.687,25.71,control,True,none,True,True,73.774,0.405
REC001734,17,V09,225,3,A4,2800000000.0,-12.727,30.253,25.46,control,True,none,True,True,73.774,0.564
REC001735,17,V09,225,1,A5,2800000000.0,-12.085,28.581,25.03,control,True,none,True,True,73.774,0.295
REC001736,17,V09,225,2,A5,2800000000.0,-11.908,34.454,25.73,control,True,none,True,True,73.774,0.406
REC001737,17,V09,225,3,A5,2800000000.0,-11.663,31.284,25.18,control,True,none,True,True,73.774,0.512
REC001738,17,V09,225,1,A6,2800000000.0,-12.399,32.019,24.98,control,True,none,True,True,73.774,0.233
REC001739,17,V09,225,2,A6,2800000000.0,-13.115,31.355,25.22,control,True,none,True,True,73.774,0.94
REC001740,17,V09,225,3,A6,2800000000.0,-12.813,33.097,25.5,control,True,none,True,True,73.774,0.661
REC001741,17,V09,270,1,A1,2800000000.0,-12.252,24.292,25.35,control,True,none,True,True,73.774,0.714
REC001742,17,V09,270,2,A1,2800000000.0,-12.443,25.507,25.08,control,True,none,True,True,73.774,0.647
REC001743,17,V09,270,3,A1,2800000000.0,-12.903,30.152,25.76,control,True,none,True,True,73.774,0.739
REC001744,17,V09,270,1,A2,2800000000.0,-11.744,28.144,25.43,control,True,none,True,True,73.774,0.54
REC001745,17,V09,270,2,A2,2800000000.0,-12.183,31.75,25.39,control,True,none,True,True,73.774,0.037
REC001746,17,V09,270,3,A2,2800000000.0,-12.26,35.65,25.6,control,True,none,True,True,73.774,0.434
REC001747,17,V09,270,1,A3,2800000000.0,-13.269,31.974,25.54,control,True,none,True,True,73.774,1.096
REC001748,17,V09,270,2,A3,2800000000.0,-12.857,32.981,25.33,control,True,none,True,True,73.774,0.7
REC001749,17,V09,270,3,A3,2800000000.0,-12.891,29.951,24.67,control,True,none,True,True,73.774,0.73
REC001750,17,V09,270,1,A4,2800000000.0,-12.675,28.082,24.92,control,True,none,True,True,73.774,0.6
REC001751,17,V09,270,2,A4,2800000000.0,-12.221,31.599,25.26,control,True,none,True,True,73.774,0.051
REC001752,17,V09,270,3,A4,2800000000.0,-12.821,30.975,25.57,control,True,none,True,True,73.774,0.647
REC001753,17,V09,270,1,A5,2800000000.0,-12.599,30.572,25.53,control,True,none,True,True,73.774,0.432
REC001754,17,V09,270,2,A5,2800000000.0,-12.932,30.414,25.14,control,True,none,True,True,73.774,0.763
REC001755,17,V09,270,3,A5,2800000000.0,-12.391,29.082,25.31,control,True,none,True,True,73.774,0.316
REC001756,17,V09,270,1,A6,2800000000.0,-12.374,28.615,25.36,control,True,none,True,True,73.774,0.342
REC001757,17,V09,270,2,A6,2800000000.0,-12.353,27.937,25.82,control,True,none,True,True,73.774,0.389
REC001758,17,V09,270,3,A6,2800000000.0,-12.95,34.932,25.5,control,True,none,True,True,73.774,0.852
REC001759,17,V09,315,1,A1,2800000000.0,-12.413,30.183,25.09,control,True,none,True,True,73.774,0.267
REC001760,17,V09,315,2,A1,2800000000.0,-12.482,33.072,25.27,control,True,none,True,True,73.774,0.35
REC001761,17,V09,315,3,A1,2800000000.0,-12.6,29.627,25.57,control,True,none,True,True,73.774,0.46
REC001762,17,V09,315,1,A2,2800000000.0,-11.837,28.878,25.07,control,True,none,True,True,73.774,0.421
REC001763,17,V09,315,2,A2,2800000000.0,-12.091,35.462,25.62,control,True,none,True,True,73.774,0.416
REC001764,17,V09,315,3,A2,2800000000.0,-12.58,30.087,24.99,control,True,none,True,True,73.774,0.426
REC001765,17,V09,315,1,A3,2800000000.0,-12.885,34.693,24.85,control,True,none,True,True,73.774,0.783
REC001766,17,V09,315,2,A3,2800000000.0,-13.29,27.394,25.36,control,True,none,True,True,73.774,1.185
REC001767,17,V09,315,3,A3,2800000000.0,-12.618,31.192,25.63,control,True,none,True,True,73.774,0.444
REC001768,17,V09,315,1,A4,2800000000.0,-13.034,33.945,25.18,control,True,none,True,True,73.774,0.896
REC001769,17,V09,315,2,A4,2800000000.0,-12.285,26.409,25.28,control,True,none,True,True,73.774,0.51
REC001770,17,V09,315,3,A4,2800000000.0,-12.434,33.847,24.8,control,True,none,True,True,73.774,0.357
REC001771,17,V09,315,1,A5,2800000000.0,-12.195,27.624,25.43,control,True,none,True,True,73.774,0.377
REC001772,17,V09,315,2,A5,2800000000.0,-11.971,34.741,25.11,control,True,none,True,True,73.774,0.392
REC001773,17,V09,315,3,A5,2800000000.0,-11.926,34.962,24.78,control,True,none,True,True,73.774,0.435
REC001774,17,V09,315,1,A6,2800000000.0,-12.621,32.755,25.2,control,True,none,True,True,73.774,0.466
REC001775,17,V09,315,2,A6,2800000000.0,-13.168,32.709,24.91,control,True,none,True,True,73.774,1.002
REC001776,17,V09,315,3,A6,2800000000.0,-12.858,29.759,25.49,control,True,none,True,True,73.774,0.702
REC001777,18,V09,90,1,A6,2800000000.0,-11.95,29.16,22.31,control,False,none,True,True,73.726,0.317
REC001778,18,V09,90,2,A6,2800000000.0,-11.651,32.379,22.33,control,False,none,True,True,73.726,0.533
REC001779,18,V09,90,3,A6,2800000000.0,-12.147,33.111,22.31,control,False,none,True,True,73.726,0.174
REC001780,18,V09,90,1,A5,2800000000.0,-11.099,29.305,21.85,control,False,none,True,True,73.726,1.096
REC001781,18,V09,90,2,A5,2800000000.0,-11.458,35.316,22.38,control,False,none,True,True,73.726,0.817
REC001782,18,V09,90,3,A5,2800000000.0,-11.508,28.817,22.86,control,False,none,True,True,73.726,0.715
REC001783,18,V09,90,1,A4,2800000000.0,-12.357,28.252,22.5,control,False,none,True,True,73.726,0.363
REC001784,18,V09,90,2,A4,2800000000.0,-12.604,34.252,22.52,control,False,none,True,True,73.726,0.516
REC001785,18,V09,90,3,A4,2800000000.0,-11.778,32.102,22.28,control,False,none,True,True,73.726,0.403
REC001786,18,V09,90,1,A1,2800000000.0,-12.067,30.508,22.04,control,False,none,True,True,73.726,0.139
REC001787,18,V09,90,2,A1,2800000000.0,-11.602,33.348,22.77,control,False,none,True,True,73.726,0.605
REC001788,18,V09,90,3,A1,2800000000.0,-11.636,33.702,22.24,control,False,none,True,True,73.726,0.586
REC001789,18,V09,270,1,A6,2800000000.0,-12.891,30.349,22.21,control,False,none,True,True,73.726,0.724
REC001790,18,V09,270,2,A6,2800000000.0,-12.667,25.744,22.07,control,False,none,True,True,73.726,0.749
REC001791,18,V09,270,3,A6,2800000000.0,-12.557,31.588,22.03,control,False,none,True,True,73.726,0.383
REC001792,18,V09,270,1,A5,2800000000.0,-12.246,27.83,22.34,control,False,none,True,True,73.726,0.363
REC001793,18,V09,270,2,A5,2800000000.0,-12.023,31.85,22.57,control,False,none,True,True,73.726,0.159
REC001794,18,V09,270,3,A5,2800000000.0,-11.875,27.316,22.03,control,False,none,True,True,73.726,0.506
REC001795,18,V09,270,1,A4,2800000000.0,-13.264,27.664,21.62,control,False,none,True,True,73.726,1.151
REC001796,18,V09,270,2,A4,2800000000.0,-13.11,26.794,22.57,control,False,none,True,True,73.726,1.042
REC001797,18,V09,270,3,A4,2800000000.0,-12.942,26.626,22.51,control,False,none,True,True,73.726,0.903
REC001798,18,V09,270,1,A1,2800000000.0,-12.531,26.622,22.18,control,False,none,True,True,73.726,0.595
REC001799,18,V09,270,2,A1,2800000000.0,-13.415,25.656,22.11,control,False,none,True,True,73.726,1.366
REC001800,18,V09,270,3,A1,2800000000.0,-12.725,26.092,22.18,control,False,none,True,True,73.726,0.764
REC001801,18,V09,45,1,A6,2800000000.0,-12.262,31.148,22.46,control,False,none,True,True,73.726,0.09
REC001802,18,V09,45,2,A6,2800000000.0,-11.773,30.672,21.87,control,False,none,True,True,73.726,0.408
REC001803,18,V09,45,3,A6,2800000000.0,-12.08,29.413,22.21,control,False,none,True,True,73.726,0.219
REC001804,18,V09,45,1,A5,2800000000.0,-11.572,35.412,22.57,control,False,none,True,True,73.726,0.725
REC001805,18,V09,45,2,A5,2800000000.0,-11.89,33.17,22.52,control,False,none,True,True,73.726,0.336
REC001806,18,V09,45,3,A5,2800000000.0,-11.836,33.682,22.28,control,False,none,True,True,73.726,0.409
REC001807,18,V09,45,1,A4,2800000000.0,-12.617,31.501,22.4,control,False,none,True,True,73.726,0.442
REC001808,18,V09,45,2,A4,2800000000.0,-12.262,30.023,22.11,control,False,none,True,True,73.726,0.162
REC001809,18,V09,45,3,A4,2800000000.0,-12.011,30.005,22.38,control,False,none,True,True,73.726,0.215
REC001810,18,V09,45,1,A1,2800000000.0,-11.787,27.171,22.06,control,False,none,True,True,73.726,0.573
REC001811,18,V09,45,2,A1,2800000000.0,-12.557,32.329,21.97,control,False,none,True,True,73.726,0.393
REC001812,18,V09,45,3,A1,2800000000.0,-11.854,31.748,22.51,control,False,none,True,True,73.726,0.323
REC001813,18,V09,225,1,A6,2800000000.0,-12.962,29.025,22.83,control,False,none,True,True,73.726,0.822
REC001814,18,V09,225,2,A6,2800000000.0,-12.087,32.183,22.43,control,False,none,True,True,73.726,0.118
REC001815,18,V09,225,3,A6,2800000000.0,-12.903,31.377,22.28,control,False,none,True,True,73.726,0.728
REC001816,18,V09,225,1,A5,2800000000.0,-12.133,27.822,22.28,control,False,none,True,True,73.726,0.359
REC001817,18,V09,225,2,A5,2800000000.0,-12.252,30.46,22.48,control,False,none,True,True,73.726,0.121
REC001818,18,V09,225,3,A5,2800000000.0,-12.475,25.691,22.82,control,False,none,True,True,73.726,0.644
REC001819,18,V09,225,1,A4,2800000000.0,-12.154,30.063,21.93,control,False,none,True,True,73.726,0.134
REC001820,18,V09,225,2,A4,2800000000.0,-13.133,30.248,22.73,control,False,none,True,True,73.726,0.965
REC001821,18,V09,225,3,A4,2800000000.0,-13.265,28.348,22.39,control,False,none,True,True,73.726,1.132
REC001822,18,V09,225,1,A1,2800000000.0,-12.342,28.19,21.86,control,False,none,True,True,73.726,0.361
REC001823,18,V09,225,2,A1,2800000000.0,-12.415,32.595,22.31,control,False,none,True,True,73.726,0.269
REC001824,18,V09,225,3,A1,2800000000.0,-12.48,27.797,22.08,control,False,none,True,True,73.726,0.471
REC001825,18,V09,0,1,A6,2800000000.0,-11.94,31.09,22.48,control,False,none,True,True,73.726,0.237
REC001826,18,V09,0,2,A6,2800000000.0,-11.797,26.763,22.16,control,False,none,True,True,73.726,0.597
REC001827,18,V09,0,3,A6,2800000000.0,-12.2,28.235,22.57,control,False,none,True,True,73.726,0.317
REC001828,18,V09,0,1,A5,2800000000.0,-12.004,27.45,22.35,control,False,none,True,True,73.726,0.43
REC001829,18,V09,0,2,A5,2800000000.0,-11.897,33.232,22.45,control,False,none,True,True,73.726,0.333
REC001830,18,V09,0,3,A5,2800000000.0,-11.809,31.389,22.27,control,False,none,True,True,73.726,0.366
REC001831,18,V09,0,1,A4,2800000000.0,-12.763,30.295,22.23,control,False,none,True,True,73.726,0.598
REC001832,18,V09,0,2,A4,2800000000.0,-12.041,33.455,22.52,control,False,none,True,True,73.726,0.246
REC001833,18,V09,0,3,A4,2800000000.0,-12.434,29.164,21.95,control,False,none,True,True,73.726,0.342
REC001834,18,V09,0,1,A1,2800000000.0,-12.313,30.232,22.4,control,False,none,True,True,73.726,0.18
REC001835,18,V09,0,2,A1,2800000000.0,-12.107,32.692,22.12,control,False,none,True,True,73.726,0.147
REC001836,18,V09,0,3,A1,2800000000.0,-12.453,34.281,22.56,control,False,none,True,True,73.726,0.401
REC001837,19,V10,0,1,A1,2800000000.0,-20.859,-72.949,20.4,stressed,True,none,True,True,69.436,0.058
REC001838,19,V10,0,2,A1,2800000000.0,-20.068,-72.475,20.46,stressed,True,none,True,True,69.436,0.736
REC001839,19,V10,0,3,A1,2800000000.0,-21.335,-74.499,20.63,stressed,True,none,True,True,69.436,0.552
REC001840,19,V10,0,1,A2,2800000000.0,-20.408,-85.711,20.46,stressed,True,none,True,True,69.436,1.326
REC001841,19,V10,0,2,A2,2800000000.0,-19.953,-78.532,20.71,stressed,True,none,True,True,69.436,1.011
REC001842,19,V10,0,3,A2,2800000000.0,-21.36,-69.73,20.26,stressed,True,none,True,True,69.436,0.649
REC001843,19,V10,0,1,A3,2800000000.0,-21.834,-72.205,20.6,stressed,True,none,True,True,69.436,1.035
REC001844,19,V10,0,2,A3,2800000000.0,-21.019,-71.789,20.13,stressed,True,none,True,True,69.436,0.251
REC001845,19,V10,0,3,A3,2800000000.0,-21.687,-71.468,20.78,stressed,True,none,True,True,69.436,0.899
REC001846,19,V10,0,1,A4,2800000000.0,-20.49,-79.007,19.8,stressed,True,none,True,True,69.436,0.672
REC001847,19,V10,0,2,A4,2800000000.0,-21.082,-77.823,20.27,stressed,True,none,True,True,69.436,0.553
REC001848,19,V10,0,3,A4,2800000000.0,-20.711,-77.335,20.49,stressed,True,none,True,True,69.436,0.438
REC001849,19,V10,0,1,A5,2800000000.0,-20.348,-74.188,20.21,stressed,True,none,True,True,69.436,0.468
REC001850,19,V10,0,2,A5,2800000000.0,-21.114,-73.541,20.26,stressed,True,none,True,True,69.436,0.316
REC001851,19,V10,0,3,A5,2800000000.0,-20.478,-71.407,20.33,stressed,True,none,True,True,69.436,0.363
REC001852,19,V10,0,1,A6,2800000000.0,-21.208,-72.685,20.56,stressed,True,none,True,True,69.436,0.408
REC001853,19,V10,0,2,A6,2800000000.0,-21.157,-72.591,20.2,stressed,True,none,True,True,69.436,0.358
REC001854,19,V10,0,3,A6,2800000000.0,-21.323,-71.975,20.09,stressed,True,none,True,True,69.436,0.532
REC001855,19,V10,45,1,A1,2800000000.0,-20.359,-72.252,20.17,stressed,True,none,True,True,69.436,0.45
REC001856,19,V10,45,2,A1,2800000000.0,-20.574,-73.861,19.76,stressed,True,none,True,True,69.436,0.242
REC001857,19,V10,45,3,A1,2800000000.0,-20.36,-71.642,20.51,stressed,True,none,True,True,69.436,0.464
REC001858,19,V10,45,1,A2,2800000000.0,-20.335,-66.151,20.14,stressed,True,none,True,True,69.436,0.833
REC001859,19,V10,45,2,A2,2800000000.0,-20.438,-74.818,19.74,stressed,True,none,True,True,69.436,0.405
REC001860,19,V10,45,3,A2,2800000000.0,-19.715,-67.724,20.44,stressed,True,none,True,True,69.436,1.21
REC001861,19,V10,45,1,A3,2800000000.0,-21.044,-67.403,20.15,stressed,True,none,True,True,69.436,0.614
REC001862,19,V10,45,2,A3,2800000000.0,-20.856,-68.525,20.46,stressed,True,none,True,True,69.436,0.456
REC001863,19,V10,45,3,A3,2800000000.0,-20.115,-72.091,20.14,stressed,True,none,True,True,69.436,0.694
REC001864,19,V10,45,1,A4,2800000000.0,-20.659,-77.878,20.17,stressed,True,none,True,True,69.436,0.503
REC001865,19,V10,45,2,A4,2800000000.0,-20.132,-70.54,20.26,stressed,True,none,True,True,69.436,0.715
REC001866,19,V10,45,3,A4,2800000000.0,-20.774,-71.656,20.56,stressed,True,none,True,True,69.436,0.142
REC001867,19,V10,45,1,A5,2800000000.0,-20.046,-71.337,20.02,stressed,True,none,True,True,69.436,0.775
REC001868,19,V10,45,2,A5,2800000000.0,-19.915,-81.232,20.37,stressed,True,none,True,True,69.436,1.207
REC001869,19,V10,45,3,A5,2800000000.0,-19.404,-76.362,20.19,stressed,True,none,True,True,69.436,1.437
REC001870,19,V10,45,1,A6,2800000000.0,-20.777,-74.224,20.57,stressed,True,none,True,True,69.436,0.12
REC001871,19,V10,45,2,A6,2800000000.0,-20.633,-72.38,20.5,stressed,True,none,True,True,69.436,0.182
REC001872,19,V10,45,3,A6,2800000000.0,-20.77,-63.297,20.3,stressed,True,none,True,True,69.436,0.976
REC001873,19,V10,90,1,A1,2800000000.0,-20.27,-77.175,20.09,stressed,True,none,True,True,69.436,0.673
REC001874,19,V10,90,2,A1,2800000000.0,-19.984,-76.05,19.61,stressed,True,none,True,True,69.436,0.871
REC001875,19,V10,90,3,A1,2800000000.0,-20.319,-67.932,20.27,stressed,True,none,True,True,69.436,0.704
REC001876,19,V10,90,1,A2,2800000000.0,-20.129,-77.119,20.39,stressed,True,none,True,True,69.436,0.786
REC001877,19,V10,90,2,A2,2800000000.0,-19.83,-76.889,20.6,stressed,True,none,True,True,69.436,1.045
REC001878,19,V10,90,3,A2,2800000000.0,-19.799,-68.147,20.43,stressed,True,none,True,True,69.436,1.116
REC001879,19,V10,90,1,A3,2800000000.0,-20.433,-70.982,20.52,stressed,True,none,True,True,69.436,0.423
REC001880,19,V10,90,2,A3,2800000000.0,-21.174,-77.047,20.04,stressed,True,none,True,True,69.436,0.546
REC001881,19,V10,90,3,A3,2800000000.0,-20.668,-71.379,20.36,stressed,True,none,True,True,69.436,0.214
REC001882,19,V10,90,1,A4,2800000000.0,-19.994,-68.598,20.0,stressed,True,none,True,True,69.436,0.923
REC001883,19,V10,90,2,A4,2800000000.0,-20.257,-74.587,20.2,stressed,True,none,True,True,69.436,0.566
REC001884,19,V10,90,3,A4,2800000000.0,-20.232,-82.27,20.98,stressed,True,none,True,True,69.436,1.084
REC001885,19,V10,90,1,A5,2800000000.0,-19.859,-73.331,20.84,stressed,True,none,True,True,69.436,0.943
REC001886,19,V10,90,2,A5,2800000000.0,-20.133,-71.146,20.11,stressed,True,none,True,True,69.436,0.696
REC001887,19,V10,90,3,A5,2800000000.0,-19.533,-71.859,20.3,stressed,True,none,True,True,69.436,1.275
REC001888,19,V10,90,1,A6,2800000000.0,-20.268,-70.788,20.24,stressed,True,none,True,True,69.436,0.58
REC001889,19,V10,90,2,A6,2800000000.0,-20.296,-64.928,20.35,stressed,True,none,True,True,69.436,0.957
REC001890,19,V10,90,3,A6,2800000000.0,-20.594,-72.032,20.65,stressed,True,none,True,True,69.436,0.232
REC001891,19,V10,135,1,A1,2800000000.0,-20.655,-73.172,19.8,stressed,True,none,True,True,69.436,0.147
REC001892,19,V10,135,2,A1,2800000000.0,-20.83,-73.89,20.24,stressed,True,none,True,True,69.436,0.088
REC001893,19,V10,135,3,A1,2800000000.0,-19.944,-70.729,19.98,stressed,True,none,True,True,69.436,0.889
REC001894,19,V10,135,1,A2,2800000000.0,-20.393,-67.712,20.6,stressed,True,none,True,True,69.436,0.673
REC001895,19,V10,135,2,A2,2800000000.0,-20.167,-73.164,20.6,stressed,True,none,True,True,69.436,0.635
REC001896,19,V10,135,3,A2,2800000000.0,-20.473,-70.661,20.94,stressed,True,none,True,True,69.436,0.407
REC001897,19,V10,135,1,A3,2800000000.0,-20.713,-75.164,20.38,stressed,True,none,True,True,69.436,0.229
REC001898,19,V10,135,2,A3,2800000000.0,-20.916,-77.019,20.47,stressed,True,none,True,True,69.436,0.413
REC001899,19,V10,135,3,A3,2800000000.0,-20.44,-73.769,20.14,stressed,True,none,True,True,69.436,0.369
REC001900,19,V10,135,1,A4,2800000000.0,-20.764,-72.787,20.09,stressed,True,none,True,True,69.436,0.046
REC001901,19,V10,135,2,A4,2800000000.0,-20.778,-66.66,20.4,stressed,True,none,True,True,69.436,0.64
REC001902,19,V10,135,3,A4,2800000000.0,-20.303,-69.687,20.49,stressed,True,none,True,True,69.436,0.602
REC001903,19,V10,135,1,A5,2800000000.0,-20.299,-71.019,20.18,stressed,True,none,True,True,69.436,0.542
REC001904,19,V10,135,2,A5,2800000000.0,-20.044,-70.812,20.14,stressed,True,none,True,True,69.436,0.79
REC001905,19,V10,135,3,A5,2800000000.0,-20.574,-71.398,20.2,stressed,True,none,True,True,69.436,0.282
REC001906,19,V10,135,1,A6,2800000000.0,-21.342,-71.314,20.55,stressed,True,none,True,True,69.436,0.567
REC001907,19,V10,135,2,A6,2800000000.0,-20.017,-74.01,20.1,stressed,True,none,True,True,69.436,0.791
REC001908,19,V10,135,3,A6,2800000000.0,-21.108,-72.211,20.32,stressed,True,none,True,True,69.436,0.317
REC001909,19,V10,180,1,A1,2800000000.0,-21.072,-73.569,19.66,stressed,True,none,True,True,69.436,0.275
REC001910,19,V10,180,2,A1,2800000000.0,-20.551,-75.356,20.25,stressed,True,none,True,True,69.436,0.341
REC001911,19,V10,180,3,A1,2800000000.0,-21.257,-74.791,20.17,stressed,True,none,True,True,69.436,0.487
REC001912,19,V10,180,1,A2,2800000000.0,-20.532,-71.105,20.69,stressed,True,none,True,True,69.436,0.333
REC001913,19,V10,180,2,A2,2800000000.0,-20.309,-69.657,20.69,stressed,True,none,True,True,69.436,0.599
REC001914,19,V10,180,3,A2,2800000000.0,-20.358,-72.654,20.56,stressed,True,none,True,True,69.436,0.446
REC001915,19,V10,180,1,A3,2800000000.0,-20.807,-71.598,19.82,stressed,True,none,True,True,69.436,0.145
REC001916,19,V10,180,2,A3,2800000000.0,-21.381,-74.368,20.49,stressed,True,none,True,True,69.436,0.594
REC001917,19,V10,180,3,A3,2800000000.0,-21.135,-70.133,20.65,stressed,True,none,True,True,69.436,0.443
REC001918,19,V10,180,1,A4,2800000000.0,-20.469,-69.427,19.95,stressed,True,none,True,True,69.436,0.492
REC001919,19,V10,180,2,A4,2800000000.0,-20.684,-74.866,19.76,stressed,True,none,True,True,69.436,0.216
REC001920,19,V10,180,3,A4,2800000000.0,-20.915,-69.07,20.4,stressed,True,none,True,True,69.436,0.414
REC001921,19,V10,180,1,A5,2800000000.0,-19.923,-72.012,20.99,stressed,True,none,True,True,69.436,0.885
REC001922,19,V10,180,2,A5,2800000000.0,-20.475,-72.476,19.87,stressed,True,none,True,True,69.436,0.332
REC001923,19,V10,180,3,A5,2800000000.0,-20.195,-74.05,20.06,stressed,True,none,True,True,69.436,0.615
REC001924,19,V10,180,1,A6,2800000000.0,-20.744,-70.069,20.6,stressed,True,none,True,True,69.436,0.304
REC001925,19,V10,180,2,A6,2800000000.0,-21.237,-73.697,20.24,stressed,True,none,True,True,69.436,0.44
REC001926,19,V10,180,3,A6,2800000000.0,-20.894,-68.883,20.37,stressed,True,none,True,True,69.436,0.427
REC001927,19,V10,225,1,A1,2800000000.0,-20.59,-71.059,20.19,stressed,True,none,True,True,69.436,0.291
REC001928,19,V10,225,2,A1,2800000000.0,-20.934,-68.633,20.86,stressed,True,none,True,True,69.436,0.461
REC001929,19,V10,225,3,A1,2800000000.0,-20.826,-73.674,20.19,stressed,True,none,True,True,69.436,0.067
REC001930,19,V10,225,1,A2,2800000000.0,-20.709,-68.229,20.39,stressed,True,none,True,True,69.436,0.491
REC001931,19,V10,225,2,A2,2800000000.0,-20.746,-73.097,20.16,stressed,True,none,True,True,69.436,0.056
REC001932,19,V10,225,3,A2,2800000000.0,-20.931,-72.845,20.77,stressed,True,none,True,True,69.436,0.131
REC001933,19,V10,225,1,A3,2800000000.0,-21.554,-74.093,20.0,stressed,True,none,True,True,69.436,0.759
REC001934,19,V10,225,2,A3,2800000000.0,-21.267,-70.151,20.74,stressed,True,none,True,True,69.436,0.548
REC001935,19,V10,225,3,A3,2800000000.0,-21.421,-72.528,20.21,stressed,True,none,True,True,69.436,0.621
REC001936,19,V10,225,1,A4,2800000000.0,-21.024,-72.809,20.28,stressed,True,none,True,True,69.436,0.223
REC001937,19,V10,225,2,A4,2800000000.0,-21.141,-72.395,20.17,stressed,True,none,True,True,69.436,0.345
REC001938,19,V10,225,3,A4,2800000000.0,-21.255,-68.629,21.07,stressed,True,none,True,True,69.436,0.633
REC001939,19,V10,225,1,A5,2800000000.0,-21.244,-77.029,19.97,stressed,True,none,True,True,69.436,0.595
REC001940,19,V10,225,2,A5,2800000000.0,-20.913,-70.564,20.43,stressed,True,none,True,True,69.436,0.272
REC001941,19,V10,225,3,A5,2800000000.0,-20.831,-71.664,20.05,stressed,True,none,True,True,69.436,0.142
REC001942,19,V10,225,1,A6,2800000000.0,-21.555,-74.311,19.78,stressed,True,none,True,True,69.436,0.763
REC001943,19,V10,225,2,A6,2800000000.0,-21.831,-77.616,20.49,stressed,True,none,True,True,69.436,1.126
REC001944,19,V10,225,3,A6,2800000000.0,-21.409,-72.418,19.71,stressed,True,none,True,True,69.436,0.61
REC001945,19,V10,270,1,A1,2800000000.0,-21.774,-72.054,19.42,stressed,True,none,True,True,69.436,0.977
REC001946,19,V10,270,2,A1,2800000000.0,-20.961,-79.514,20.51,stressed,True,none,True,True,69.436,0.666
REC001947,19,V10,270,3,A1,2800000000.0,-21.595,-70.897,21.22,stressed,True,none,True,True,69.436,0.822
REC001948,19,V10,270,1,A2,2800000000.0,-21.711,-71.458,19.72,stressed,True,none,True,True,69.436,0.923
REC001949,19,V10,270,2,A2,2800000000.0,-20.901,-74.164,20.3,stressed,True,none,True,True,69.436,0.149
REC001950,19,V10,270,3,A2,2800000000.0,-21.302,-71.202,19.82,stressed,True,none,True,True,69.436,0.533
REC001951,19,V10,270,1,A3,2800000000.0,-21.256,-75.772,19.84,stressed,True,none,True,True,69.436,0.529
REC001952,19,V10,270,2,A3,2800000000.0,-21.15,-74.746,20.83,stressed,True,none,True,True,69.436,0.387
REC001953,19,V10,270,3,A3,2800000000.0,-21.262,-76.938,20.23,stressed,True,none,True,True,69.436,0.602
REC001954,19,V10,270,1,A4,2800000000.0,-21.292,-69.465,20.39,stressed,True,none,True,True,69.436,0.607
REC001955,19,V10,270,2,A4,2800000000.0,-21.276,-74.643,20.24,stressed,True,none,True,True,69.436,0.5
REC001956,19,V10,270,3,A4,2800000000.0,-20.937,-74.033,20.14,stressed,True,none,True,True,69.436,0.167
REC001957,19,V10,270,1,A5,2800000000.0,-21.198,-75.205,19.84,stressed,True,none,True,True,69.436,0.451
REC001958,19,V10,270,2,A5,2800000000.0,-21.254,-69.049,20.2,stressed,True,none,True,True,69.436,0.604
REC001959,19,V10,270,3,A5,2800000000.0,-20.817,-80.98,20.43,stressed,True,none,True,True,69.436,0.793
REC001960,19,V10,270,1,A6,2800000000.0,-21.677,-75.988,20.31,stressed,True,none,True,True,69.436,0.923
REC001961,19,V10,270,2,A6,2800000000.0,-21.777,-80.915,20.53,stressed,True,none,True,True,69.436,1.253
REC001962,19,V10,270,3,A6,2800000000.0,-21.556,-75.486,19.97,stressed,True,none,True,True,69.436,0.792
REC001963,19,V10,315,1,A1,2800000000.0,-21.623,-73.079,20.74,stressed,True,none,True,True,69.436,0.821
REC001964,19,V10,315,2,A1,2800000000.0,-21.121,-77.899,20.33,stressed,True,none,True,True,69.436,0.58
REC001965,19,V10,315,3,A1,2800000000.0,-21.198,-71.159,20.44,stressed,True,none,True,True,69.436,0.439
REC001966,19,V10,315,1,A2,2800000000.0,-21.778,-71.615,19.96,stressed,True,none,True,True,69.436,0.987
REC001967,19,V10,315,2,A2,2800000000.0,-21.309,-73.816,20.38,stressed,True,none,True,True,69.436,0.513
REC001968,19,V10,315,3,A2,2800000000.0,-21.374,-71.137,20.49,stressed,True,none,True,True,69.436,0.603
REC001969,19,V10,315,1,A3,2800000000.0,-21.468,-76.854,19.96,stressed,True,none,True,True,69.436,0.767
REC001970,19,V10,315,2,A3,2800000000.0,-21.174,-78.785,20.58,stressed,True,none,True,True,69.436,0.684
REC001971,19,V10,315,3,A3,2800000000.0,-21.532,-74.538,19.75,stressed,True,none,True,True,69.436,0.745
REC001972,19,V10,315,1,A4,2800000000.0,-21.226,-71.91,19.86,stressed,True,none,True,True,69.436,0.439
REC001973,19,V10,315,2,A4,2800000000.0,-21.033,-73.484,20.06,stressed,True,none,True,True,69.436,0.235
REC001974,19,V10,315,3,A4,2800000000.0,-20.926,-80.358,20.36,stressed,True,none,True,True,69.436,0.741
REC001975,19,V10,315,1,A5,2800000000.0,-20.396,-68.931,20.37,stressed,True,none,True,True,69.436,0.578
REC001976,19,V10,315,2,A5,2800000000.0,-20.973,-75.158,20.17,stressed,True,none,True,True,69.436,0.271
REC001977,19,V10,315,3,A5,2800000000.0,-20.719,-75.673,20.48,stressed,True,none,True,True,69.436,0.275
REC001978,19,V10,315,1,A6,2800000000.0,-20.842,-74.437,19.85,stressed,True,none,True,True,69.436,0.144
REC001979,19,V10,315,2,A6,2800000000.0,-21.886,-71.921,20.24,stressed,True,none,True,True,69.436,1.09
REC001980,19,V10,315,3,A6,2800000000.0,-21.219,-75.852,20.51,stressed,True,none,True,True,69.436,0.502
REC001981,20,V10,225,1,A4,2800000000.0,-22.248,-83.457,23.24,stressed,False,none,True,True,69.06,1.782
REC001982,20,V10,225,2,A4,2800000000.0,-22.089,-85.367,22.96,stressed,False,none,True,True,69.06,1.781
REC001983,20,V10,225,3,A4,2800000000.0,-21.783,-77.827,23.02,stressed,False,none,True,True,69.06,1.091
REC001984,20,V10,225,1,A3,2800000000.0,-21.439,-80.097,22.56,stressed,False,none,True,True,69.06,0.95
REC001985,20,V10,225,2,A3,2800000000.0,-21.922,-85.507,22.51,stressed,False,none,True,True,69.06,1.675
REC001986,20,V10,225,3,A3,2800000000.0,-21.394,-81.385,22.93,stressed,False,none,True,True,69.06,1.022
REC001987,20,V10,225,1,A6,2800000000.0,-23.01,-77.089,22.64,stressed,False,none,True,True,69.06,2.245
REC001988,20,V10,225,2,A6,2800000000.0,-21.617,-87.603,22.67,stressed,False,none,True,True,69.06,1.668
REC001989,20,V10,225,3,A6,2800000000.0,-22.893,-82.169,22.58,stressed,False,none,True,True,69.06,2.281
REC001990,20,V10,225,1,A2,2800000000.0,-22.254,-86.873,23.14,stressed,False,none,True,True,69.06,2.005
REC001991,20,V10,225,2,A2,2800000000.0,-21.719,-77.319,22.7,stressed,False,none,True,True,69.06,1.011
REC001992,20,V10,225,3,A2,2800000000.0,-21.867,-86.623,22.81,stressed,False,none,True,True,69.06,1.725
REC001993,20,V10,135,1,A4,2800000000.0,-21.381,-79.948,23.21,stressed,False,none,True,True,69.06,0.901
REC001994,20,V10,135,2,A4,2800000000.0,-20.928,-83.869,23.21,stressed,False,none,True,True,69.06,1.089
REC001995,20,V10,135,3,A4,2800000000.0,-21.239,-82.315,22.7,stressed,False,none,True,True,69.06,1.024
REC001996,20,V10,135,1,A3,2800000000.0,-21.093,-75.614,23.0,stressed,False,none,True,True,69.06,0.388
REC001997,20,V10,135,2,A3,2800000000.0,-20.873,-81.628,23.64,stressed,False,none,True,True,69.06,0.861
REC001998,20,V10,135,3,A3,2800000000.0,-20.534,-83.004,22.83,stressed,False,none,True,True,69.06,1.031
REC001999,20,V10,135,1,A6,2800000000.0,-21.59,-81.403,22.7,stressed,False,none,True,True,69.06,1.148
REC002000,20,V10,135,2,A6,2800000000.0,-21.394,-77.485,22.52,stressed,False,none,True,True,69.06,0.74
REC002001,20,V10,135,3,A6,2800000000.0,-21.864,-83.29,22.78,stressed,False,none,True,True,69.06,1.475
REC002002,20,V10,135,1,A2,2800000000.0,-20.626,-78.336,23.19,stressed,False,none,True,True,69.06,0.557
REC002003,20,V10,135,2,A2,2800000000.0,-21.305,-82.2,22.47,stressed,False,none,True,True,69.06,1.044
REC002004,20,V10,135,3,A2,2800000000.0,-20.991,-79.868,23.29,stressed,False,none,True,True,69.06,0.707
REC002005,20,V10,0,1,A4,2800000000.0,-21.642,-82.473,22.96,stressed,False,none,True,True,69.06,1.262
REC002006,20,V10,0,2,A4,2800000000.0,-21.311,-86.459,23.13,stressed,False,none,True,True,69.06,1.434
REC002007,20,V10,0,3,A4,2800000000.0,-21.585,-85.224,22.28,stressed,False,none,True,True,69.06,1.447
REC002008,20,V10,0,1,A3,2800000000.0,-21.32,-77.205,23.41,stressed,False,none,True,True,69.06,0.664
REC002009,20,V10,0,2,A3,2800000000.0,-21.172,-75.662,22.9,stressed,False,none,True,True,69.06,0.453
REC002010,20,V10,0,3,A3,2800000000.0,-20.993,-82.902,22.75,stressed,False,none,True,True,69.06,1.003
REC002011,20,V10,0,1,A6,2800000000.0,-22.082,-88.73,23.3,stressed,False,none,True,True,69.06,2.024
REC002012,20,V10,0,2,A6,2800000000.0,-22.071,-84.952,22.56,stressed,False,none,True,True,69.06,1.74
REC002013,20,V10,0,3,A6,2800000000.0,-21.94,-77.258,23.54,stressed,False,none,True,True,69.06,1.213
REC002014,20,V10,0,1,A2,2800000000.0,-22.077,-83.111,22.6,stressed,False,none,True,True,69.06,1.624
REC002015,20,V10,0,2,A2,2800000000.0,-21.283,-81.188,22.72,stressed,False,none,True,True,69.06,0.945
REC002016,20,V10,0,3,A2,2800000000.0,-21.557,-83.48,23.39,stressed,False,none,True,True,69.06,1.288
REC002017,20,V10,90,1,A4,2800000000.0,-20.915,-79.039,22.11,stressed,False,none,True,True,69.06,0.609
REC002018,20,V10,90,2,A4,2800000000.0,-21.099,-74.798,23.31,stressed,False,none,True,True,69.06,0.345
REC002019,20,V10,90,3,A4,2800000000.0,-21.633,-81.988,22.55,stressed,False,none,True,True,69.06,1.22
REC002020,20,V10,90,1,A3,2800000000.0,-20.266,-79.815,22.68,stressed,False,none,True,True,69.06,0.863
REC002021,20,V10,90,2,A3,2800000000.0,-20.769,-88.37,22.58,stressed,False,none,True,True,69.06,1.532
REC002022,20,V10,90,3,A3,2800000000.0,-20.768,-78.011,22.33,stressed,False,none,True,True,69.06,0.497
REC002023,20,V10,90,1,A6,2800000000.0,-21.493,-78.519,22.47,stressed,False,none,True,True,69.06,0.881
REC002024,20,V10,90,2,A6,2800000000.0,-21.31,-81.35,23.42,stressed,False,none,True,True,69.06,0.973
REC002025,20,V10,90,3,A6,2800000000.0,-21.448,-82.063,23.17,stressed,False,none,True,True,69.06,1.109
REC002026,20,V10,90,1,A2,2800000000.0,-21.477,-81.711,22.77,stressed,False,none,True,True,69.06,1.098
REC002027,20,V10,90,2,A2,2800000000.0,-21.121,-78.503,23.08,stressed,False,none,True,True,69.06,0.632
REC002028,20,V10,90,3,A2,2800000000.0,-21.304,-80.638,23.36,stressed,False,none,True,True,69.06,0.91
REC002029,20,V10,315,1,A4,2800000000.0,-22.182,-82.32,22.85,stressed,False,none,True,True,69.06,1.662
REC002030,20,V10,315,2,A4,2800000000.0,-21.951,-87.647,23.33,stressed,False,none,True,True,69.06,1.858
REC002031,20,V10,315,3,A4,2800000000.0,-22.165,-79.677,22.72,stressed,False,none,True,True,69.06,1.516
REC002032,20,V10,315,1,A3,2800000000.0,-21.82,-78.616,23.21,stressed,False,none,True,True,69.06,1.16
REC002033,20,V10,315,2,A3,2800000000.0,-21.57,-79.972,22.82,stressed,False,none,True,True,69.06,1.034
REC002034,20,V10,315,3,A3,2800000000.0,-21.635,-84.24,23.18,stressed,False,none,True,True,69.06,1.395
REC002035,20,V10,315,1,A6,2800000000.0,-22.441,-78.8,22.81,stressed,False,none,True,True,69.06,1.737
REC002036,20,V10,315,2,A6,2800000000.0,-22.226,-80.979,22.92,stressed,False,none,True,True,69.06,1.63
REC002037,20,V10,315,3,A6,2800000000.0,-22.322,-83.345,23.18,stressed,False,none,True,True,69.06,1.836
REC002038,20,V10,315,1,A2,2800000000.0,-22.131,-83.134,22.91,stressed,False,none,True,True,69.06,1.668
REC002039,20,V10,315,2,A2,2800000000.0,-21.673,-83.055,23.45,stressed,False,none,True,True,69.06,1.326
REC002040,20,V10,315,3,A2,2800000000.0,-21.98,-83.468,22.86,stressed,False,none,True,True,69.06,1.573
REC002041,21,V01,315,1,A1,2800000000.0,-14.965,56.404,24.36,control,False,displaced,True,False,73.585,3.848
REC002042,21,V01,225,2,A6,2800000000.0,-4.37,29.883,23.82,control,False,displaced,True,False,73.585,8.174
REC002043,21,V01,180,3,A3,2800000000.0,-11.43,47.497,23.55,control,False,displaced,True,True,73.585,2.369
REC002044,21,V01,0,4,A6,2800000000.0,-15.979,35.025,23.8,control,False,displaced,True,False,73.585,3.544
REC002045,21,V01,90,5,A1,2800000000.0,-9.87,52.391,23.87,control,False,displaced,True,False,73.585,3.714
REC002046,21,V01,315,1,A3,2800000000.0,-10.387,96.802,23.86,control,False,displaced,False,False,73.585,7.347
REC002047,21,V01,0,2,A4,2800000000.0,-7.431,-22.407,24.07,control,False,displaced,False,False,73.585,7.074
REC002048,21,V01,225,3,A6,2800000000.0,-11.587,-10.141,24.27,control,False,displaced,False,False,73.585,3.79
REC002049,21,V01,0,4,A5,2800000000.0,-14.939,61.628,23.93,control,False,displaced,False,False,73.585,4.251
REC002050,21,V01,90,5,A5,2800000000.0,-18.329,25.231,24.19,control,False,displaced,False,False,73.585,5.793
REC002051,22,V01,90,1,A5,2800000000.0,-4.761,102.276,21.05,control,False,loosened,True,False,74.628,10.854
REC002052,22,V01,270,2,A3,2800000000.0,-8.031,76.273,21.6,control,False,loosened,True,False,74.628,6.71
REC002053,22,V01,90,3,A3,2800000000.0,-10.025,44.613,21.3,control,False,loosened,True,False,74.628,3.094
REC002054,22,V01,270,4,A5,2800000000.0,-10.542,37.744,21.66,control,False,loosened,True,True,74.628,2.288
REC002055,22,V01,90,5,A6,2800000000.0,-5.203,56.761,22.01,control,False,loosened,True,False,74.628,7.932
REC002056,22,V01,0,1,A1,2800000000.0,-18.617,0.334,21.69,control,False,loosened,False,False,74.628,6.621
REC002057,22,V01,0,2,A2,2800000000.0,-10.988,31.072,21.76,control,False,loosened,False,True,74.628,1.614
REC002058,22,V01,90,3,A1,2800000000.0,-8.466,50.269,21.77,control,False,loosened,False,False,74.628,4.712
REC002059,22,V01,45,4,A5,2800000000.0,0.677,35.843,22.04,control,False,loosened,False,False,74.628,13.247
REC002060,22,V01,90,5,A2,2800000000.0,-3.667,34.264,21.9,control,False,loosened,False,False,74.628,8.904
REC002061,23,V01,90,1,A1,2800000000.0,-12.644,82.052,26.7,control,False,interference,True,False,74.139,5.551
REC002062,23,V01,270,2,A1,2800000000.0,-0.837,29.449,27.03,control,False,interference,True,False,74.139,11.704
REC002063,23,V01,315,3,A5,2800000000.0,-8.008,42.394,26.98,control,False,interference,True,False,74.139,4.799
REC002064,23,V01,0,4,A6,2800000000.0,-17.846,54.317,27.62,control,False,interference,True,False,74.139,5.991
REC002065,23,V01,90,5,A2,2800000000.0,-8.966,37.969,26.58,control,False,interference,True,False,74.139,3.749
REC002066,23,V01,225,1,A1,2800000000.0,-13.045,74.073,26.62,control,False,interference,False,False,74.139,4.779
REC002067,23,V01,180,2,A6,2800000000.0,-16.292,43.19,26.58,control,False,interference,False,False,74.139,4.107
REC002068,23,V01,270,3,A6,2800000000.0,-13.216,8.787,26.8,control,False,interference,False,True,74.139,1.902
REC002069,23,V01,45,4,A4,2800000000.0,-15.809,32.893,26.52,control,False,interference,False,False,74.139,3.332
REC002070,23,V01,315,5,A4,2800000000.0,-1.914,36.318,26.99,control,False,interference,False,False,74.139,10.668
REC002071,24,V02,90,1,A4,2800000000.0,-18.598,-132.869,27.14,stressed,False,displaced,True,False,67.896,6.054
REC002072,24,V02,315,2,A2,2800000000.0,-25.246,-71.139,26.87,stressed,False,displaced,True,False,67.896,3.949
REC002073,24,V02,135,3,A1,2800000000.0,-19.365,-70.513,26.95,stressed,False,displaced,True,True,67.896,2.188
REC002074,24,V02,90,4,A1,2800000000.0,-22.869,-66.219,27.25,stressed,False,displaced,True,True,67.896,1.97
REC002075,24,V02,225,5,A1,2800000000.0,-20.395,-98.413,26.67,stressed,False,displaced,True,True,67.896,2.168
REC002076,24,V02,90,1,A2,2800000000.0,-22.468,-103.843,26.65,stressed,False,displaced,False,True,67.896,2.705
REC002077,24,V02,180,2,A4,2800000000.0,-24.902,-88.18,26.79,stressed,False,displaced,False,False,67.896,3.64
REC002078,24,V02,225,3,A4,2800000000.0,-11.091,-73.822,26.98,stressed,False,displaced,False,False,67.896,10.3
REC002079,24,V02,0,4,A3,2800000000.0,-32.853,-135.31,26.75,stressed,False,displaced,False,False,67.896,12.779
REC002080,24,V02,0,5,A1,2800000000.0,-25.148,-127.271,26.66,stressed,False,displaced,False,False,67.896,6.118
REC002081,25,V02,180,1,A4,2800000000.0,-23.766,-81.278,27.23,stressed,False,loosened,True,True,69.897,2.398
REC002082,25,V02,90,2,A3,2800000000.0,-19.444,-110.912,26.91,stressed,False,loosened,True,False,69.897,3.724
REC002083,25,V02,225,3,A5,2800000000.0,-13.568,-19.259,27.76,stressed,False,loosened,True,False,69.897,9.838
REC002084,25,V02,45,4,A2,2800000000.0,-21.999,-55.145,26.73,stressed,False,loosened,True,True,69.897,2.474
REC002085,25,V02,315,5,A6,2800000000.0,-18.687,-68.676,26.35,stressed,False,loosened,True,True,69.897,2.885
REC002086,25,V02,0,1,A5,2800000000.0,-17.877,-58.641,27.24,stressed,False,loosened,False,False,69.897,4.054
REC002087,25,V02,135,2,A3,2800000000.0,-18.482,-32.449,27.2,stressed,False,loosened,False,False,69.897,5.49
REC002088,25,V02,0,3,A2,2800000000.0,-20.676,-76.147,27.27,stressed,False,loosened,False,True,69.897,0.761
REC002089,25,V02,90,4,A4,2800000000.0,-25.698,-85.262,26.85,stressed,False,loosened,False,False,69.897,4.364
REC002090,25,V02,135,5,A4,2800000000.0,-16.622,-32.957,26.79,stressed,False,loosened,False,False,69.897,6.626
REC002091,26,V02,135,1,A6,2800000000.0,-21.506,-101.741,24.33,stressed,False,interference,True,True,69.482,2.269
REC002092,26,V02,0,2,A3,2800000000.0,-18.093,-78.151,24.28,stressed,False,interference,True,False,69.482,3.286
REC002093,26,V02,90,3,A2,2800000000.0,-17.631,-86.934,24.79,stressed,False,interference,True,False,69.482,3.828
REC002094,26,V02,45,4,A5,2800000000.0,-21.589,-104.826,24.2,stressed,False,interference,True,True,69.482,2.582
REC002095,26,V02,135,5,A2,2800000000.0,-21.928,-76.08,24.59,stressed,False,interference,True,True,69.482,0.627
REC002096,26,V02,90,1,A1,2800000000.0,-30.463,-80.639,24.46,stressed,False,interference,False,False,69.482,9.087
REC002097,26,V02,135,2,A2,2800000000.0,-15.903,-64.698,24.22,stressed,False,interference,False,False,69.482,5.661
REC002098,26,V02,90,3,A6,2800000000.0,-16.49,-35.92,24.23,stressed,False,interference,False,False,69.482,6.521
REC002099,26,V02,315,4,A5,2800000000.0,-25.901,-40.928,24.68,stressed,False,interference,False,False,69.482,5.918
REC002100,26,V02,90,5,A3,2800000000.0,-16.745,-104.377,24.37,stressed,False,interference,False,False,69.482,5.278
REC002101,27,V03,0,1,A4,2800000000.0,-12.256,40.839,23.2,control,False,displaced,True,True,74.249,2.078
REC002102,27,V03,90,2,A1,2800000000.0,-5.156,28.637,22.65,control,False,displaced,True,False,74.249,7.816
REC002103,27,V03,45,3,A6,2800000000.0,-14.259,41.01,22.85,control,False,displaced,True,True,74.249,2.382
REC002104,27,V03,180,4,A5,2800000000.0,-9.367,32.073,22.56,control,False,displaced,True,False,74.249,3.731
REC002105,27,V03,90,5,A3,2800000000.0,-12.586,47.413,22.92,control,False,displaced,True,True,74.249,2.644
REC002106,27,V03,225,1,A3,2800000000.0,-14.524,14.46,22.52,control,False,displaced,False,True,74.249,1.725
REC002107,27,V03,225,2,A4,2800000000.0,-16.618,0.543,22.94,control,False,displaced,False,False,74.249,4.222
REC002108,27,V03,90,3,A4,2800000000.0,-8.837,74.578,22.58,control,False,displaced,False,False,74.249,6.73
REC002109,27,V03,225,4,A1,2800000000.0,-1.399,97.451,21.88,control,False,displaced,False,False,74.249,13.829
REC002110,27,V03,0,5,A2,2800000000.0,-13.209,62.487,22.66,control,False,displaced,False,False,74.249,4.137
REC002111,28,V03,225,1,A5,2800000000.0,-2.283,13.641,26.84,control,False,loosened,True,False,73.931,10.68
REC002112,28,V03,0,2,A3,2800000000.0,-9.074,1.706,26.47,control,False,loosened,True,False,73.931,4.327
REC002113,28,V03,135,3,A3,2800000000.0,-7.768,2.73,27.33,control,False,loosened,True,False,73.931,5.489
REC002114,28,V03,45,4,A1,2800000000.0,-17.718,52.463,26.73,control,False,loosened,True,False,73.931,5.713
REC002115,28,V03,90,5,A3,2800000000.0,-13.35,57.692,26.65,control,False,loosened,True,False,73.931,3.672
REC002116,28,V03,135,1,A4,2800000000.0,-16.964,40.375,26.74,control,False,loosened,False,False,73.931,4.46
REC002117,28,V03,315,2,A2,2800000000.0,-5.698,29.018,26.94,control,False,loosened,False,False,73.931,7.281
REC002118,28,V03,0,3,A5,2800000000.0,-14.023,38.148,26.31,control,False,loosened,False,True,73.931,2.013
REC002119,28,V03,135,4,A4,2800000000.0,-13.955,3.998,27.02,control,False,loosened,False,True,73.931,1.999
REC002120,28,V03,0,5,A1,2800000000.0,-2.348,-8.968,27.16,control,False,loosened,False,False,73.931,11.01
REC002121,29,V03,270,1,A2,2800000000.0,-3.06,60.052,23.51,control,False,interference,True,False,73.868,10.613
REC002122,29,V03,225,2,A3,2800000000.0,-16.92,73.54,23.85,control,False,interference,True,False,73.868,6.577
REC002123,29,V03,0,3,A4,2800000000.0,-12.134,26.074,23.9,control,False,interference,True,True,73.868,0.939
REC002124,29,V03,135,4,A4,2800000000.0,-12.171,48.051,23.55,control,False,interference,True,True,73.868,2.792
REC002125,29,V03,0,5,A6,2800000000.0,-7.325,27.766,23.6,control,False,interference,True,False,73.868,5.65
REC002126,29,V03,0,1,A5,2800000000.0,-2.41,30.732,24.22,control,False,interference,False,False,73.868,10.57
REC002127,29,V03,315,2,A3,2800000000.0,-12.314,31.728,23.34,control,False,interference,False,True,73.868,1.223
REC002128,29,V03,315,3,A5,2800000000.0,-18.422,71.753,24.04,control,False,interference,False,False,73.868,7.459
REC002129,29,V03,315,4,A4,2800000000.0,-14.494,9.592,23.16,control,False,interference,False,True,73.868,1.943
REC002130,29,V03,45,5,A6,2800000000.0,-8.626,22.276,23.8,control,False,interference,False,False,73.868,4.312
REC002131,30,V04,180,1,A4,2800000000.0,-28.554,-31.406,23.81,stressed,False,displaced,True,False,69.539,8.64
REC002132,30,V04,90,2,A4,2800000000.0,-16.804,-79.038,24.28,stressed,False,displaced,True,False,69.539,4.657
REC002133,30,V04,225,3,A6,2800000000.0,-19.294,-84.489,23.97,stressed,False,displaced,True,True,69.539,2.197
REC002134,30,V04,45,4,A4,2800000000.0,-22.895,-71.098,23.99,stressed,False,displaced,True,True,69.539,1.728
REC002135,30,V04,270,5,A6,2800000000.0,-9.732,-48.6,24.04,stressed,False,displaced,True,False,69.539,12.158
REC002136,30,V04,315,1,A6,2800000000.0,-23.866,-113.906,23.88,stressed,False,displaced,False,False,69.539,4.101
REC002137,30,V04,0,2,A6,2800000000.0,-18.648,-74.117,24.06,stressed,False,displaced,False,True,69.539,2.886
REC002138,30,V04,180,3,A1,2800000000.0,-11.336,-90.632,24.18,stressed,False,displaced,False,False,69.539,10.171
REC002139,30,V04,180,4,A3,2800000000.0,-22.516,-135.714,23.04,stressed,False,displaced,False,False,69.539,5.602
REC002140,30,V04,270,5,A3,2800000000.0,-21.14,-98.715,23.83,stressed,False,displaced,False,True,69.539,1.829
REC002141,31,V04,90,1,A2,2800000000.0,-20.491,-115.441,20.47,stressed,False,loosened,True,False,68.896,3.606
REC002142,31,V04,90,2,A6,2800000000.0,-24.724,-80.386,19.57,stressed,False,loosened,True,False,68.896,3.266
REC002143,31,V04,315,3,A6,2800000000.0,-23.599,-87.137,19.64,stressed,False,loosened,True,True,68.896,2.235
REC002144,31,V04,90,4,A2,2800000000.0,-21.366,-82.93,19.49,stressed,False,loosened,True,True,68.896,0.241
REC002145,31,V04,315,5,A1,2800000000.0,-23.147,-83.783,19.97,stressed,False,loosened,True,True,68.896,1.717
REC002146,31,V04,45,1,A1,2800000000.0,-26.822,-91.674,19.59,stressed,False,loosened,False,False,68.896,5.475
REC002147,31,V04,0,2,A5,2800000000.0,-21.175,-118.142,19.7,stressed,False,loosened,False,False,68.896,3.754
REC002148,31,V04,270,3,A2,2800000000.0,-26.094,-70.774,19.76,stressed,False,loosened,False,False,68.896,4.741
REC002149,31,V04,135,4,A5,2800000000.0,-21.298,-26.481,20.2,stressed,False,loosened,False,False,68.896,5.425
REC002150,31,V04,0,5,A2,2800000000.0,-29.551,-100.149,19.94,stressed,False,loosened,False,False,68.896,8.323
REC002151,32,V04,180,1,A3,2800000000.0,-21.979,-54.914,24.72,stressed,False,interference,True,True,69.3,2.631
REC002152,32,V04,270,2,A4,2800000000.0,-25.789,-72.851,24.31,stressed,False,interference,True,False,69.3,4.401
REC002153,32,V04,45,3,A3,2800000000.0,-13.806,-86.46,24.52,stressed,False,interference,True,False,69.3,7.674
REC002154,32,V04,270,4,A5,2800000000.0,-25.511,-127.642,24.56,stressed,False,interference,True,False,69.3,6.201
REC002155,32,V04,270,5,A3,2800000000.0,-12.081,-55.21,25.15,stressed,False,interference,True,False,69.3,9.718
REC002156,32,V04,315,1,A2,2800000000.0,-15.884,-53.287,24.67,stressed,False,interference,False,False,69.3,6.212
REC002157,32,V04,315,2,A1,2800000000.0,-25.156,-79.913,24.03,stressed,False,interference,False,False,69.3,3.699
REC002158,32,V04,90,3,A5,2800000000.0,-13.077,-65.918,25.17,stressed,False,interference,False,False,69.3,8.511
REC002159,32,V04,270,4,A6,2800000000.0,-20.134,-38.903,24.38,stressed,False,interference,False,False,69.3,4.385
REC002160,32,V04,45,5,A4,2800000000.0,-17.51,-67.881,25.32,stressed,False,interference,False,False,69.3,4.151
REC002161,33,V05,135,1,A2,2800000000.0,-15.332,59.582,25.66,control,False,displaced,True,False,74.644,4.306
REC002162,33,V05,0,2,A6,2800000000.0,-13.55,56.231,25.91,control,False,displaced,True,True,74.644,2.744
REC002163,33,V05,45,3,A4,2800000000.0,-11.4,29.801,26.01,control,False,displaced,True,True,74.644,0.666
REC002164,33,V05,90,4,A1,2800000000.0,-13.946,45.085,25.76,control,False,displaced,True,True,74.644,2.38
REC002165,33,V05,135,5,A5,2800000000.0,-11.91,44.029,25.55,control,False,displaced,True,True,74.644,0.884
REC002166,33,V05,90,1,A1,2800000000.0,-9.273,35.233,26.43,control,False,displaced,False,True,74.644,2.504
REC002167,33,V05,135,2,A5,2800000000.0,-9.381,83.811,25.81,control,False,displaced,False,False,74.644,5.412
REC002168,33,V05,0,3,A3,2800000000.0,-3.705,83.85,26.05,control,False,displaced,False,False,74.644,9.42
REC002169,33,V05,180,4,A4,2800000000.0,-1.859,53.373,25.87,control,False,displaced,False,False,74.644,10.082
REC002170,33,V05,315,5,A4,2800000000.0,-15.23,80.369,25.6,control,False,displaced,False,False,74.644,5.679
REC002171,34,V05,90,1,A2,2800000000.0,-8.669,62.053,22.14,control,False,loosened,True,False,74.46,4.102
REC002172,34,V05,225,2,A1,2800000000.0,-2.03,61.45,22.52,control,False,loosened,True,False,74.46,10.092
REC002173,34,V05,270,3,A2,2800000000.0,-14.393,92.264,21.93,control,False,loosened,True,False,74.46,6.269
REC002174,34,V05,270,4,A3,2800000000.0,-13.052,87.394,22.06,control,False,loosened,True,False,74.46,5.364
REC002175,34,V05,0,5,A3,2800000000.0,-9.676,52.376,22.21,control,False,loosened,True,True,74.46,2.708
REC002176,34,V05,180,1,A4,2800000000.0,-22.159,65.82,21.83,control,False,loosened,False,False,74.46,10.822
REC002177,34,V05,90,2,A3,2800000000.0,-5.283,48.347,22.19,control,False,loosened,False,False,74.46,6.624
REC002178,34,V05,315,3,A4,2800000000.0,-14.336,65.702,21.91,control,False,loosened,False,False,74.46,3.975
REC002179,34,V05,90,4,A6,2800000000.0,-13.819,58.797,22.3,control,False,loosened,False,False,74.46,3.114
REC002180,34,V05,270,5,A5,2800000000.0,-9.095,77.509,21.53,control,False,loosened,False,False,74.46,5.002
REC002181,35,V05,225,1,A1,2800000000.0,-9.545,61.51,25.2,control,False,interference,True,False,74.413,3.444
REC002182,35,V05,90,2,A4,2800000000.0,-9.147,13.549,25.0,control,False,interference,True,False,74.413,3.412
REC002183,35,V05,180,3,A4,2800000000.0,-18.265,60.505,25.08,control,False,interference,True,False,74.413,6.961
REC002184,35,V05,45,4,A3,2800000000.0,-8.134,36.652,24.79,control,False,interference,True,False,74.413,3.646
REC002185,35,V05,0,5,A1,2800000000.0,-10.296,41.691,24.9,control,False,interference,True,True,74.413,1.613
REC002186,35,V05,0,1,A3,2800000000.0,-13.212,125.937,25.16,control,False,interference,False,False,74.413,9.178
REC002187,35,V05,0,2,A3,2800000000.0,-6.377,37.898,24.9,control,False,interference,False,False,74.413,5.406
REC002188,35,V05,270,3,A5,2800000000.0,-8.73,37.71,25.21,control,False,interference,False,False,74.413,3.057
REC002189,35,V05,180,4,A2,2800000000.0,-6.282,57.607,25.11,control,False,interference,False,False,74.413,5.931
REC002190,35,V05,45,5,A4,2800000000.0,-9.791,36.437,25.13,control,False,interference,False,True,74.413,1.989
REC002191,36,V06,90,1,A2,2800000000.0,-9.968,-66.508,26.12,stressed,False,displaced,True,False,69.964,10.319
REC002192,36,V06,0,2,A1,2800000000.0,-12.988,-44.617,26.11,stressed,False,displaced,True,False,69.964,7.632
REC002193,36,V06,270,3,A5,2800000000.0,-18.259,-72.458,26.22,stressed,False,displaced,True,True,69.964,2.103
REC002194,36,V06,225,4,A6,2800000000.0,-16.694,-86.081,25.97,stressed,False,displaced,True,False,69.964,4.073
REC002195,36,V06,135,5,A6,2800000000.0,-24.885,-74.578,26.52,stressed,False,displaced,True,False,69.964,4.662
REC002196,36,V06,90,1,A4,2800000000.0,-15.163,-41.227,26.37,stressed,False,displaced,False,False,69.964,5.731
REC002197,36,V06,180,2,A3,2800000000.0,-24.124,-30.184,26.37,stressed,False,displaced,False,False,69.964,5.311
REC002198,36,V06,135,3,A4,2800000000.0,-25.047,-56.111,26.02,stressed,False,displaced,False,False,69.964,4.881
REC002199,36,V06,45,4,A2,2800000000.0,-21.419,-65.971,25.88,stressed,False,displaced,False,True,69.964,1.136
REC002200,36,V06,180,5,A6,2800000000.0,-20.362,-44.484,26.09,stressed,False,displaced,False,True,69.964,2.243
REC002201,37,V06,0,1,A6,2800000000.0,-16.11,-81.63,24.11,stressed,False,loosened,True,False,69.568,4.429
REC002202,37,V06,225,2,A1,2800000000.0,-15.267,-27.756,23.81,stressed,False,loosened,True,False,69.568,6.366
REC002203,37,V06,225,3,A3,2800000000.0,-26.014,-57.262,23.09,stressed,False,loosened,True,False,69.568,5.808
REC002204,37,V06,45,4,A5,2800000000.0,-17.635,-49.925,23.64,stressed,False,loosened,True,False,69.568,3.149
REC002205,37,V06,315,5,A5,2800000000.0,-21.265,-70.409,23.7,stressed,False,loosened,True,True,69.568,1.039
REC002206,37,V06,315,1,A1,2800000000.0,-26.339,-64.57,24.15,stressed,False,loosened,False,False,69.568,6.056
REC002207,37,V06,270,2,A5,2800000000.0,-18.783,-82.19,23.98,stressed,False,loosened,False,True,69.568,2.145
REC002208,37,V06,180,3,A2,2800000000.0,-16.761,-104.182,23.93,stressed,False,loosened,False,False,69.568,5.131
REC002209,37,V06,180,4,A5,2800000000.0,-21.706,-81.375,24.14,stressed,False,loosened,False,True,69.568,2.027
REC002210,37,V06,225,5,A1,2800000000.0,-20.837,-105.857,23.96,stressed,False,loosened,False,False,69.568,3.934
REC002211,38,V06,90,1,A2,2800000000.0,-21.992,-47.329,25.59,stressed,False,interference,True,True,70.424,2.596
REC002212,38,V06,0,2,A3,2800000000.0,-20.296,-49.277,25.49,stressed,False,interference,True,True,70.424,1.763
REC002213,38,V06,45,3,A5,2800000000.0,-18.971,-50.903,25.34,stressed,False,interference,True,True,70.424,2.072
REC002214,38,V06,45,4,A1,2800000000.0,-20.443,-72.213,25.96,stressed,False,interference,True,True,70.424,0.553
REC002215,38,V06,225,5,A4,2800000000.0,-19.232,-81.864,25.42,stressed,False,interference,True,True,70.424,1.831
REC002216,38,V06,90,1,A3,2800000000.0,-24.375,-19.908,25.72,stressed,False,interference,False,False,70.424,6.229
REC002217,38,V06,0,2,A4,2800000000.0,-20.7,-73.238,25.81,stressed,False,interference,False,True,70.424,0.756
REC002218,38,V06,270,3,A4,2800000000.0,-8.739,-55.341,25.87,stressed,False,interference,False,False,70.424,11.606
REC002219,38,V06,180,4,A3,2800000000.0,-24.624,-82.03,25.67,stressed,False,interference,False,False,70.424,4.593
REC002220,38,V06,225,5,A5,2800000000.0,-28.177,-15.695,25.36,stressed,False,interference,False,False,70.424,9.406
